v -3.030303030303e-02 0.000000000000e+00 -5.151515151515e-01
v -5.050505050505e-02 0.000000000000e+00 -5.555555555556e-01
v -3.030303030303e-02 0.000000000000e+00 -5.555555555556e-01
v -9.090909090909e-02 0.000000000000e+00 -5.151515151515e-01
v -3.030303030303e-02 0.000000000000e+00 -5.353535353535e-01
v -7.070707070707e-02 0.000000000000e+00 -5.555555555556e-01
v -5.050505050505e-02 0.000000000000e+00 -5.353535353535e-01
v -5.050505050505e-02 0.000000000000e+00 -5.151515151515e-01
v -3.030303030303e-02 0.000000000000e+00 -4.949494949495e-01
v -7.070707070707e-02 0.000000000000e+00 -4.949494949495e-01
v -7.070707070707e-02 0.000000000000e+00 -5.353535353535e-01
v -5.050505050505e-02 0.000000000000e+00 -4.949494949495e-01
v -9.090909090909e-02 0.000000000000e+00 -4.949494949495e-01
v -7.070707070707e-02 0.000000000000e+00 -5.151515151515e-01
v -1.010101010101e-02 0.000000000000e+00 -5.959595959596e-01
v 1.010101010101e-02 0.000000000000e+00 -4.949494949495e-01
v -1.010101010101e-02 0.000000000000e+00 -4.949494949495e-01
v 3.030303030303e-02 0.000000000000e+00 -4.949494949495e-01
v -1.010101010101e-02 0.000000000000e+00 -5.353535353535e-01
v 1.010101010101e-02 0.000000000000e+00 -5.959595959596e-01
v 1.010101010101e-02 0.000000000000e+00 -5.151515151515e-01
v 1.010101010101e-02 0.000000000000e+00 -5.757575757576e-01
v -1.010101010101e-02 0.000000000000e+00 -5.555555555556e-01
v -1.010101010101e-02 0.000000000000e+00 -5.757575757576e-01
v 1.010101010101e-02 0.000000000000e+00 -5.555555555556e-01
v 1.010101010101e-02 0.000000000000e+00 -5.353535353535e-01
v -1.010101010101e-02 0.000000000000e+00 -5.151515151515e-01
v 3.030303030303e-02 0.000000000000e+00 -4.747474747475e-01
v 1.010101010101e-02 0.000000000000e+00 -4.747474747475e-01
v -5.050505050505e-02 0.000000000000e+00 -5.757575757576e-01
v -3.030303030303e-02 0.000000000000e+00 -5.959595959596e-01
v -1.010101010101e-02 0.000000000000e+00 -6.363636363636e-01
v -5.050505050505e-02 0.000000000000e+00 -6.161616161616e-01
v -1.010101010101e-02 0.000000000000e+00 -6.161616161616e-01
v -7.070707070707e-02 0.000000000000e+00 -6.363636363636e-01
v -7.070707070707e-02 0.000000000000e+00 -5.959595959596e-01
v -7.070707070707e-02 0.000000000000e+00 -6.161616161616e-01
v -3.030303030303e-02 0.000000000000e+00 -6.363636363636e-01
v 1.010101010101e-02 0.000000000000e+00 -6.363636363636e-01
v -5.050505050505e-02 0.000000000000e+00 -6.363636363636e-01
v -7.070707070707e-02 0.000000000000e+00 -5.757575757576e-01
v -3.030303030303e-02 0.000000000000e+00 -5.757575757576e-01
v -3.030303030303e-02 0.000000000000e+00 -6.161616161616e-01
v 1.010101010101e-02 0.000000000000e+00 -6.161616161616e-01
v -5.050505050505e-02 0.000000000000e+00 -5.959595959596e-01
v -1.111111111111e-01 0.000000000000e+00 -6.363636363636e-01
v -1.313131313131e-01 0.000000000000e+00 -6.161616161616e-01
v -9.090909090909e-02 0.000000000000e+00 -6.363636363636e-01
v -1.313131313131e-01 0.000000000000e+00 -5.959595959596e-01
v -1.111111111111e-01 0.000000000000e+00 -5.757575757576e-01
v -1.313131313131e-01 0.000000000000e+00 -6.363636363636e-01
v -1.111111111111e-01 0.000000000000e+00 -6.161616161616e-01
v -9.090909090909e-02 0.000000000000e+00 -5.959595959596e-01
v -9.090909090909e-02 0.000000000000e+00 -6.161616161616e-01
v -1.515151515152e-01 0.000000000000e+00 -5.959595959596e-01
v -1.111111111111e-01 0.000000000000e+00 -5.959595959596e-01
v -9.090909090909e-02 0.000000000000e+00 -5.757575757576e-01
v -1.515151515152e-01 0.000000000000e+00 -5.757575757576e-01
v -1.313131313131e-01 0.000000000000e+00 -5.757575757576e-01
v -1.515151515152e-01 0.000000000000e+00 -6.363636363636e-01
v -1.515151515152e-01 0.000000000000e+00 -6.161616161616e-01
v -1.313131313131e-01 0.000000000000e+00 -5.353535353535e-01
v -9.090909090909e-02 0.000000000000e+00 -5.353535353535e-01
v -1.313131313131e-01 0.000000000000e+00 -4.949494949495e-01
v -1.111111111111e-01 0.000000000000e+00 -4.949494949495e-01
v -1.111111111111e-01 0.000000000000e+00 -5.353535353535e-01
v -1.313131313131e-01 0.000000000000e+00 -5.555555555556e-01
v -1.515151515152e-01 0.000000000000e+00 -5.555555555556e-01
v -1.515151515152e-01 0.000000000000e+00 -5.151515151515e-01
v -1.515151515152e-01 0.000000000000e+00 -5.353535353535e-01
v -1.313131313131e-01 0.000000000000e+00 -5.151515151515e-01
v -1.111111111111e-01 0.000000000000e+00 -5.151515151515e-01
v -1.515151515152e-01 0.000000000000e+00 -4.949494949495e-01
v -9.090909090909e-02 0.000000000000e+00 -5.555555555556e-01
v -1.111111111111e-01 0.000000000000e+00 -5.555555555556e-01
v 1.010101010101e-02 0.000000000000e+00 -4.141414141414e-01
v 1.010101010101e-02 0.000000000000e+00 -4.343434343434e-01
v 3.030303030303e-02 0.000000000000e+00 -4.343434343434e-01
v 3.030303030303e-02 0.000000000000e+00 -3.737373737374e-01
v -1.010101010101e-02 0.000000000000e+00 -3.737373737374e-01
v 1.010101010101e-02 0.000000000000e+00 -3.939393939394e-01
v 3.030303030303e-02 0.000000000000e+00 -3.939393939394e-01
v -3.030303030303e-02 0.000000000000e+00 -3.737373737374e-01
v 1.010101010101e-02 0.000000000000e+00 -4.545454545455e-01
v -1.010101010101e-02 0.000000000000e+00 -4.141414141414e-01
v 3.030303030303e-02 0.000000000000e+00 -4.545454545455e-01
v -1.010101010101e-02 0.000000000000e+00 -3.939393939394e-01
v 3.030303030303e-02 0.000000000000e+00 -4.141414141414e-01
v -3.030303030303e-02 0.000000000000e+00 -3.939393939394e-01
v 1.010101010101e-02 0.000000000000e+00 -3.737373737374e-01
v -1.010101010101e-02 0.000000000000e+00 -3.535353535354e-01
v 1.010101010101e-02 0.000000000000e+00 -3.535353535354e-01
v -5.050505050505e-02 0.000000000000e+00 -3.131313131313e-01
v 3.030303030303e-02 0.000000000000e+00 -3.535353535354e-01
v -5.050505050505e-02 0.000000000000e+00 -3.535353535354e-01
v 1.010101010101e-02 0.000000000000e+00 -3.333333333333e-01
v -3.030303030303e-02 0.000000000000e+00 -3.535353535354e-01
v -5.050505050505e-02 0.000000000000e+00 -3.333333333333e-01
v -3.030303030303e-02 0.000000000000e+00 -3.131313131313e-01
v -1.010101010101e-02 0.000000000000e+00 -3.131313131313e-01
v 1.010101010101e-02 0.000000000000e+00 -3.131313131313e-01
v 3.030303030303e-02 0.000000000000e+00 -3.131313131313e-01
v -3.030303030303e-02 0.000000000000e+00 -3.333333333333e-01
v 3.030303030303e-02 0.000000000000e+00 -3.333333333333e-01
v -1.010101010101e-02 0.000000000000e+00 -3.333333333333e-01
v -1.010101010101e-02 0.000000000000e+00 -4.343434343434e-01
v -5.050505050505e-02 0.000000000000e+00 -4.141414141414e-01
v -3.030303030303e-02 0.000000000000e+00 -4.141414141414e-01
v -1.010101010101e-02 0.000000000000e+00 -4.747474747475e-01
v -3.030303030303e-02 0.000000000000e+00 -4.545454545455e-01
v -7.070707070707e-02 0.000000000000e+00 -4.545454545455e-01
v -7.070707070707e-02 0.000000000000e+00 -4.747474747475e-01
v -7.070707070707e-02 0.000000000000e+00 -4.343434343434e-01
v -1.010101010101e-02 0.000000000000e+00 -4.545454545455e-01
v -7.070707070707e-02 0.000000000000e+00 -4.141414141414e-01
v -5.050505050505e-02 0.000000000000e+00 -4.545454545455e-01
v -5.050505050505e-02 0.000000000000e+00 -4.747474747475e-01
v -3.030303030303e-02 0.000000000000e+00 -4.747474747475e-01
v -3.030303030303e-02 0.000000000000e+00 -4.343434343434e-01
v -5.050505050505e-02 0.000000000000e+00 -4.343434343434e-01
v -5.050505050505e-02 0.000000000000e+00 -3.939393939394e-01
v -7.070707070707e-02 0.000000000000e+00 -3.737373737374e-01
v -7.070707070707e-02 0.000000000000e+00 -3.535353535354e-01
v -9.090909090909e-02 0.000000000000e+00 -3.535353535354e-01
v -1.111111111111e-01 0.000000000000e+00 -3.535353535354e-01
v -1.111111111111e-01 0.000000000000e+00 -4.141414141414e-01
v -1.313131313131e-01 0.000000000000e+00 -3.737373737374e-01
v -1.111111111111e-01 0.000000000000e+00 -3.737373737374e-01
v -9.090909090909e-02 0.000000000000e+00 -3.737373737374e-01
v -9.090909090909e-02 0.000000000000e+00 -4.141414141414e-01
v -5.050505050505e-02 0.000000000000e+00 -3.737373737374e-01
v -1.313131313131e-01 0.000000000000e+00 -3.939393939394e-01
v -1.111111111111e-01 0.000000000000e+00 -3.939393939394e-01
v -9.090909090909e-02 0.000000000000e+00 -3.939393939394e-01
v -7.070707070707e-02 0.000000000000e+00 -3.939393939394e-01
v -1.111111111111e-01 0.000000000000e+00 -4.343434343434e-01
v -1.515151515152e-01 0.000000000000e+00 -4.141414141414e-01
v -9.090909090909e-02 0.000000000000e+00 -4.545454545455e-01
v -1.515151515152e-01 0.000000000000e+00 -4.343434343434e-01
v -1.717171717172e-01 0.000000000000e+00 -4.545454545455e-01
v -1.515151515152e-01 0.000000000000e+00 -4.747474747475e-01
v -1.313131313131e-01 0.000000000000e+00 -4.343434343434e-01
v -1.717171717172e-01 0.000000000000e+00 -4.747474747475e-01
v -9.090909090909e-02 0.000000000000e+00 -4.343434343434e-01
v -1.515151515152e-01 0.000000000000e+00 -4.545454545455e-01
v -1.111111111111e-01 0.000000000000e+00 -4.747474747475e-01
v -9.090909090909e-02 0.000000000000e+00 -4.747474747475e-01
v -1.313131313131e-01 0.000000000000e+00 -4.747474747475e-01
v -1.111111111111e-01 0.000000000000e+00 -4.545454545455e-01
v -1.313131313131e-01 0.000000000000e+00 -4.141414141414e-01
v -1.313131313131e-01 0.000000000000e+00 -4.545454545455e-01
v -2.929292929293e-01 0.000000000000e+00 -4.747474747475e-01
v -3.333333333333e-01 0.000000000000e+00 -4.747474747475e-01
v -2.929292929293e-01 0.000000000000e+00 -4.545454545455e-01
v -3.333333333333e-01 0.000000000000e+00 -4.545454545455e-01
v -3.131313131313e-01 0.000000000000e+00 -4.747474747475e-01
v -3.535353535354e-01 0.000000000000e+00 -4.545454545455e-01
v -3.131313131313e-01 0.000000000000e+00 -4.343434343434e-01
v -3.333333333333e-01 0.000000000000e+00 -4.343434343434e-01
v -3.131313131313e-01 0.000000000000e+00 -4.545454545455e-01
v -3.535353535354e-01 0.000000000000e+00 -4.747474747475e-01
v -3.535353535354e-01 0.000000000000e+00 -4.949494949495e-01
v -3.333333333333e-01 0.000000000000e+00 -5.151515151515e-01
v -2.929292929293e-01 0.000000000000e+00 -4.343434343434e-01
v -3.131313131313e-01 0.000000000000e+00 -4.949494949495e-01
v -3.333333333333e-01 0.000000000000e+00 -4.949494949495e-01
v -3.131313131313e-01 0.000000000000e+00 -5.151515151515e-01
v -2.525252525253e-01 0.000000000000e+00 -5.555555555556e-01
v -3.131313131313e-01 0.000000000000e+00 -5.353535353535e-01
v -2.727272727273e-01 0.000000000000e+00 -5.353535353535e-01
v -2.929292929293e-01 0.000000000000e+00 -5.353535353535e-01
v -2.727272727273e-01 0.000000000000e+00 -5.555555555556e-01
v -2.929292929293e-01 0.000000000000e+00 -5.555555555556e-01
v -2.727272727273e-01 0.000000000000e+00 -4.747474747475e-01
v -2.929292929293e-01 0.000000000000e+00 -5.151515151515e-01
v -2.727272727273e-01 0.000000000000e+00 -5.151515151515e-01
v -2.727272727273e-01 0.000000000000e+00 -4.949494949495e-01
v -2.525252525253e-01 0.000000000000e+00 -4.949494949495e-01
v -2.929292929293e-01 0.000000000000e+00 -4.949494949495e-01
v -2.525252525253e-01 0.000000000000e+00 -5.151515151515e-01
v -2.525252525253e-01 0.000000000000e+00 -5.353535353535e-01
v -1.515151515152e-01 0.000000000000e+00 -3.939393939394e-01
v -2.121212121212e-01 0.000000000000e+00 -4.141414141414e-01
v -1.919191919192e-01 0.000000000000e+00 -4.141414141414e-01
v -1.717171717172e-01 0.000000000000e+00 -4.343434343434e-01
v -2.121212121212e-01 0.000000000000e+00 -3.939393939394e-01
v -1.515151515152e-01 0.000000000000e+00 -3.737373737374e-01
v -1.717171717172e-01 0.000000000000e+00 -4.141414141414e-01
v -1.919191919192e-01 0.000000000000e+00 -3.737373737374e-01
v -1.717171717172e-01 0.000000000000e+00 -3.737373737374e-01
v -2.323232323232e-01 0.000000000000e+00 -3.939393939394e-01
v -2.121212121212e-01 0.000000000000e+00 -3.737373737374e-01
v -1.919191919192e-01 0.000000000000e+00 -3.939393939394e-01
v -1.919191919192e-01 0.000000000000e+00 -4.343434343434e-01
v -1.717171717172e-01 0.000000000000e+00 -3.939393939394e-01
v -2.323232323232e-01 0.000000000000e+00 -4.141414141414e-01
v -2.121212121212e-01 0.000000000000e+00 -5.353535353535e-01
v -2.121212121212e-01 0.000000000000e+00 -5.151515151515e-01
v -1.919191919192e-01 0.000000000000e+00 -5.353535353535e-01
v -1.919191919192e-01 0.000000000000e+00 -5.555555555556e-01
v -1.717171717172e-01 0.000000000000e+00 -5.555555555556e-01
v -2.323232323232e-01 0.000000000000e+00 -5.555555555556e-01
v -1.717171717172e-01 0.000000000000e+00 -5.151515151515e-01
v -2.121212121212e-01 0.000000000000e+00 -5.555555555556e-01
v -1.717171717172e-01 0.000000000000e+00 -4.949494949495e-01
v -2.323232323232e-01 0.000000000000e+00 -5.151515151515e-01
v -1.919191919192e-01 0.000000000000e+00 -4.949494949495e-01
v -2.121212121212e-01 0.000000000000e+00 -4.949494949495e-01
v -2.323232323232e-01 0.000000000000e+00 -4.949494949495e-01
v -1.717171717172e-01 0.000000000000e+00 -5.353535353535e-01
v -1.919191919192e-01 0.000000000000e+00 -5.151515151515e-01
v -2.323232323232e-01 0.000000000000e+00 -5.353535353535e-01
v -2.121212121212e-01 0.000000000000e+00 -4.343434343434e-01
v -2.323232323232e-01 0.000000000000e+00 -4.747474747475e-01
v -2.727272727273e-01 0.000000000000e+00 -4.141414141414e-01
v -1.919191919192e-01 0.000000000000e+00 -4.747474747475e-01
v -2.727272727273e-01 0.000000000000e+00 -4.545454545455e-01
v -2.525252525253e-01 0.000000000000e+00 -4.545454545455e-01
v -2.121212121212e-01 0.000000000000e+00 -4.747474747475e-01
v -1.919191919192e-01 0.000000000000e+00 -4.545454545455e-01
v -2.525252525253e-01 0.000000000000e+00 -4.141414141414e-01
v -2.121212121212e-01 0.000000000000e+00 -4.545454545455e-01
v -2.323232323232e-01 0.000000000000e+00 -4.545454545455e-01
v -2.727272727273e-01 0.000000000000e+00 -4.343434343434e-01
v -2.525252525253e-01 0.000000000000e+00 -4.343434343434e-01
v -2.525252525253e-01 0.000000000000e+00 -4.747474747475e-01
v -2.323232323232e-01 0.000000000000e+00 -4.343434343434e-01
v -2.727272727273e-01 0.000000000000e+00 -6.363636363636e-01
v -2.929292929293e-01 0.000000000000e+00 -6.161616161616e-01
v -2.727272727273e-01 0.000000000000e+00 -6.161616161616e-01
v -2.727272727273e-01 0.000000000000e+00 -5.959595959596e-01
v -2.929292929293e-01 0.000000000000e+00 -5.757575757576e-01
v -2.525252525253e-01 0.000000000000e+00 -6.161616161616e-01
v -2.727272727273e-01 0.000000000000e+00 -5.757575757576e-01
v -2.929292929293e-01 0.000000000000e+00 -6.363636363636e-01
v -2.929292929293e-01 0.000000000000e+00 -5.959595959596e-01
v -2.525252525253e-01 0.000000000000e+00 -6.363636363636e-01
v -2.525252525253e-01 0.000000000000e+00 -5.959595959596e-01
v -2.525252525253e-01 0.000000000000e+00 -5.757575757576e-01
v -2.929292929293e-01 0.000000000000e+00 -6.565656565657e-01
v -3.131313131313e-01 0.000000000000e+00 -5.959595959596e-01
v -2.323232323232e-01 0.000000000000e+00 -6.363636363636e-01
v -1.717171717172e-01 0.000000000000e+00 -6.161616161616e-01
v -2.121212121212e-01 0.000000000000e+00 -5.959595959596e-01
v -1.919191919192e-01 0.000000000000e+00 -6.363636363636e-01
v -2.121212121212e-01 0.000000000000e+00 -6.161616161616e-01
v -1.717171717172e-01 0.000000000000e+00 -6.363636363636e-01
v -2.323232323232e-01 0.000000000000e+00 -5.959595959596e-01
v -1.717171717172e-01 0.000000000000e+00 -5.959595959596e-01
v -1.919191919192e-01 0.000000000000e+00 -6.161616161616e-01
v -1.919191919192e-01 0.000000000000e+00 -5.757575757576e-01
v -2.323232323232e-01 0.000000000000e+00 -6.161616161616e-01
v -1.717171717172e-01 0.000000000000e+00 -5.757575757576e-01
v -1.919191919192e-01 0.000000000000e+00 -5.959595959596e-01
v -2.121212121212e-01 0.000000000000e+00 -5.757575757576e-01
v -2.323232323232e-01 0.000000000000e+00 -5.757575757576e-01
v -2.121212121212e-01 0.000000000000e+00 -6.363636363636e-01
v -3.535353535354e-01 0.000000000000e+00 -5.151515151515e-01
v -4.141414141414e-01 0.000000000000e+00 -5.151515151515e-01
v -3.939393939394e-01 0.000000000000e+00 -4.949494949495e-01
v -3.939393939394e-01 0.000000000000e+00 -5.555555555556e-01
v -3.737373737374e-01 0.000000000000e+00 -5.353535353535e-01
v -3.939393939394e-01 0.000000000000e+00 -5.151515151515e-01
v -3.737373737374e-01 0.000000000000e+00 -5.555555555556e-01
v -3.737373737374e-01 0.000000000000e+00 -4.949494949495e-01
v -3.939393939394e-01 0.000000000000e+00 -5.353535353535e-01
v -4.141414141414e-01 0.000000000000e+00 -5.555555555556e-01
v -3.737373737374e-01 0.000000000000e+00 -5.151515151515e-01
v -4.141414141414e-01 0.000000000000e+00 -5.757575757576e-01
v -4.343434343434e-01 0.000000000000e+00 -5.555555555556e-01
v -4.141414141414e-01 0.000000000000e+00 -5.353535353535e-01
v -4.343434343434e-01 0.000000000000e+00 -5.353535353535e-01
v -3.939393939394e-01 0.000000000000e+00 -5.757575757576e-01
v -3.333333333333e-01 0.000000000000e+00 -5.959595959596e-01
v -3.737373737374e-01 0.000000000000e+00 -5.757575757576e-01
v -3.535353535354e-01 0.000000000000e+00 -5.757575757576e-01
v -3.333333333333e-01 0.000000000000e+00 -5.353535353535e-01
v -3.333333333333e-01 0.000000000000e+00 -5.555555555556e-01
v -3.737373737374e-01 0.000000000000e+00 -5.959595959596e-01
v -3.535353535354e-01 0.000000000000e+00 -5.353535353535e-01
v -3.131313131313e-01 0.000000000000e+00 -5.555555555556e-01
v -3.535353535354e-01 0.000000000000e+00 -5.555555555556e-01
v -3.131313131313e-01 0.000000000000e+00 -5.757575757576e-01
v -3.939393939394e-01 0.000000000000e+00 -5.959595959596e-01
v -3.535353535354e-01 0.000000000000e+00 -5.959595959596e-01
v -3.333333333333e-01 0.000000000000e+00 -5.757575757576e-01
v -3.737373737374e-01 0.000000000000e+00 -6.161616161616e-01
v -3.737373737374e-01 0.000000000000e+00 -6.363636363636e-01
v -3.737373737374e-01 0.000000000000e+00 -6.565656565657e-01
v -3.535353535354e-01 0.000000000000e+00 -6.565656565657e-01
v -3.333333333333e-01 0.000000000000e+00 -6.565656565657e-01
v -3.939393939394e-01 0.000000000000e+00 -6.363636363636e-01
v -3.131313131313e-01 0.000000000000e+00 -6.565656565657e-01
v -3.939393939394e-01 0.000000000000e+00 -6.565656565657e-01
v -3.939393939394e-01 0.000000000000e+00 -6.161616161616e-01
v -3.131313131313e-01 0.000000000000e+00 -6.363636363636e-01
v -3.333333333333e-01 0.000000000000e+00 -6.363636363636e-01
v -3.535353535354e-01 0.000000000000e+00 -6.363636363636e-01
v -3.131313131313e-01 0.000000000000e+00 -6.161616161616e-01
v -3.333333333333e-01 0.000000000000e+00 -6.161616161616e-01
v -3.535353535354e-01 0.000000000000e+00 -6.161616161616e-01
v -3.030303030303e-02 0.000000000000e+00 -7.373737373737e-01
v 1.010101010101e-02 0.000000000000e+00 -7.575757575758e-01
v -1.010101010101e-02 0.000000000000e+00 -7.979797979798e-01
v 1.010101010101e-02 0.000000000000e+00 -7.979797979798e-01
v -3.030303030303e-02 0.000000000000e+00 -7.979797979798e-01
v -5.050505050505e-02 0.000000000000e+00 -7.777777777778e-01
v -3.030303030303e-02 0.000000000000e+00 -7.575757575758e-01
v -3.030303030303e-02 0.000000000000e+00 -7.777777777778e-01
v -1.010101010101e-02 0.000000000000e+00 -7.373737373737e-01
v -5.050505050505e-02 0.000000000000e+00 -7.373737373737e-01
v 1.010101010101e-02 0.000000000000e+00 -7.373737373737e-01
v -1.010101010101e-02 0.000000000000e+00 -7.575757575758e-01
v 1.010101010101e-02 0.000000000000e+00 -7.777777777778e-01
v 3.030303030303e-02 0.000000000000e+00 -7.777777777778e-01
v -1.010101010101e-02 0.000000000000e+00 -7.777777777778e-01
v -5.050505050505e-02 0.000000000000e+00 -7.575757575758e-01
v 1.010101010101e-02 0.000000000000e+00 -7.171717171717e-01
v 1.010101010101e-02 0.000000000000e+00 -6.969696969697e-01
v 1.010101010101e-02 0.000000000000e+00 -6.767676767677e-01
v -1.010101010101e-02 0.000000000000e+00 -7.171717171717e-01
v -5.050505050505e-02 0.000000000000e+00 -7.171717171717e-01
v -3.030303030303e-02 0.000000000000e+00 -6.969696969697e-01
v -5.050505050505e-02 0.000000000000e+00 -6.969696969697e-01
v -3.030303030303e-02 0.000000000000e+00 -7.171717171717e-01
v -1.010101010101e-02 0.000000000000e+00 -6.767676767677e-01
v -3.030303030303e-02 0.000000000000e+00 -6.767676767677e-01
v -1.010101010101e-02 0.000000000000e+00 -6.969696969697e-01
v -5.050505050505e-02 0.000000000000e+00 -6.565656565657e-01
v -3.030303030303e-02 0.000000000000e+00 -6.565656565657e-01
v -5.050505050505e-02 0.000000000000e+00 -6.767676767677e-01
v 1.010101010101e-02 0.000000000000e+00 -6.565656565657e-01
v -1.010101010101e-02 0.000000000000e+00 -6.565656565657e-01
v -1.111111111111e-01 0.000000000000e+00 -7.979797979798e-01
v -1.111111111111e-01 0.000000000000e+00 -7.777777777778e-01
v -1.313131313131e-01 0.000000000000e+00 -8.181818181818e-01
v -9.090909090909e-02 0.000000000000e+00 -7.979797979798e-01
v -7.070707070707e-02 0.000000000000e+00 -7.777777777778e-01
v -5.050505050505e-02 0.000000000000e+00 -7.979797979798e-01
v -7.070707070707e-02 0.000000000000e+00 -8.181818181818e-01
v -9.090909090909e-02 0.000000000000e+00 -8.181818181818e-01
v -5.050505050505e-02 0.000000000000e+00 -8.181818181818e-01
v -1.313131313131e-01 0.000000000000e+00 -7.777777777778e-01
v -7.070707070707e-02 0.000000000000e+00 -7.979797979798e-01
v -1.111111111111e-01 0.000000000000e+00 -8.181818181818e-01
v -1.313131313131e-01 0.000000000000e+00 -7.979797979798e-01
v -9.090909090909e-02 0.000000000000e+00 -7.777777777778e-01
v -9.090909090909e-02 0.000000000000e+00 -6.767676767677e-01
v -1.313131313131e-01 0.000000000000e+00 -6.969696969697e-01
v -1.515151515152e-01 0.000000000000e+00 -6.767676767677e-01
v -7.070707070707e-02 0.000000000000e+00 -6.565656565657e-01
v -7.070707070707e-02 0.000000000000e+00 -6.767676767677e-01
v -1.111111111111e-01 0.000000000000e+00 -6.565656565657e-01
v -1.313131313131e-01 0.000000000000e+00 -6.565656565657e-01
v -9.090909090909e-02 0.000000000000e+00 -6.969696969697e-01
v -1.111111111111e-01 0.000000000000e+00 -6.767676767677e-01
v -1.515151515152e-01 0.000000000000e+00 -6.969696969697e-01
v -1.515151515152e-01 0.000000000000e+00 -6.565656565657e-01
v -7.070707070707e-02 0.000000000000e+00 -6.969696969697e-01
v -9.090909090909e-02 0.000000000000e+00 -6.565656565657e-01
v -1.111111111111e-01 0.000000000000e+00 -6.969696969697e-01
v -1.313131313131e-01 0.000000000000e+00 -6.767676767677e-01
v -1.111111111111e-01 0.000000000000e+00 -7.575757575758e-01
v -1.515151515152e-01 0.000000000000e+00 -7.575757575758e-01
v -1.313131313131e-01 0.000000000000e+00 -7.575757575758e-01
v -7.070707070707e-02 0.000000000000e+00 -7.171717171717e-01
v -1.111111111111e-01 0.000000000000e+00 -7.373737373737e-01
v -9.090909090909e-02 0.000000000000e+00 -7.575757575758e-01
v -1.515151515152e-01 0.000000000000e+00 -7.373737373737e-01
v -1.313131313131e-01 0.000000000000e+00 -7.171717171717e-01
v -9.090909090909e-02 0.000000000000e+00 -7.171717171717e-01
v -1.313131313131e-01 0.000000000000e+00 -7.373737373737e-01
v -1.111111111111e-01 0.000000000000e+00 -7.171717171717e-01
v -9.090909090909e-02 0.000000000000e+00 -7.373737373737e-01
v -1.515151515152e-01 0.000000000000e+00 -7.171717171717e-01
v -7.070707070707e-02 0.000000000000e+00 -7.373737373737e-01
v -7.070707070707e-02 0.000000000000e+00 -7.575757575758e-01
v -7.070707070707e-02 0.000000000000e+00 -8.787878787879e-01
v -9.090909090909e-02 0.000000000000e+00 -8.989898989899e-01
v -1.313131313131e-01 0.000000000000e+00 -8.787878787879e-01
v -1.313131313131e-01 0.000000000000e+00 -8.585858585859e-01
v -1.111111111111e-01 0.000000000000e+00 -8.787878787879e-01
v -1.111111111111e-01 0.000000000000e+00 -8.989898989899e-01
v -7.070707070707e-02 0.000000000000e+00 -8.585858585859e-01
v -9.090909090909e-02 0.000000000000e+00 -8.383838383838e-01
v -1.111111111111e-01 0.000000000000e+00 -8.383838383838e-01
v -9.090909090909e-02 0.000000000000e+00 -8.585858585859e-01
v -1.111111111111e-01 0.000000000000e+00 -8.585858585859e-01
v -1.313131313131e-01 0.000000000000e+00 -8.989898989899e-01
v -9.090909090909e-02 0.000000000000e+00 -8.787878787879e-01
v -1.313131313131e-01 0.000000000000e+00 -8.383838383838e-01
v -7.070707070707e-02 0.000000000000e+00 -8.383838383838e-01
v 1.010101010101e-02 0.000000000000e+00 -8.585858585859e-01
v -3.030303030303e-02 0.000000000000e+00 -8.787878787879e-01
v -1.010101010101e-02 0.000000000000e+00 -8.787878787879e-01
v -5.050505050505e-02 0.000000000000e+00 -8.585858585859e-01
v -5.050505050505e-02 0.000000000000e+00 -8.787878787879e-01
v -1.010101010101e-02 0.000000000000e+00 -8.181818181818e-01
v -3.030303030303e-02 0.000000000000e+00 -8.181818181818e-01
v -1.010101010101e-02 0.000000000000e+00 -8.383838383838e-01
v -3.030303030303e-02 0.000000000000e+00 -8.383838383838e-01
v -5.050505050505e-02 0.000000000000e+00 -8.383838383838e-01
v -3.030303030303e-02 0.000000000000e+00 -8.585858585859e-01
v 1.010101010101e-02 0.000000000000e+00 -8.787878787879e-01
v 1.010101010101e-02 0.000000000000e+00 -8.181818181818e-01
v 1.010101010101e-02 0.000000000000e+00 -8.383838383838e-01
v -1.010101010101e-02 0.000000000000e+00 -8.585858585859e-01
v -1.313131313131e-01 0.000000000000e+00 -9.393939393939e-01
v -1.111111111111e-01 0.000000000000e+00 -9.393939393939e-01
v -9.090909090909e-02 0.000000000000e+00 -9.191919191919e-01
v -9.090909090909e-02 0.000000000000e+00 -9.393939393939e-01
v -1.111111111111e-01 0.000000000000e+00 -9.191919191919e-01
v -1.111111111111e-01 0.000000000000e+00 -1.000000000000e+00
v -9.090909090909e-02 0.000000000000e+00 -9.797979797980e-01
v -1.111111111111e-01 0.000000000000e+00 -9.797979797980e-01
v -1.313131313131e-01 0.000000000000e+00 -1.000000000000e+00
v -9.090909090909e-02 0.000000000000e+00 -1.000000000000e+00
v -1.313131313131e-01 0.000000000000e+00 -9.595959595960e-01
v -9.090909090909e-02 0.000000000000e+00 -9.595959595960e-01
v -1.111111111111e-01 0.000000000000e+00 -9.595959595960e-01
v -1.313131313131e-01 0.000000000000e+00 -9.191919191919e-01
v -1.313131313131e-01 0.000000000000e+00 -9.797979797980e-01
v 1.010101010101e-02 0.000000000000e+00 -9.191919191919e-01
v -3.030303030303e-02 0.000000000000e+00 -9.393939393939e-01
v -7.070707070707e-02 0.000000000000e+00 -8.989898989899e-01
v -5.050505050505e-02 0.000000000000e+00 -9.393939393939e-01
v -1.010101010101e-02 0.000000000000e+00 -9.393939393939e-01
v -1.010101010101e-02 0.000000000000e+00 -9.191919191919e-01
v -7.070707070707e-02 0.000000000000e+00 -9.191919191919e-01
v -3.030303030303e-02 0.000000000000e+00 -9.191919191919e-01
v -5.050505050505e-02 0.000000000000e+00 -8.989898989899e-01
v 1.010101010101e-02 0.000000000000e+00 -9.393939393939e-01
v -5.050505050505e-02 0.000000000000e+00 -9.191919191919e-01
v -3.030303030303e-02 0.000000000000e+00 -8.989898989899e-01
v -7.070707070707e-02 0.000000000000e+00 -9.393939393939e-01
v -1.010101010101e-02 0.000000000000e+00 -8.989898989899e-01
v 1.010101010101e-02 0.000000000000e+00 -8.989898989899e-01
v -1.010101010101e-02 0.000000000000e+00 -9.797979797980e-01
v 1.010101010101e-02 0.000000000000e+00 -9.595959595960e-01
v 1.010101010101e-02 0.000000000000e+00 -1.000000000000e+00
v 1.010101010101e-02 0.000000000000e+00 -9.797979797980e-01
v -7.070707070707e-02 0.000000000000e+00 -9.595959595960e-01
v -1.010101010101e-02 0.000000000000e+00 -9.595959595960e-01
v -3.030303030303e-02 0.000000000000e+00 -9.595959595960e-01
v -5.050505050505e-02 0.000000000000e+00 -1.000000000000e+00
v -7.070707070707e-02 0.000000000000e+00 -1.000000000000e+00
v -3.030303030303e-02 0.000000000000e+00 -9.797979797980e-01
v -5.050505050505e-02 0.000000000000e+00 -9.797979797980e-01
v -7.070707070707e-02 0.000000000000e+00 -9.797979797980e-01
v -5.050505050505e-02 0.000000000000e+00 -9.595959595960e-01
v -3.030303030303e-02 0.000000000000e+00 -1.000000000000e+00
v -1.010101010101e-02 0.000000000000e+00 -1.000000000000e+00
v -1.515151515152e-01 0.000000000000e+00 -8.585858585859e-01
v -1.919191919192e-01 0.000000000000e+00 -8.787878787879e-01
v -1.717171717172e-01 0.000000000000e+00 -8.585858585859e-01
v -1.515151515152e-01 0.000000000000e+00 -8.787878787879e-01
v -1.717171717172e-01 0.000000000000e+00 -8.383838383838e-01
v -1.919191919192e-01 0.000000000000e+00 -8.383838383838e-01
v -2.121212121212e-01 0.000000000000e+00 -8.989898989899e-01
v -2.121212121212e-01 0.000000000000e+00 -8.787878787879e-01
v -1.717171717172e-01 0.000000000000e+00 -8.989898989899e-01
v -1.717171717172e-01 0.000000000000e+00 -8.787878787879e-01
v -1.515151515152e-01 0.000000000000e+00 -8.989898989899e-01
v -1.919191919192e-01 0.000000000000e+00 -8.585858585859e-01
v -2.121212121212e-01 0.000000000000e+00 -8.585858585859e-01
v -1.919191919192e-01 0.000000000000e+00 -8.989898989899e-01
v -1.515151515152e-01 0.000000000000e+00 -8.383838383838e-01
v -1.717171717172e-01 0.000000000000e+00 -9.595959595960e-01
v -1.919191919192e-01 0.000000000000e+00 -9.595959595960e-01
v -1.717171717172e-01 0.000000000000e+00 -9.797979797980e-01
v -1.919191919192e-01 0.000000000000e+00 -9.797979797980e-01
v -1.515151515152e-01 0.000000000000e+00 -9.393939393939e-01
v -1.717171717172e-01 0.000000000000e+00 -9.393939393939e-01
v -1.717171717172e-01 0.000000000000e+00 -1.000000000000e+00
v -1.919191919192e-01 0.000000000000e+00 -1.000000000000e+00
v -1.515151515152e-01 0.000000000000e+00 -9.191919191919e-01
v -1.717171717172e-01 0.000000000000e+00 -9.191919191919e-01
v -1.919191919192e-01 0.000000000000e+00 -9.191919191919e-01
v -1.515151515152e-01 0.000000000000e+00 -9.797979797980e-01
v -1.515151515152e-01 0.000000000000e+00 -1.000000000000e+00
v -1.919191919192e-01 0.000000000000e+00 -9.393939393939e-01
v -1.515151515152e-01 0.000000000000e+00 -9.595959595960e-01
v -2.727272727273e-01 0.000000000000e+00 -8.787878787879e-01
v -2.525252525253e-01 0.000000000000e+00 -8.585858585859e-01
v -3.131313131313e-01 0.000000000000e+00 -8.787878787879e-01
v -2.727272727273e-01 0.000000000000e+00 -8.585858585859e-01
v -2.929292929293e-01 0.000000000000e+00 -8.585858585859e-01
v -2.525252525253e-01 0.000000000000e+00 -8.787878787879e-01
v -2.323232323232e-01 0.000000000000e+00 -8.585858585859e-01
v -3.131313131313e-01 0.000000000000e+00 -8.585858585859e-01
v -2.323232323232e-01 0.000000000000e+00 -8.787878787879e-01
v -2.323232323232e-01 0.000000000000e+00 -8.989898989899e-01
v -2.929292929293e-01 0.000000000000e+00 -8.787878787879e-01
v -3.131313131313e-01 0.000000000000e+00 -8.989898989899e-01
v -2.929292929293e-01 0.000000000000e+00 -8.989898989899e-01
v -2.525252525253e-01 0.000000000000e+00 -8.989898989899e-01
v -2.727272727273e-01 0.000000000000e+00 -8.989898989899e-01
v -2.121212121212e-01 0.000000000000e+00 -9.595959595960e-01
v -2.121212121212e-01 0.000000000000e+00 -9.191919191919e-01
v -2.525252525253e-01 0.000000000000e+00 -1.000000000000e+00
v -2.121212121212e-01 0.000000000000e+00 -9.797979797980e-01
v -2.323232323232e-01 0.000000000000e+00 -9.797979797980e-01
v -2.525252525253e-01 0.000000000000e+00 -9.191919191919e-01
v -2.525252525253e-01 0.000000000000e+00 -9.797979797980e-01
v -2.323232323232e-01 0.000000000000e+00 -1.000000000000e+00
v -2.323232323232e-01 0.000000000000e+00 -9.191919191919e-01
v -2.121212121212e-01 0.000000000000e+00 -1.000000000000e+00
v -2.525252525253e-01 0.000000000000e+00 -9.393939393939e-01
v -2.323232323232e-01 0.000000000000e+00 -9.393939393939e-01
v -2.121212121212e-01 0.000000000000e+00 -9.393939393939e-01
v -2.525252525253e-01 0.000000000000e+00 -9.595959595960e-01
v -2.323232323232e-01 0.000000000000e+00 -9.595959595960e-01
v -3.131313131313e-01 0.000000000000e+00 -9.595959595960e-01
v -3.131313131313e-01 0.000000000000e+00 -9.393939393939e-01
v -2.727272727273e-01 0.000000000000e+00 -9.797979797980e-01
v -2.929292929293e-01 0.000000000000e+00 -9.797979797980e-01
v -2.929292929293e-01 0.000000000000e+00 -9.393939393939e-01
v -3.131313131313e-01 0.000000000000e+00 -1.000000000000e+00
v -2.727272727273e-01 0.000000000000e+00 -1.000000000000e+00
v -3.131313131313e-01 0.000000000000e+00 -9.191919191919e-01
v -2.929292929293e-01 0.000000000000e+00 -9.191919191919e-01
v -2.727272727273e-01 0.000000000000e+00 -9.595959595960e-01
v -2.727272727273e-01 0.000000000000e+00 -9.393939393939e-01
v -3.131313131313e-01 0.000000000000e+00 -9.797979797980e-01
v -2.929292929293e-01 0.000000000000e+00 -1.000000000000e+00
v -2.727272727273e-01 0.000000000000e+00 -9.191919191919e-01
v -2.929292929293e-01 0.000000000000e+00 -9.595959595960e-01
v -2.929292929293e-01 0.000000000000e+00 -8.181818181818e-01
v -3.333333333333e-01 0.000000000000e+00 -7.979797979798e-01
v -3.333333333333e-01 0.000000000000e+00 -7.777777777778e-01
v -3.333333333333e-01 0.000000000000e+00 -7.575757575758e-01
v -3.131313131313e-01 0.000000000000e+00 -7.575757575758e-01
v -3.131313131313e-01 0.000000000000e+00 -7.777777777778e-01
v -2.929292929293e-01 0.000000000000e+00 -7.777777777778e-01
v -3.333333333333e-01 0.000000000000e+00 -8.181818181818e-01
v -2.929292929293e-01 0.000000000000e+00 -7.575757575758e-01
v -2.929292929293e-01 0.000000000000e+00 -8.383838383838e-01
v -2.929292929293e-01 0.000000000000e+00 -7.979797979798e-01
v -3.131313131313e-01 0.000000000000e+00 -8.383838383838e-01
v -3.131313131313e-01 0.000000000000e+00 -8.181818181818e-01
v -3.131313131313e-01 0.000000000000e+00 -7.979797979798e-01
v -2.525252525253e-01 0.000000000000e+00 -7.777777777778e-01
v -2.323232323232e-01 0.000000000000e+00 -8.181818181818e-01
v -2.727272727273e-01 0.000000000000e+00 -7.575757575758e-01
v -2.323232323232e-01 0.000000000000e+00 -7.777777777778e-01
v -2.727272727273e-01 0.000000000000e+00 -7.979797979798e-01
v -2.727272727273e-01 0.000000000000e+00 -7.777777777778e-01
v -2.727272727273e-01 0.000000000000e+00 -8.181818181818e-01
v -2.525252525253e-01 0.000000000000e+00 -8.181818181818e-01
v -2.323232323232e-01 0.000000000000e+00 -8.383838383838e-01
v -2.121212121212e-01 0.000000000000e+00 -8.181818181818e-01
v -2.323232323232e-01 0.000000000000e+00 -7.979797979798e-01
v -2.121212121212e-01 0.000000000000e+00 -8.383838383838e-01
v -2.525252525253e-01 0.000000000000e+00 -8.383838383838e-01
v -2.727272727273e-01 0.000000000000e+00 -8.383838383838e-01
v -2.525252525253e-01 0.000000000000e+00 -7.979797979798e-01
v -2.525252525253e-01 0.000000000000e+00 -7.575757575758e-01
v -1.717171717172e-01 0.000000000000e+00 -8.181818181818e-01
v -2.323232323232e-01 0.000000000000e+00 -7.575757575758e-01
v -1.919191919192e-01 0.000000000000e+00 -7.979797979798e-01
v -2.121212121212e-01 0.000000000000e+00 -7.979797979798e-01
v -2.121212121212e-01 0.000000000000e+00 -7.575757575758e-01
v -2.121212121212e-01 0.000000000000e+00 -7.777777777778e-01
v -1.919191919192e-01 0.000000000000e+00 -7.575757575758e-01
v -1.919191919192e-01 0.000000000000e+00 -8.181818181818e-01
v -1.515151515152e-01 0.000000000000e+00 -8.181818181818e-01
v -1.717171717172e-01 0.000000000000e+00 -7.979797979798e-01
v -1.515151515152e-01 0.000000000000e+00 -7.979797979798e-01
v -1.717171717172e-01 0.000000000000e+00 -7.575757575758e-01
v -1.919191919192e-01 0.000000000000e+00 -7.777777777778e-01
v -1.515151515152e-01 0.000000000000e+00 -7.777777777778e-01
v -1.717171717172e-01 0.000000000000e+00 -7.777777777778e-01
v -1.919191919192e-01 0.000000000000e+00 -7.373737373737e-01
v -1.717171717172e-01 0.000000000000e+00 -6.767676767677e-01
v -1.919191919192e-01 0.000000000000e+00 -7.171717171717e-01
v -2.121212121212e-01 0.000000000000e+00 -6.969696969697e-01
v -2.121212121212e-01 0.000000000000e+00 -6.767676767677e-01
v -1.717171717172e-01 0.000000000000e+00 -7.373737373737e-01
v -1.717171717172e-01 0.000000000000e+00 -6.565656565657e-01
v -1.919191919192e-01 0.000000000000e+00 -6.969696969697e-01
v -1.919191919192e-01 0.000000000000e+00 -6.767676767677e-01
v -2.121212121212e-01 0.000000000000e+00 -6.565656565657e-01
v -1.919191919192e-01 0.000000000000e+00 -6.565656565657e-01
v -2.121212121212e-01 0.000000000000e+00 -7.171717171717e-01
v -1.717171717172e-01 0.000000000000e+00 -6.969696969697e-01
v -2.121212121212e-01 0.000000000000e+00 -7.373737373737e-01
v -1.717171717172e-01 0.000000000000e+00 -7.171717171717e-01
v -2.929292929293e-01 0.000000000000e+00 -6.969696969697e-01
v -3.333333333333e-01 0.000000000000e+00 -7.171717171717e-01
v -3.535353535354e-01 0.000000000000e+00 -7.171717171717e-01
v -3.333333333333e-01 0.000000000000e+00 -6.767676767677e-01
v -3.131313131313e-01 0.000000000000e+00 -7.171717171717e-01
v -3.535353535354e-01 0.000000000000e+00 -6.767676767677e-01
v -3.131313131313e-01 0.000000000000e+00 -6.767676767677e-01
v -2.929292929293e-01 0.000000000000e+00 -7.171717171717e-01
v -2.929292929293e-01 0.000000000000e+00 -7.373737373737e-01
v -3.131313131313e-01 0.000000000000e+00 -7.373737373737e-01
v -3.333333333333e-01 0.000000000000e+00 -7.373737373737e-01
v -2.929292929293e-01 0.000000000000e+00 -6.767676767677e-01
v -3.535353535354e-01 0.000000000000e+00 -6.969696969697e-01
v -3.333333333333e-01 0.000000000000e+00 -6.969696969697e-01
v -3.131313131313e-01 0.000000000000e+00 -6.969696969697e-01
v -2.727272727273e-01 0.000000000000e+00 -6.767676767677e-01
v -2.727272727273e-01 0.000000000000e+00 -6.969696969697e-01
v -2.727272727273e-01 0.000000000000e+00 -7.373737373737e-01
v -2.727272727273e-01 0.000000000000e+00 -7.171717171717e-01
v -2.323232323232e-01 0.000000000000e+00 -6.969696969697e-01
v -2.727272727273e-01 0.000000000000e+00 -6.565656565657e-01
v -2.525252525253e-01 0.000000000000e+00 -7.171717171717e-01
v -2.525252525253e-01 0.000000000000e+00 -7.373737373737e-01
v -2.323232323232e-01 0.000000000000e+00 -7.171717171717e-01
v -2.323232323232e-01 0.000000000000e+00 -6.767676767677e-01
v -2.525252525253e-01 0.000000000000e+00 -6.565656565657e-01
v -2.323232323232e-01 0.000000000000e+00 -6.565656565657e-01
v -2.525252525253e-01 0.000000000000e+00 -6.969696969697e-01
v -2.323232323232e-01 0.000000000000e+00 -7.373737373737e-01
v -2.525252525253e-01 0.000000000000e+00 -6.767676767677e-01
v -4.545454545455e-01 0.000000000000e+00 -4.747474747475e-01
v -4.747474747475e-01 0.000000000000e+00 -5.151515151515e-01
v -4.747474747475e-01 0.000000000000e+00 -4.949494949495e-01
v -4.949494949495e-01 0.000000000000e+00 -4.949494949495e-01
v -4.141414141414e-01 0.000000000000e+00 -4.747474747475e-01
v -4.747474747475e-01 0.000000000000e+00 -4.747474747475e-01
v -4.545454545455e-01 0.000000000000e+00 -5.151515151515e-01
v -4.949494949495e-01 0.000000000000e+00 -5.151515151515e-01
v -4.343434343434e-01 0.000000000000e+00 -4.949494949495e-01
v -4.141414141414e-01 0.000000000000e+00 -4.949494949495e-01
v -4.343434343434e-01 0.000000000000e+00 -5.151515151515e-01
v -4.545454545455e-01 0.000000000000e+00 -4.949494949495e-01
v -4.343434343434e-01 0.000000000000e+00 -4.747474747475e-01
v -4.747474747475e-01 0.000000000000e+00 -5.353535353535e-01
v -4.545454545455e-01 0.000000000000e+00 -5.353535353535e-01
v -5.151515151515e-01 0.000000000000e+00 -4.545454545455e-01
v -4.949494949495e-01 0.000000000000e+00 -4.545454545455e-01
v -5.151515151515e-01 0.000000000000e+00 -4.747474747475e-01
v -5.353535353535e-01 0.000000000000e+00 -4.141414141414e-01
v -5.555555555556e-01 0.000000000000e+00 -4.343434343434e-01
v -5.353535353535e-01 0.000000000000e+00 -4.343434343434e-01
v -5.151515151515e-01 0.000000000000e+00 -4.141414141414e-01
v -5.151515151515e-01 0.000000000000e+00 -4.949494949495e-01
v -4.949494949495e-01 0.000000000000e+00 -4.747474747475e-01
v -5.555555555556e-01 0.000000000000e+00 -4.545454545455e-01
v -4.949494949495e-01 0.000000000000e+00 -4.343434343434e-01
v -5.555555555556e-01 0.000000000000e+00 -4.141414141414e-01
v -5.353535353535e-01 0.000000000000e+00 -4.747474747475e-01
v -5.353535353535e-01 0.000000000000e+00 -4.545454545455e-01
v -5.151515151515e-01 0.000000000000e+00 -4.343434343434e-01
v -4.343434343434e-01 0.000000000000e+00 -4.141414141414e-01
v -4.545454545455e-01 0.000000000000e+00 -4.141414141414e-01
v -4.545454545455e-01 0.000000000000e+00 -4.545454545455e-01
v -4.343434343434e-01 0.000000000000e+00 -4.545454545455e-01
v -4.747474747475e-01 0.000000000000e+00 -3.939393939394e-01
v -4.949494949495e-01 0.000000000000e+00 -3.939393939394e-01
v -4.545454545455e-01 0.000000000000e+00 -3.737373737374e-01
v -4.747474747475e-01 0.000000000000e+00 -3.737373737374e-01
v -4.343434343434e-01 0.000000000000e+00 -4.343434343434e-01
v -4.949494949495e-01 0.000000000000e+00 -4.141414141414e-01
v -4.545454545455e-01 0.000000000000e+00 -4.343434343434e-01
v -4.747474747475e-01 0.000000000000e+00 -4.343434343434e-01
v -4.747474747475e-01 0.000000000000e+00 -4.545454545455e-01
v -4.545454545455e-01 0.000000000000e+00 -3.939393939394e-01
v -4.747474747475e-01 0.000000000000e+00 -4.141414141414e-01
v -3.737373737374e-01 0.000000000000e+00 -4.343434343434e-01
v -3.535353535354e-01 0.000000000000e+00 -3.939393939394e-01
v -3.737373737374e-01 0.000000000000e+00 -3.737373737374e-01
v -3.333333333333e-01 0.000000000000e+00 -3.535353535354e-01
v -3.333333333333e-01 0.000000000000e+00 -3.939393939394e-01
v -3.737373737374e-01 0.000000000000e+00 -3.535353535354e-01
v -3.333333333333e-01 0.000000000000e+00 -4.141414141414e-01
v -3.535353535354e-01 0.000000000000e+00 -3.737373737374e-01
v -3.737373737374e-01 0.000000000000e+00 -4.141414141414e-01
v -3.535353535354e-01 0.000000000000e+00 -4.343434343434e-01
v -3.333333333333e-01 0.000000000000e+00 -3.737373737374e-01
v -3.535353535354e-01 0.000000000000e+00 -4.141414141414e-01
v -3.737373737374e-01 0.000000000000e+00 -3.939393939394e-01
v -3.535353535354e-01 0.000000000000e+00 -3.535353535354e-01
v -4.343434343434e-01 0.000000000000e+00 -3.737373737374e-01
v -4.141414141414e-01 0.000000000000e+00 -3.939393939394e-01
v -4.343434343434e-01 0.000000000000e+00 -3.939393939394e-01
v -3.939393939394e-01 0.000000000000e+00 -3.939393939394e-01
v -3.939393939394e-01 0.000000000000e+00 -4.343434343434e-01
v -4.141414141414e-01 0.000000000000e+00 -4.545454545455e-01
v -3.939393939394e-01 0.000000000000e+00 -4.545454545455e-01
v -3.939393939394e-01 0.000000000000e+00 -4.141414141414e-01
v -4.141414141414e-01 0.000000000000e+00 -4.343434343434e-01
v -3.737373737374e-01 0.000000000000e+00 -4.747474747475e-01
v -4.141414141414e-01 0.000000000000e+00 -4.141414141414e-01
v -4.141414141414e-01 0.000000000000e+00 -3.737373737374e-01
v -3.939393939394e-01 0.000000000000e+00 -3.737373737374e-01
v -3.737373737374e-01 0.000000000000e+00 -4.545454545455e-01
v -3.939393939394e-01 0.000000000000e+00 -4.747474747475e-01
v -4.545454545455e-01 0.000000000000e+00 -2.929292929293e-01
v -4.545454545455e-01 0.000000000000e+00 -2.727272727273e-01
v -4.141414141414e-01 0.000000000000e+00 -3.333333333333e-01
v -4.343434343434e-01 0.000000000000e+00 -3.333333333333e-01
v -4.343434343434e-01 0.000000000000e+00 -3.131313131313e-01
v -4.343434343434e-01 0.000000000000e+00 -3.535353535354e-01
v -4.141414141414e-01 0.000000000000e+00 -2.727272727273e-01
v -4.141414141414e-01 0.000000000000e+00 -3.535353535354e-01
v -4.343434343434e-01 0.000000000000e+00 -2.727272727273e-01
v -4.141414141414e-01 0.000000000000e+00 -2.929292929293e-01
v -4.343434343434e-01 0.000000000000e+00 -2.929292929293e-01
v -4.747474747475e-01 0.000000000000e+00 -2.929292929293e-01
v -4.747474747475e-01 0.000000000000e+00 -2.727272727273e-01
v -4.141414141414e-01 0.000000000000e+00 -3.131313131313e-01
v -3.939393939394e-01 0.000000000000e+00 -3.535353535354e-01
v -3.939393939394e-01 0.000000000000e+00 -3.333333333333e-01
v -3.535353535354e-01 0.000000000000e+00 -3.333333333333e-01
v -3.535353535354e-01 0.000000000000e+00 -2.727272727273e-01
v -3.535353535354e-01 0.000000000000e+00 -2.525252525253e-01
v -3.535353535354e-01 0.000000000000e+00 -2.929292929293e-01
v -3.737373737374e-01 0.000000000000e+00 -2.727272727273e-01
v -3.939393939394e-01 0.000000000000e+00 -2.727272727273e-01
v -3.939393939394e-01 0.000000000000e+00 -2.929292929293e-01
v -3.737373737374e-01 0.000000000000e+00 -2.525252525253e-01
v -3.737373737374e-01 0.000000000000e+00 -2.929292929293e-01
v -3.939393939394e-01 0.000000000000e+00 -2.525252525253e-01
v -3.737373737374e-01 0.000000000000e+00 -3.131313131313e-01
v -3.737373737374e-01 0.000000000000e+00 -3.333333333333e-01
v -3.939393939394e-01 0.000000000000e+00 -3.131313131313e-01
v -3.535353535354e-01 0.000000000000e+00 -3.131313131313e-01
v -5.757575757576e-01 0.000000000000e+00 -3.333333333333e-01
v -5.959595959596e-01 0.000000000000e+00 -3.333333333333e-01
v -5.959595959596e-01 0.000000000000e+00 -3.131313131313e-01
v -5.757575757576e-01 0.000000000000e+00 -3.131313131313e-01
v -5.555555555556e-01 0.000000000000e+00 -3.131313131313e-01
v -5.757575757576e-01 0.000000000000e+00 -2.929292929293e-01
v -5.555555555556e-01 0.000000000000e+00 -2.929292929293e-01
v -5.555555555556e-01 0.000000000000e+00 -2.727272727273e-01
v -5.757575757576e-01 0.000000000000e+00 -2.727272727273e-01
v -5.959595959596e-01 0.000000000000e+00 -2.727272727273e-01
v -5.959595959596e-01 0.000000000000e+00 -2.929292929293e-01
v -5.757575757576e-01 0.000000000000e+00 -3.535353535354e-01
v -5.959595959596e-01 0.000000000000e+00 -3.535353535354e-01
v -5.757575757576e-01 0.000000000000e+00 -3.737373737374e-01
v -5.959595959596e-01 0.000000000000e+00 -3.737373737374e-01
v -5.353535353535e-01 0.000000000000e+00 -3.535353535354e-01
v -5.151515151515e-01 0.000000000000e+00 -3.535353535354e-01
v -5.353535353535e-01 0.000000000000e+00 -3.737373737374e-01
v -5.151515151515e-01 0.000000000000e+00 -3.939393939394e-01
v -5.353535353535e-01 0.000000000000e+00 -3.939393939394e-01
v -5.555555555556e-01 0.000000000000e+00 -3.737373737374e-01
v -4.949494949495e-01 0.000000000000e+00 -3.535353535354e-01
v -5.555555555556e-01 0.000000000000e+00 -3.939393939394e-01
v -5.555555555556e-01 0.000000000000e+00 -3.333333333333e-01
v -5.151515151515e-01 0.000000000000e+00 -3.737373737374e-01
v -5.353535353535e-01 0.000000000000e+00 -3.333333333333e-01
v -4.949494949495e-01 0.000000000000e+00 -3.737373737374e-01
v -5.555555555556e-01 0.000000000000e+00 -3.535353535354e-01
v -5.151515151515e-01 0.000000000000e+00 -3.333333333333e-01
v -4.747474747475e-01 0.000000000000e+00 -3.333333333333e-01
v -4.949494949495e-01 0.000000000000e+00 -3.333333333333e-01
v -5.353535353535e-01 0.000000000000e+00 -2.727272727273e-01
v -5.151515151515e-01 0.000000000000e+00 -2.727272727273e-01
v -5.353535353535e-01 0.000000000000e+00 -3.131313131313e-01
v -5.151515151515e-01 0.000000000000e+00 -3.131313131313e-01
v -4.949494949495e-01 0.000000000000e+00 -3.131313131313e-01
v -4.747474747475e-01 0.000000000000e+00 -3.131313131313e-01
v -4.949494949495e-01 0.000000000000e+00 -2.727272727273e-01
v -4.747474747475e-01 0.000000000000e+00 -3.535353535354e-01
v -4.949494949495e-01 0.000000000000e+00 -2.929292929293e-01
v -4.545454545455e-01 0.000000000000e+00 -3.333333333333e-01
v -4.545454545455e-01 0.000000000000e+00 -3.535353535354e-01
v -5.151515151515e-01 0.000000000000e+00 -2.929292929293e-01
v -4.545454545455e-01 0.000000000000e+00 -3.131313131313e-01
v -5.353535353535e-01 0.000000000000e+00 -2.929292929293e-01
v -4.343434343434e-01 0.000000000000e+00 -3.030303030303e-02
v -4.141414141414e-01 0.000000000000e+00 -3.030303030303e-02
v -4.343434343434e-01 0.000000000000e+00 -5.050505050505e-02
v -4.343434343434e-01 0.000000000000e+00 -7.070707070707e-02
v -4.141414141414e-01 0.000000000000e+00 -9.090909090909e-02
v -4.141414141414e-01 0.000000000000e+00 -5.050505050505e-02
v -4.141414141414e-01 0.000000000000e+00 -1.111111111111e-01
v -4.343434343434e-01 0.000000000000e+00 -1.111111111111e-01
v -4.141414141414e-01 0.000000000000e+00 -7.070707070707e-02
v -4.343434343434e-01 0.000000000000e+00 -9.090909090909e-02
v -4.545454545455e-01 0.000000000000e+00 -1.111111111111e-01
v -4.545454545455e-01 0.000000000000e+00 -9.090909090909e-02
v -4.545454545455e-01 0.000000000000e+00 -3.030303030303e-02
v -4.545454545455e-01 0.000000000000e+00 -5.050505050505e-02
v -4.545454545455e-01 0.000000000000e+00 -7.070707070707e-02
v -3.535353535354e-01 0.000000000000e+00 -3.030303030303e-02
v -3.535353535354e-01 0.000000000000e+00 -1.111111111111e-01
v -3.939393939394e-01 0.000000000000e+00 -3.030303030303e-02
v -3.535353535354e-01 0.000000000000e+00 -7.070707070707e-02
v -3.737373737374e-01 0.000000000000e+00 -9.090909090909e-02
v -3.535353535354e-01 0.000000000000e+00 -5.050505050505e-02
v -3.939393939394e-01 0.000000000000e+00 -5.050505050505e-02
v -3.939393939394e-01 0.000000000000e+00 -9.090909090909e-02
v -3.737373737374e-01 0.000000000000e+00 -5.050505050505e-02
v -3.939393939394e-01 0.000000000000e+00 -7.070707070707e-02
v -3.939393939394e-01 0.000000000000e+00 -1.111111111111e-01
v -3.737373737374e-01 0.000000000000e+00 -1.111111111111e-01
v -3.535353535354e-01 0.000000000000e+00 -9.090909090909e-02
v -3.737373737374e-01 0.000000000000e+00 -7.070707070707e-02
v -3.737373737374e-01 0.000000000000e+00 -3.030303030303e-02
v -3.737373737374e-01 0.000000000000e+00 -1.515151515152e-01
v -3.939393939394e-01 0.000000000000e+00 -1.919191919192e-01
v -3.737373737374e-01 0.000000000000e+00 -1.919191919192e-01
v -3.737373737374e-01 0.000000000000e+00 -1.717171717172e-01
v -3.737373737374e-01 0.000000000000e+00 -1.313131313131e-01
v -3.535353535354e-01 0.000000000000e+00 -1.919191919192e-01
v -3.535353535354e-01 0.000000000000e+00 -1.313131313131e-01
v -3.535353535354e-01 0.000000000000e+00 -1.717171717172e-01
v -3.535353535354e-01 0.000000000000e+00 -2.323232323232e-01
v -3.737373737374e-01 0.000000000000e+00 -2.323232323232e-01
v -3.939393939394e-01 0.000000000000e+00 -2.323232323232e-01
v -3.535353535354e-01 0.000000000000e+00 -1.515151515152e-01
v -3.939393939394e-01 0.000000000000e+00 -2.121212121212e-01
v -3.737373737374e-01 0.000000000000e+00 -2.121212121212e-01
v -3.535353535354e-01 0.000000000000e+00 -2.121212121212e-01
v -4.141414141414e-01 0.000000000000e+00 -1.313131313131e-01
v -4.343434343434e-01 0.000000000000e+00 -1.515151515152e-01
v -4.343434343434e-01 0.000000000000e+00 -1.313131313131e-01
v -3.939393939394e-01 0.000000000000e+00 -1.515151515152e-01
v -3.939393939394e-01 0.000000000000e+00 -1.313131313131e-01
v -4.141414141414e-01 0.000000000000e+00 -1.717171717172e-01
v -4.747474747475e-01 0.000000000000e+00 -1.515151515152e-01
v -4.141414141414e-01 0.000000000000e+00 -1.515151515152e-01
v -4.545454545455e-01 0.000000000000e+00 -1.515151515152e-01
v -4.343434343434e-01 0.000000000000e+00 -1.717171717172e-01
v -4.545454545455e-01 0.000000000000e+00 -1.313131313131e-01
v -4.747474747475e-01 0.000000000000e+00 -1.717171717172e-01
v -3.939393939394e-01 0.000000000000e+00 -1.717171717172e-01
v -4.545454545455e-01 0.000000000000e+00 -1.717171717172e-01
v -4.141414141414e-01 0.000000000000e+00 -1.919191919192e-01
v -4.141414141414e-01 0.000000000000e+00 -2.323232323232e-01
v -4.545454545455e-01 0.000000000000e+00 -2.323232323232e-01
v -4.545454545455e-01 0.000000000000e+00 -2.525252525253e-01
v -4.747474747475e-01 0.000000000000e+00 -2.525252525253e-01
v -4.545454545455e-01 0.000000000000e+00 -1.919191919192e-01
v -4.141414141414e-01 0.000000000000e+00 -2.121212121212e-01
v -4.747474747475e-01 0.000000000000e+00 -2.323232323232e-01
v -4.343434343434e-01 0.000000000000e+00 -2.525252525253e-01
v -4.343434343434e-01 0.000000000000e+00 -1.919191919192e-01
v -4.343434343434e-01 0.000000000000e+00 -2.323232323232e-01
v -4.141414141414e-01 0.000000000000e+00 -2.525252525253e-01
v -4.343434343434e-01 0.000000000000e+00 -2.121212121212e-01
v -4.545454545455e-01 0.000000000000e+00 -2.121212121212e-01
v -4.747474747475e-01 0.000000000000e+00 -2.121212121212e-01
v -4.949494949495e-01 0.000000000000e+00 -1.313131313131e-01
v -4.747474747475e-01 0.000000000000e+00 -1.313131313131e-01
v -4.747474747475e-01 0.000000000000e+00 -1.111111111111e-01
v -4.949494949495e-01 0.000000000000e+00 -1.111111111111e-01
v -4.949494949495e-01 0.000000000000e+00 -9.090909090909e-02
v -4.747474747475e-01 0.000000000000e+00 -3.030303030303e-02
v -4.747474747475e-01 0.000000000000e+00 -9.090909090909e-02
v -5.151515151515e-01 0.000000000000e+00 -7.070707070707e-02
v -5.151515151515e-01 0.000000000000e+00 -9.090909090909e-02
v -4.949494949495e-01 0.000000000000e+00 -3.030303030303e-02
v -4.747474747475e-01 0.000000000000e+00 -7.070707070707e-02
v -5.151515151515e-01 0.000000000000e+00 -1.111111111111e-01
v -4.949494949495e-01 0.000000000000e+00 -7.070707070707e-02
v -4.949494949495e-01 0.000000000000e+00 -5.050505050505e-02
v -4.747474747475e-01 0.000000000000e+00 -5.050505050505e-02
v -5.959595959596e-01 0.000000000000e+00 -5.050505050505e-02
v -5.959595959596e-01 0.000000000000e+00 -7.070707070707e-02
v -5.959595959596e-01 0.000000000000e+00 -3.030303030303e-02
v -6.161616161616e-01 0.000000000000e+00 -5.050505050505e-02
v -6.161616161616e-01 0.000000000000e+00 -3.030303030303e-02
v -5.757575757576e-01 0.000000000000e+00 -7.070707070707e-02
v -5.555555555556e-01 0.000000000000e+00 -5.050505050505e-02
v -6.161616161616e-01 0.000000000000e+00 -7.070707070707e-02
v -5.151515151515e-01 0.000000000000e+00 -3.030303030303e-02
v -5.757575757576e-01 0.000000000000e+00 -5.050505050505e-02
v -5.151515151515e-01 0.000000000000e+00 -5.050505050505e-02
v -5.353535353535e-01 0.000000000000e+00 -5.050505050505e-02
v -5.555555555556e-01 0.000000000000e+00 -3.030303030303e-02
v -5.353535353535e-01 0.000000000000e+00 -3.030303030303e-02
v -5.757575757576e-01 0.000000000000e+00 -3.030303030303e-02
v -5.757575757576e-01 0.000000000000e+00 -1.313131313131e-01
v -5.353535353535e-01 0.000000000000e+00 -9.090909090909e-02
v -5.555555555556e-01 0.000000000000e+00 -9.090909090909e-02
v -5.757575757576e-01 0.000000000000e+00 -1.111111111111e-01
v -5.757575757576e-01 0.000000000000e+00 -9.090909090909e-02
v -5.555555555556e-01 0.000000000000e+00 -1.111111111111e-01
v -5.959595959596e-01 0.000000000000e+00 -1.111111111111e-01
v -6.161616161616e-01 0.000000000000e+00 -9.090909090909e-02
v -6.161616161616e-01 0.000000000000e+00 -1.313131313131e-01
v -6.161616161616e-01 0.000000000000e+00 -1.111111111111e-01
v -5.959595959596e-01 0.000000000000e+00 -9.090909090909e-02
v -5.959595959596e-01 0.000000000000e+00 -1.313131313131e-01
v -5.353535353535e-01 0.000000000000e+00 -7.070707070707e-02
v -5.555555555556e-01 0.000000000000e+00 -7.070707070707e-02
v -5.353535353535e-01 0.000000000000e+00 -1.111111111111e-01
v -5.151515151515e-01 0.000000000000e+00 -1.717171717172e-01
v -5.151515151515e-01 0.000000000000e+00 -1.313131313131e-01
v -4.949494949495e-01 0.000000000000e+00 -1.919191919192e-01
v -5.151515151515e-01 0.000000000000e+00 -1.919191919192e-01
v -5.151515151515e-01 0.000000000000e+00 -2.121212121212e-01
v -5.555555555556e-01 0.000000000000e+00 -1.515151515152e-01
v -5.555555555556e-01 0.000000000000e+00 -1.717171717172e-01
v -5.353535353535e-01 0.000000000000e+00 -1.313131313131e-01
v -5.353535353535e-01 0.000000000000e+00 -1.717171717172e-01
v -5.555555555556e-01 0.000000000000e+00 -1.313131313131e-01
v -4.949494949495e-01 0.000000000000e+00 -1.717171717172e-01
v -4.949494949495e-01 0.000000000000e+00 -1.515151515152e-01
v -5.353535353535e-01 0.000000000000e+00 -1.515151515152e-01
v -4.747474747475e-01 0.000000000000e+00 -1.919191919192e-01
v -5.151515151515e-01 0.000000000000e+00 -1.515151515152e-01
v -4.949494949495e-01 0.000000000000e+00 -2.121212121212e-01
v -5.555555555556e-01 0.000000000000e+00 -2.121212121212e-01
v -4.949494949495e-01 0.000000000000e+00 -2.525252525253e-01
v -5.151515151515e-01 0.000000000000e+00 -2.525252525253e-01
v -5.353535353535e-01 0.000000000000e+00 -2.525252525253e-01
v -5.555555555556e-01 0.000000000000e+00 -2.525252525253e-01
v -5.555555555556e-01 0.000000000000e+00 -2.323232323232e-01
v -5.353535353535e-01 0.000000000000e+00 -2.323232323232e-01
v -5.555555555556e-01 0.000000000000e+00 -1.919191919192e-01
v -5.151515151515e-01 0.000000000000e+00 -2.323232323232e-01
v -5.757575757576e-01 0.000000000000e+00 -2.323232323232e-01
v -5.757575757576e-01 0.000000000000e+00 -2.121212121212e-01
v -5.353535353535e-01 0.000000000000e+00 -2.121212121212e-01
v -5.757575757576e-01 0.000000000000e+00 -2.525252525253e-01
v -5.353535353535e-01 0.000000000000e+00 -1.919191919192e-01
v -4.949494949495e-01 0.000000000000e+00 -2.323232323232e-01
v -5.757575757576e-01 0.000000000000e+00 -1.919191919192e-01
v -5.959595959596e-01 0.000000000000e+00 -1.919191919192e-01
v -5.959595959596e-01 0.000000000000e+00 -1.717171717172e-01
v -6.161616161616e-01 0.000000000000e+00 -1.717171717172e-01
v -6.161616161616e-01 0.000000000000e+00 -1.515151515152e-01
v -6.161616161616e-01 0.000000000000e+00 -1.919191919192e-01
v -6.161616161616e-01 0.000000000000e+00 -2.323232323232e-01
v -5.959595959596e-01 0.000000000000e+00 -2.525252525253e-01
v -5.959595959596e-01 0.000000000000e+00 -2.121212121212e-01
v -6.161616161616e-01 0.000000000000e+00 -2.121212121212e-01
v -5.959595959596e-01 0.000000000000e+00 -1.515151515152e-01
v -5.959595959596e-01 0.000000000000e+00 -2.323232323232e-01
v -5.757575757576e-01 0.000000000000e+00 -1.515151515152e-01
v -5.757575757576e-01 0.000000000000e+00 -1.717171717172e-01
v 1.010101010101e-02 0.000000000000e+00 -1.919191919192e-01
v 3.030303030303e-02 0.000000000000e+00 -1.313131313131e-01
v -1.010101010101e-02 0.000000000000e+00 -1.919191919192e-01
v 3.030303030303e-02 0.000000000000e+00 -2.121212121212e-01
v 3.030303030303e-02 0.000000000000e+00 -1.919191919192e-01
v -1.010101010101e-02 0.000000000000e+00 -2.121212121212e-01
v 1.010101010101e-02 0.000000000000e+00 -1.515151515152e-01
v 1.010101010101e-02 0.000000000000e+00 -1.717171717172e-01
v 3.030303030303e-02 0.000000000000e+00 -1.515151515152e-01
v -1.010101010101e-02 0.000000000000e+00 -1.717171717172e-01
v 1.010101010101e-02 0.000000000000e+00 -2.121212121212e-01
v -1.010101010101e-02 0.000000000000e+00 -1.515151515152e-01
v 5.050505050505e-02 0.000000000000e+00 -1.919191919192e-01
v 3.030303030303e-02 0.000000000000e+00 -1.717171717172e-01
v 1.010101010101e-02 0.000000000000e+00 -2.525252525253e-01
v 3.030303030303e-02 0.000000000000e+00 -2.525252525253e-01
v 1.010101010101e-02 0.000000000000e+00 -2.323232323232e-01
v 3.030303030303e-02 0.000000000000e+00 -2.323232323232e-01
v -1.010101010101e-02 0.000000000000e+00 -2.323232323232e-01
v -3.030303030303e-02 0.000000000000e+00 -2.727272727273e-01
v -3.030303030303e-02 0.000000000000e+00 -2.929292929293e-01
v -1.010101010101e-02 0.000000000000e+00 -2.525252525253e-01
v -1.010101010101e-02 0.000000000000e+00 -2.727272727273e-01
v 1.010101010101e-02 0.000000000000e+00 -2.727272727273e-01
v 3.030303030303e-02 0.000000000000e+00 -2.929292929293e-01
v -3.030303030303e-02 0.000000000000e+00 -2.525252525253e-01
v -3.030303030303e-02 0.000000000000e+00 -2.323232323232e-01
v -1.010101010101e-02 0.000000000000e+00 -2.929292929293e-01
v 1.010101010101e-02 0.000000000000e+00 -2.929292929293e-01
v 3.030303030303e-02 0.000000000000e+00 -2.727272727273e-01
v -7.070707070707e-02 0.000000000000e+00 -2.525252525253e-01
v -5.050505050505e-02 0.000000000000e+00 -2.525252525253e-01
v -9.090909090909e-02 0.000000000000e+00 -3.131313131313e-01
v -7.070707070707e-02 0.000000000000e+00 -3.131313131313e-01
v -7.070707070707e-02 0.000000000000e+00 -3.333333333333e-01
v -1.111111111111e-01 0.000000000000e+00 -3.131313131313e-01
v -9.090909090909e-02 0.000000000000e+00 -2.727272727273e-01
v -1.111111111111e-01 0.000000000000e+00 -3.333333333333e-01
v -7.070707070707e-02 0.000000000000e+00 -2.929292929293e-01
v -1.111111111111e-01 0.000000000000e+00 -2.929292929293e-01
v -9.090909090909e-02 0.000000000000e+00 -2.929292929293e-01
v -9.090909090909e-02 0.000000000000e+00 -3.333333333333e-01
v -7.070707070707e-02 0.000000000000e+00 -2.727272727273e-01
v -5.050505050505e-02 0.000000000000e+00 -2.929292929293e-01
v -5.050505050505e-02 0.000000000000e+00 -2.727272727273e-01
v -3.030303030303e-02 0.000000000000e+00 -1.717171717172e-01
v -7.070707070707e-02 0.000000000000e+00 -1.919191919192e-01
v -5.050505050505e-02 0.000000000000e+00 -2.121212121212e-01
v -7.070707070707e-02 0.000000000000e+00 -2.121212121212e-01
v -3.030303030303e-02 0.000000000000e+00 -1.919191919192e-01
v -5.050505050505e-02 0.000000000000e+00 -1.919191919192e-01
v -3.030303030303e-02 0.000000000000e+00 -2.121212121212e-01
v -5.050505050505e-02 0.000000000000e+00 -1.717171717172e-01
v -7.070707070707e-02 0.000000000000e+00 -1.717171717172e-01
v -5.050505050505e-02 0.000000000000e+00 -2.323232323232e-01
v -7.070707070707e-02 0.000000000000e+00 -2.323232323232e-01
v -9.090909090909e-02 0.000000000000e+00 -2.121212121212e-01
v -1.111111111111e-01 0.000000000000e+00 -1.717171717172e-01
v -9.090909090909e-02 0.000000000000e+00 -1.717171717172e-01
v -9.090909090909e-02 0.000000000000e+00 -1.919191919192e-01
v -1.111111111111e-01 0.000000000000e+00 -1.919191919192e-01
v -1.111111111111e-01 0.000000000000e+00 -2.121212121212e-01
v -1.313131313131e-01 0.000000000000e+00 -2.323232323232e-01
v -1.111111111111e-01 0.000000000000e+00 -2.323232323232e-01
v -9.090909090909e-02 0.000000000000e+00 -2.525252525253e-01
v -1.111111111111e-01 0.000000000000e+00 -2.525252525253e-01
v -1.515151515152e-01 0.000000000000e+00 -1.919191919192e-01
v -1.111111111111e-01 0.000000000000e+00 -2.727272727273e-01
v -9.090909090909e-02 0.000000000000e+00 -2.323232323232e-01
v -1.313131313131e-01 0.000000000000e+00 -2.525252525253e-01
v -1.313131313131e-01 0.000000000000e+00 -1.919191919192e-01
v -1.313131313131e-01 0.000000000000e+00 -2.121212121212e-01
v -1.515151515152e-01 0.000000000000e+00 -2.323232323232e-01
v -1.717171717172e-01 0.000000000000e+00 -2.323232323232e-01
v -1.717171717172e-01 0.000000000000e+00 -2.121212121212e-01
v -1.515151515152e-01 0.000000000000e+00 -2.121212121212e-01
v -3.030303030303e-02 0.000000000000e+00 -5.050505050505e-02
v -1.010101010101e-02 0.000000000000e+00 -7.070707070707e-02
v 3.030303030303e-02 0.000000000000e+00 -5.050505050505e-02
v 3.030303030303e-02 0.000000000000e+00 -9.090909090909e-02
v -3.030303030303e-02 0.000000000000e+00 -3.030303030303e-02
v -1.010101010101e-02 0.000000000000e+00 -3.030303030303e-02
v 3.030303030303e-02 0.000000000000e+00 -1.111111111111e-01
v 1.010101010101e-02 0.000000000000e+00 -5.050505050505e-02
v 3.030303030303e-02 0.000000000000e+00 -7.070707070707e-02
v 1.010101010101e-02 0.000000000000e+00 -3.030303030303e-02
v -1.010101010101e-02 0.000000000000e+00 -5.050505050505e-02
v 1.010101010101e-02 0.000000000000e+00 -9.090909090909e-02
v 3.030303030303e-02 0.000000000000e+00 -3.030303030303e-02
v 1.010101010101e-02 0.000000000000e+00 -7.070707070707e-02
v -5.050505050505e-02 0.000000000000e+00 -1.515151515152e-01
v -5.050505050505e-02 0.000000000000e+00 -1.313131313131e-01
v -1.010101010101e-02 0.000000000000e+00 -9.090909090909e-02
v -5.050505050505e-02 0.000000000000e+00 -7.070707070707e-02
v 1.010101010101e-02 0.000000000000e+00 -1.313131313131e-01
v -1.010101010101e-02 0.000000000000e+00 -1.111111111111e-01
v 1.010101010101e-02 0.000000000000e+00 -1.111111111111e-01
v -1.010101010101e-02 0.000000000000e+00 -1.313131313131e-01
v -3.030303030303e-02 0.000000000000e+00 -9.090909090909e-02
v -5.050505050505e-02 0.000000000000e+00 -1.111111111111e-01
v -3.030303030303e-02 0.000000000000e+00 -7.070707070707e-02
v -5.050505050505e-02 0.000000000000e+00 -9.090909090909e-02
v -3.030303030303e-02 0.000000000000e+00 -1.111111111111e-01
v -3.030303030303e-02 0.000000000000e+00 -1.313131313131e-01
v -3.030303030303e-02 0.000000000000e+00 -1.515151515152e-01
v -1.313131313131e-01 0.000000000000e+00 -1.515151515152e-01
v -1.717171717172e-01 0.000000000000e+00 -1.515151515152e-01
v -1.111111111111e-01 0.000000000000e+00 -1.515151515152e-01
v -9.090909090909e-02 0.000000000000e+00 -1.515151515152e-01
v -1.111111111111e-01 0.000000000000e+00 -1.313131313131e-01
v -1.313131313131e-01 0.000000000000e+00 -1.717171717172e-01
v -9.090909090909e-02 0.000000000000e+00 -1.313131313131e-01
v -1.717171717172e-01 0.000000000000e+00 -1.313131313131e-01
v -7.070707070707e-02 0.000000000000e+00 -1.313131313131e-01
v -7.070707070707e-02 0.000000000000e+00 -1.515151515152e-01
v -1.111111111111e-01 0.000000000000e+00 -1.111111111111e-01
v -1.515151515152e-01 0.000000000000e+00 -1.717171717172e-01
v -1.515151515152e-01 0.000000000000e+00 -1.515151515152e-01
v -1.313131313131e-01 0.000000000000e+00 -1.313131313131e-01
v -1.515151515152e-01 0.000000000000e+00 -1.313131313131e-01
v -9.090909090909e-02 0.000000000000e+00 -1.111111111111e-01
v -7.070707070707e-02 0.000000000000e+00 -5.050505050505e-02
v -9.090909090909e-02 0.000000000000e+00 -5.050505050505e-02
v -1.111111111111e-01 0.000000000000e+00 -5.050505050505e-02
v -5.050505050505e-02 0.000000000000e+00 -3.030303030303e-02
v -7.070707070707e-02 0.000000000000e+00 -3.030303030303e-02
v -9.090909090909e-02 0.000000000000e+00 -3.030303030303e-02
v -1.111111111111e-01 0.000000000000e+00 -3.030303030303e-02
v -9.090909090909e-02 0.000000000000e+00 -7.070707070707e-02
v -1.111111111111e-01 0.000000000000e+00 -7.070707070707e-02
v -1.111111111111e-01 0.000000000000e+00 -9.090909090909e-02
v -7.070707070707e-02 0.000000000000e+00 -1.111111111111e-01
v -7.070707070707e-02 0.000000000000e+00 -9.090909090909e-02
v -9.090909090909e-02 0.000000000000e+00 -9.090909090909e-02
v -5.050505050505e-02 0.000000000000e+00 -5.050505050505e-02
v -7.070707070707e-02 0.000000000000e+00 -7.070707070707e-02
v -1.717171717172e-01 0.000000000000e+00 -3.030303030303e-02
v -1.515151515152e-01 0.000000000000e+00 -3.030303030303e-02
v -1.515151515152e-01 0.000000000000e+00 -1.111111111111e-01
v -1.717171717172e-01 0.000000000000e+00 -1.111111111111e-01
v -1.717171717172e-01 0.000000000000e+00 -9.090909090909e-02
v -1.515151515152e-01 0.000000000000e+00 -9.090909090909e-02
v -1.313131313131e-01 0.000000000000e+00 -3.030303030303e-02
v -1.313131313131e-01 0.000000000000e+00 -1.111111111111e-01
v -1.313131313131e-01 0.000000000000e+00 -7.070707070707e-02
v -1.313131313131e-01 0.000000000000e+00 -9.090909090909e-02
v -1.717171717172e-01 0.000000000000e+00 -7.070707070707e-02
v -1.515151515152e-01 0.000000000000e+00 -7.070707070707e-02
v -1.717171717172e-01 0.000000000000e+00 -5.050505050505e-02
v -1.515151515152e-01 0.000000000000e+00 -5.050505050505e-02
v -1.313131313131e-01 0.000000000000e+00 -5.050505050505e-02
v -3.333333333333e-01 0.000000000000e+00 -5.050505050505e-02
v -3.131313131313e-01 0.000000000000e+00 -5.050505050505e-02
v -3.131313131313e-01 0.000000000000e+00 -3.030303030303e-02
v -2.929292929293e-01 0.000000000000e+00 -9.090909090909e-02
v -3.333333333333e-01 0.000000000000e+00 -1.111111111111e-01
v -3.333333333333e-01 0.000000000000e+00 -9.090909090909e-02
v -2.929292929293e-01 0.000000000000e+00 -5.050505050505e-02
v -3.131313131313e-01 0.000000000000e+00 -7.070707070707e-02
v -3.131313131313e-01 0.000000000000e+00 -9.090909090909e-02
v -2.929292929293e-01 0.000000000000e+00 -7.070707070707e-02
v -2.929292929293e-01 0.000000000000e+00 -3.030303030303e-02
v -3.131313131313e-01 0.000000000000e+00 -1.111111111111e-01
v -3.333333333333e-01 0.000000000000e+00 -7.070707070707e-02
v -2.929292929293e-01 0.000000000000e+00 -1.111111111111e-01
v -3.333333333333e-01 0.000000000000e+00 -3.030303030303e-02
v -3.333333333333e-01 0.000000000000e+00 -1.717171717172e-01
v -2.727272727273e-01 0.000000000000e+00 -1.919191919192e-01
v -3.131313131313e-01 0.000000000000e+00 -1.919191919192e-01
v -3.131313131313e-01 0.000000000000e+00 -1.313131313131e-01
v -3.333333333333e-01 0.000000000000e+00 -1.919191919192e-01
v -2.727272727273e-01 0.000000000000e+00 -1.515151515152e-01
v -2.929292929293e-01 0.000000000000e+00 -1.919191919192e-01
v -3.333333333333e-01 0.000000000000e+00 -1.515151515152e-01
v -3.333333333333e-01 0.000000000000e+00 -1.313131313131e-01
v -2.727272727273e-01 0.000000000000e+00 -1.717171717172e-01
v -2.929292929293e-01 0.000000000000e+00 -1.313131313131e-01
v -2.929292929293e-01 0.000000000000e+00 -1.717171717172e-01
v -3.131313131313e-01 0.000000000000e+00 -1.717171717172e-01
v -2.929292929293e-01 0.000000000000e+00 -1.515151515152e-01
v -3.131313131313e-01 0.000000000000e+00 -1.515151515152e-01
v -2.727272727273e-01 0.000000000000e+00 -5.050505050505e-02
v -1.919191919192e-01 0.000000000000e+00 -5.050505050505e-02
v -2.121212121212e-01 0.000000000000e+00 -3.030303030303e-02
v -2.121212121212e-01 0.000000000000e+00 -5.050505050505e-02
v -2.323232323232e-01 0.000000000000e+00 -3.030303030303e-02
v -1.919191919192e-01 0.000000000000e+00 -3.030303030303e-02
v -2.525252525253e-01 0.000000000000e+00 -3.030303030303e-02
v -2.727272727273e-01 0.000000000000e+00 -3.030303030303e-02
v -2.727272727273e-01 0.000000000000e+00 -7.070707070707e-02
v -2.525252525253e-01 0.000000000000e+00 -5.050505050505e-02
v -2.121212121212e-01 0.000000000000e+00 -7.070707070707e-02
v -2.525252525253e-01 0.000000000000e+00 -7.070707070707e-02
v -2.323232323232e-01 0.000000000000e+00 -5.050505050505e-02
v -2.323232323232e-01 0.000000000000e+00 -7.070707070707e-02
v -1.919191919192e-01 0.000000000000e+00 -7.070707070707e-02
v -1.919191919192e-01 0.000000000000e+00 -1.717171717172e-01
v -2.121212121212e-01 0.000000000000e+00 -1.717171717172e-01
v -2.525252525253e-01 0.000000000000e+00 -1.515151515152e-01
v -2.525252525253e-01 0.000000000000e+00 -1.717171717172e-01
v -1.919191919192e-01 0.000000000000e+00 -1.919191919192e-01
v -1.717171717172e-01 0.000000000000e+00 -1.717171717172e-01
v -1.717171717172e-01 0.000000000000e+00 -1.919191919192e-01
v -2.323232323232e-01 0.000000000000e+00 -1.919191919192e-01
v -1.919191919192e-01 0.000000000000e+00 -1.515151515152e-01
v -2.525252525253e-01 0.000000000000e+00 -1.919191919192e-01
v -2.121212121212e-01 0.000000000000e+00 -1.919191919192e-01
v -2.121212121212e-01 0.000000000000e+00 -1.515151515152e-01
v -2.323232323232e-01 0.000000000000e+00 -1.717171717172e-01
v -2.323232323232e-01 0.000000000000e+00 -1.515151515152e-01
v -2.121212121212e-01 0.000000000000e+00 -1.111111111111e-01
v -1.919191919192e-01 0.000000000000e+00 -9.090909090909e-02
v -2.121212121212e-01 0.000000000000e+00 -9.090909090909e-02
v -2.323232323232e-01 0.000000000000e+00 -9.090909090909e-02
v -2.525252525253e-01 0.000000000000e+00 -9.090909090909e-02
v -2.727272727273e-01 0.000000000000e+00 -9.090909090909e-02
v -2.121212121212e-01 0.000000000000e+00 -1.313131313131e-01
v -2.525252525253e-01 0.000000000000e+00 -1.313131313131e-01
v -2.727272727273e-01 0.000000000000e+00 -1.313131313131e-01
v -2.323232323232e-01 0.000000000000e+00 -1.313131313131e-01
v -2.323232323232e-01 0.000000000000e+00 -1.111111111111e-01
v -2.525252525253e-01 0.000000000000e+00 -1.111111111111e-01
v -1.919191919192e-01 0.000000000000e+00 -1.313131313131e-01
v -2.727272727273e-01 0.000000000000e+00 -1.111111111111e-01
v -1.919191919192e-01 0.000000000000e+00 -1.111111111111e-01
v -2.323232323232e-01 0.000000000000e+00 -2.323232323232e-01
v -2.323232323232e-01 0.000000000000e+00 -2.525252525253e-01
v -2.121212121212e-01 0.000000000000e+00 -2.323232323232e-01
v -1.919191919192e-01 0.000000000000e+00 -2.121212121212e-01
v -2.121212121212e-01 0.000000000000e+00 -2.525252525253e-01
v -2.525252525253e-01 0.000000000000e+00 -2.323232323232e-01
v -2.121212121212e-01 0.000000000000e+00 -2.727272727273e-01
v -2.525252525253e-01 0.000000000000e+00 -2.525252525253e-01
v -2.525252525253e-01 0.000000000000e+00 -2.121212121212e-01
v -2.525252525253e-01 0.000000000000e+00 -2.727272727273e-01
v -2.121212121212e-01 0.000000000000e+00 -2.121212121212e-01
v -2.323232323232e-01 0.000000000000e+00 -2.727272727273e-01
v -1.919191919192e-01 0.000000000000e+00 -2.323232323232e-01
v -2.323232323232e-01 0.000000000000e+00 -2.121212121212e-01
v -2.121212121212e-01 0.000000000000e+00 -3.535353535354e-01
v -1.515151515152e-01 0.000000000000e+00 -3.535353535354e-01
v -1.919191919192e-01 0.000000000000e+00 -3.333333333333e-01
v -1.717171717172e-01 0.000000000000e+00 -3.333333333333e-01
v -1.515151515152e-01 0.000000000000e+00 -3.333333333333e-01
v -2.121212121212e-01 0.000000000000e+00 -2.929292929293e-01
v -1.313131313131e-01 0.000000000000e+00 -3.535353535354e-01
v -1.313131313131e-01 0.000000000000e+00 -3.333333333333e-01
v -2.323232323232e-01 0.000000000000e+00 -3.131313131313e-01
v -2.121212121212e-01 0.000000000000e+00 -3.131313131313e-01
v -1.919191919192e-01 0.000000000000e+00 -3.131313131313e-01
v -2.323232323232e-01 0.000000000000e+00 -2.929292929293e-01
v -2.323232323232e-01 0.000000000000e+00 -3.333333333333e-01
v -2.121212121212e-01 0.000000000000e+00 -3.333333333333e-01
v -1.717171717172e-01 0.000000000000e+00 -3.535353535354e-01
v -1.919191919192e-01 0.000000000000e+00 -3.535353535354e-01
v -1.515151515152e-01 0.000000000000e+00 -2.727272727273e-01
v -1.313131313131e-01 0.000000000000e+00 -2.727272727273e-01
v -1.717171717172e-01 0.000000000000e+00 -2.929292929293e-01
v -1.515151515152e-01 0.000000000000e+00 -3.131313131313e-01
v -1.717171717172e-01 0.000000000000e+00 -2.727272727273e-01
v -1.919191919192e-01 0.000000000000e+00 -2.929292929293e-01
v -1.717171717172e-01 0.000000000000e+00 -2.525252525253e-01
v -1.919191919192e-01 0.000000000000e+00 -2.525252525253e-01
v -1.515151515152e-01 0.000000000000e+00 -2.525252525253e-01
v -1.919191919192e-01 0.000000000000e+00 -2.727272727273e-01
v -1.717171717172e-01 0.000000000000e+00 -3.131313131313e-01
v -1.313131313131e-01 0.000000000000e+00 -2.929292929293e-01
v -1.313131313131e-01 0.000000000000e+00 -3.131313131313e-01
v -1.515151515152e-01 0.000000000000e+00 -2.929292929293e-01
v -2.929292929293e-01 0.000000000000e+00 -3.737373737374e-01
v -2.929292929293e-01 0.000000000000e+00 -4.141414141414e-01
v -2.525252525253e-01 0.000000000000e+00 -3.535353535354e-01
v -2.525252525253e-01 0.000000000000e+00 -3.333333333333e-01
v -2.323232323232e-01 0.000000000000e+00 -3.737373737374e-01
v -3.131313131313e-01 0.000000000000e+00 -3.939393939394e-01
v -3.131313131313e-01 0.000000000000e+00 -3.737373737374e-01
v -3.131313131313e-01 0.000000000000e+00 -4.141414141414e-01
v -2.525252525253e-01 0.000000000000e+00 -3.939393939394e-01
v -2.727272727273e-01 0.000000000000e+00 -3.737373737374e-01
v -2.727272727273e-01 0.000000000000e+00 -3.939393939394e-01
v -2.929292929293e-01 0.000000000000e+00 -3.939393939394e-01
v -2.525252525253e-01 0.000000000000e+00 -3.737373737374e-01
v -2.727272727273e-01 0.000000000000e+00 -3.535353535354e-01
v -2.323232323232e-01 0.000000000000e+00 -3.535353535354e-01
v -2.929292929293e-01 0.000000000000e+00 -3.535353535354e-01
v -3.333333333333e-01 0.000000000000e+00 -3.131313131313e-01
v -3.131313131313e-01 0.000000000000e+00 -3.131313131313e-01
v -3.333333333333e-01 0.000000000000e+00 -3.333333333333e-01
v -3.131313131313e-01 0.000000000000e+00 -3.535353535354e-01
v -2.727272727273e-01 0.000000000000e+00 -3.131313131313e-01
v -2.929292929293e-01 0.000000000000e+00 -2.929292929293e-01
v -2.525252525253e-01 0.000000000000e+00 -3.131313131313e-01
v -2.727272727273e-01 0.000000000000e+00 -3.333333333333e-01
v -2.727272727273e-01 0.000000000000e+00 -2.929292929293e-01
v -2.929292929293e-01 0.000000000000e+00 -3.333333333333e-01
v -2.929292929293e-01 0.000000000000e+00 -3.131313131313e-01
v -3.333333333333e-01 0.000000000000e+00 -2.929292929293e-01
v -3.131313131313e-01 0.000000000000e+00 -2.929292929293e-01
v -3.131313131313e-01 0.000000000000e+00 -3.333333333333e-01
v -2.525252525253e-01 0.000000000000e+00 -2.929292929293e-01
v -3.131313131313e-01 0.000000000000e+00 -2.525252525253e-01
v -3.131313131313e-01 0.000000000000e+00 -2.323232323232e-01
v -3.333333333333e-01 0.000000000000e+00 -2.727272727273e-01
v -3.333333333333e-01 0.000000000000e+00 -2.525252525253e-01
v -2.929292929293e-01 0.000000000000e+00 -2.727272727273e-01
v -3.131313131313e-01 0.000000000000e+00 -2.727272727273e-01
v -2.727272727273e-01 0.000000000000e+00 -2.727272727273e-01
v -3.333333333333e-01 0.000000000000e+00 -2.121212121212e-01
v -3.131313131313e-01 0.000000000000e+00 -2.121212121212e-01
v -2.929292929293e-01 0.000000000000e+00 -2.323232323232e-01
v -2.929292929293e-01 0.000000000000e+00 -2.121212121212e-01
v -3.333333333333e-01 0.000000000000e+00 -2.323232323232e-01
v -2.929292929293e-01 0.000000000000e+00 -2.525252525253e-01
v -2.727272727273e-01 0.000000000000e+00 -2.121212121212e-01
v -2.727272727273e-01 0.000000000000e+00 -2.525252525253e-01
v -2.727272727273e-01 0.000000000000e+00 -2.323232323232e-01
v -8.181818181818e-01 0.000000000000e+00 -4.343434343434e-01
v -8.181818181818e-01 0.000000000000e+00 -4.545454545455e-01
v -8.383838383838e-01 0.000000000000e+00 -4.343434343434e-01
v -8.181818181818e-01 0.000000000000e+00 -3.737373737374e-01
v -8.181818181818e-01 0.000000000000e+00 -3.939393939394e-01
v -7.979797979798e-01 0.000000000000e+00 -3.939393939394e-01
v -7.979797979798e-01 0.000000000000e+00 -4.545454545455e-01
v -8.383838383838e-01 0.000000000000e+00 -4.545454545455e-01
v -8.181818181818e-01 0.000000000000e+00 -4.141414141414e-01
v -7.777777777778e-01 0.000000000000e+00 -4.343434343434e-01
v -7.979797979798e-01 0.000000000000e+00 -4.343434343434e-01
v -8.383838383838e-01 0.000000000000e+00 -4.141414141414e-01
v -7.979797979798e-01 0.000000000000e+00 -4.141414141414e-01
v -8.383838383838e-01 0.000000000000e+00 -3.939393939394e-01
v -7.777777777778e-01 0.000000000000e+00 -4.545454545455e-01
v -8.585858585859e-01 0.000000000000e+00 -5.151515151515e-01
v -7.777777777778e-01 0.000000000000e+00 -5.151515151515e-01
v -7.979797979798e-01 0.000000000000e+00 -4.747474747475e-01
v -8.383838383838e-01 0.000000000000e+00 -4.747474747475e-01
v -8.383838383838e-01 0.000000000000e+00 -4.949494949495e-01
v -8.383838383838e-01 0.000000000000e+00 -5.151515151515e-01
v -7.777777777778e-01 0.000000000000e+00 -4.949494949495e-01
v -8.585858585859e-01 0.000000000000e+00 -4.949494949495e-01
v -8.181818181818e-01 0.000000000000e+00 -4.747474747475e-01
v -7.979797979798e-01 0.000000000000e+00 -5.151515151515e-01
v -8.181818181818e-01 0.000000000000e+00 -5.151515151515e-01
v -7.777777777778e-01 0.000000000000e+00 -4.747474747475e-01
v -8.585858585859e-01 0.000000000000e+00 -4.747474747475e-01
v -7.979797979798e-01 0.000000000000e+00 -4.949494949495e-01
v -8.181818181818e-01 0.000000000000e+00 -4.949494949495e-01
v -9.595959595960e-01 0.000000000000e+00 -4.141414141414e-01
v -9.797979797980e-01 0.000000000000e+00 -4.545454545455e-01
v -1.000000000000e+00 0.000000000000e+00 -4.141414141414e-01
v -9.797979797980e-01 0.000000000000e+00 -4.343434343434e-01
v -1.000000000000e+00 0.000000000000e+00 -4.949494949495e-01
v -9.797979797980e-01 0.000000000000e+00 -4.949494949495e-01
v -1.000000000000e+00 0.000000000000e+00 -4.545454545455e-01
v -9.595959595960e-01 0.000000000000e+00 -4.343434343434e-01
v -1.000000000000e+00 0.000000000000e+00 -4.343434343434e-01
v -9.797979797980e-01 0.000000000000e+00 -4.141414141414e-01
v -9.595959595960e-01 0.000000000000e+00 -4.747474747475e-01
v -9.595959595960e-01 0.000000000000e+00 -4.545454545455e-01
v -1.000000000000e+00 0.000000000000e+00 -4.747474747475e-01
v -9.595959595960e-01 0.000000000000e+00 -4.949494949495e-01
v -9.797979797980e-01 0.000000000000e+00 -4.747474747475e-01
v -8.585858585859e-01 0.000000000000e+00 -3.939393939394e-01
v -8.585858585859e-01 0.000000000000e+00 -4.141414141414e-01
v -8.787878787879e-01 0.000000000000e+00 -3.939393939394e-01
v -9.393939393939e-01 0.000000000000e+00 -4.343434343434e-01
v -9.191919191919e-01 0.000000000000e+00 -4.343434343434e-01
v -8.787878787879e-01 0.000000000000e+00 -4.545454545455e-01
v -8.989898989899e-01 0.000000000000e+00 -4.343434343434e-01
v -8.585858585859e-01 0.000000000000e+00 -4.545454545455e-01
v -8.585858585859e-01 0.000000000000e+00 -4.343434343434e-01
v -8.787878787879e-01 0.000000000000e+00 -4.141414141414e-01
v -8.989898989899e-01 0.000000000000e+00 -4.141414141414e-01
v -8.787878787879e-01 0.000000000000e+00 -4.343434343434e-01
v -9.393939393939e-01 0.000000000000e+00 -4.141414141414e-01
v -8.989898989899e-01 0.000000000000e+00 -3.939393939394e-01
v -9.191919191919e-01 0.000000000000e+00 -3.939393939394e-01
v -9.191919191919e-01 0.000000000000e+00 -4.141414141414e-01
v -8.787878787879e-01 0.000000000000e+00 -5.151515151515e-01
v -8.787878787879e-01 0.000000000000e+00 -4.949494949495e-01
v -8.989898989899e-01 0.000000000000e+00 -5.151515151515e-01
v -9.393939393939e-01 0.000000000000e+00 -5.151515151515e-01
v -9.393939393939e-01 0.000000000000e+00 -4.949494949495e-01
v -8.989898989899e-01 0.000000000000e+00 -4.949494949495e-01
v -8.989898989899e-01 0.000000000000e+00 -4.545454545455e-01
v -9.191919191919e-01 0.000000000000e+00 -4.747474747475e-01
v -8.787878787879e-01 0.000000000000e+00 -4.747474747475e-01
v -9.191919191919e-01 0.000000000000e+00 -5.151515151515e-01
v -9.191919191919e-01 0.000000000000e+00 -4.949494949495e-01
v -8.989898989899e-01 0.000000000000e+00 -4.747474747475e-01
v -9.393939393939e-01 0.000000000000e+00 -4.747474747475e-01
v -9.191919191919e-01 0.000000000000e+00 -4.545454545455e-01
v -9.393939393939e-01 0.000000000000e+00 -4.545454545455e-01
v -8.383838383838e-01 0.000000000000e+00 -5.555555555556e-01
v -8.585858585859e-01 0.000000000000e+00 -5.555555555556e-01
v -8.181818181818e-01 0.000000000000e+00 -5.353535353535e-01
v -7.979797979798e-01 0.000000000000e+00 -5.757575757576e-01
v -7.777777777778e-01 0.000000000000e+00 -5.353535353535e-01
v -7.777777777778e-01 0.000000000000e+00 -5.555555555556e-01
v -7.979797979798e-01 0.000000000000e+00 -5.555555555556e-01
v -8.585858585859e-01 0.000000000000e+00 -5.353535353535e-01
v -7.979797979798e-01 0.000000000000e+00 -5.353535353535e-01
v -8.383838383838e-01 0.000000000000e+00 -5.353535353535e-01
v -7.777777777778e-01 0.000000000000e+00 -5.757575757576e-01
v -8.585858585859e-01 0.000000000000e+00 -5.757575757576e-01
v -8.181818181818e-01 0.000000000000e+00 -5.757575757576e-01
v -8.383838383838e-01 0.000000000000e+00 -5.757575757576e-01
v -8.181818181818e-01 0.000000000000e+00 -5.555555555556e-01
v -8.181818181818e-01 0.000000000000e+00 -5.959595959596e-01
v -8.383838383838e-01 0.000000000000e+00 -6.363636363636e-01
v -8.585858585859e-01 0.000000000000e+00 -6.161616161616e-01
v -7.777777777778e-01 0.000000000000e+00 -6.161616161616e-01
v -8.585858585859e-01 0.000000000000e+00 -6.363636363636e-01
v -8.585858585859e-01 0.000000000000e+00 -5.959595959596e-01
v -8.383838383838e-01 0.000000000000e+00 -6.161616161616e-01
v -8.383838383838e-01 0.000000000000e+00 -5.959595959596e-01
v -7.777777777778e-01 0.000000000000e+00 -6.363636363636e-01
v -7.979797979798e-01 0.000000000000e+00 -6.363636363636e-01
v -8.181818181818e-01 0.000000000000e+00 -6.363636363636e-01
v -7.979797979798e-01 0.000000000000e+00 -5.959595959596e-01
v -8.181818181818e-01 0.000000000000e+00 -6.161616161616e-01
v -7.979797979798e-01 0.000000000000e+00 -6.161616161616e-01
v -7.777777777778e-01 0.000000000000e+00 -5.959595959596e-01
v -8.787878787879e-01 0.000000000000e+00 -5.353535353535e-01
v -8.787878787879e-01 0.000000000000e+00 -6.161616161616e-01
v -8.787878787879e-01 0.000000000000e+00 -6.363636363636e-01
v -9.191919191919e-01 0.000000000000e+00 -5.959595959596e-01
v -9.191919191919e-01 0.000000000000e+00 -6.161616161616e-01
v -8.989898989899e-01 0.000000000000e+00 -6.161616161616e-01
v -8.989898989899e-01 0.000000000000e+00 -5.353535353535e-01
v -8.989898989899e-01 0.000000000000e+00 -5.757575757576e-01
v -8.787878787879e-01 0.000000000000e+00 -5.757575757576e-01
v -8.989898989899e-01 0.000000000000e+00 -5.959595959596e-01
v -8.989898989899e-01 0.000000000000e+00 -5.555555555556e-01
v -8.787878787879e-01 0.000000000000e+00 -5.959595959596e-01
v -8.787878787879e-01 0.000000000000e+00 -5.555555555556e-01
v -9.191919191919e-01 0.000000000000e+00 -6.363636363636e-01
v -8.989898989899e-01 0.000000000000e+00 -6.363636363636e-01
v -9.797979797980e-01 0.000000000000e+00 -6.363636363636e-01
v -9.595959595960e-01 0.000000000000e+00 -5.959595959596e-01
v -1.000000000000e+00 0.000000000000e+00 -5.757575757576e-01
v -9.595959595960e-01 0.000000000000e+00 -5.757575757576e-01
v -9.393939393939e-01 0.000000000000e+00 -5.959595959596e-01
v -9.797979797980e-01 0.000000000000e+00 -5.959595959596e-01
v -9.797979797980e-01 0.000000000000e+00 -6.161616161616e-01
v -1.000000000000e+00 0.000000000000e+00 -6.161616161616e-01
v -1.000000000000e+00 0.000000000000e+00 -5.959595959596e-01
v -9.797979797980e-01 0.000000000000e+00 -5.757575757576e-01
v -9.595959595960e-01 0.000000000000e+00 -6.161616161616e-01
v -9.393939393939e-01 0.000000000000e+00 -6.161616161616e-01
v -9.595959595960e-01 0.000000000000e+00 -6.363636363636e-01
v -9.393939393939e-01 0.000000000000e+00 -6.363636363636e-01
v -1.000000000000e+00 0.000000000000e+00 -6.363636363636e-01
v -1.000000000000e+00 0.000000000000e+00 -5.353535353535e-01
v -9.595959595960e-01 0.000000000000e+00 -5.353535353535e-01
v -9.393939393939e-01 0.000000000000e+00 -5.353535353535e-01
v -9.595959595960e-01 0.000000000000e+00 -5.151515151515e-01
v -9.797979797980e-01 0.000000000000e+00 -5.151515151515e-01
v -9.393939393939e-01 0.000000000000e+00 -5.555555555556e-01
v -9.595959595960e-01 0.000000000000e+00 -5.555555555556e-01
v -9.797979797980e-01 0.000000000000e+00 -5.353535353535e-01
v -9.393939393939e-01 0.000000000000e+00 -5.757575757576e-01
v -1.000000000000e+00 0.000000000000e+00 -5.151515151515e-01
v -9.191919191919e-01 0.000000000000e+00 -5.353535353535e-01
v -9.191919191919e-01 0.000000000000e+00 -5.555555555556e-01
v -9.191919191919e-01 0.000000000000e+00 -5.757575757576e-01
v -9.797979797980e-01 0.000000000000e+00 -5.555555555556e-01
v -1.000000000000e+00 0.000000000000e+00 -5.555555555556e-01
v -7.373737373737e-01 0.000000000000e+00 -4.343434343434e-01
v -7.575757575758e-01 0.000000000000e+00 -4.343434343434e-01
v -7.777777777778e-01 0.000000000000e+00 -4.141414141414e-01
v -7.171717171717e-01 0.000000000000e+00 -3.939393939394e-01
v -7.373737373737e-01 0.000000000000e+00 -3.939393939394e-01
v -7.575757575758e-01 0.000000000000e+00 -3.939393939394e-01
v -7.373737373737e-01 0.000000000000e+00 -4.545454545455e-01
v -7.373737373737e-01 0.000000000000e+00 -4.141414141414e-01
v -7.777777777778e-01 0.000000000000e+00 -3.939393939394e-01
v -7.171717171717e-01 0.000000000000e+00 -4.545454545455e-01
v -7.575757575758e-01 0.000000000000e+00 -4.545454545455e-01
v -7.575757575758e-01 0.000000000000e+00 -4.141414141414e-01
v -7.171717171717e-01 0.000000000000e+00 -4.141414141414e-01
v -7.171717171717e-01 0.000000000000e+00 -4.343434343434e-01
v -7.575757575758e-01 0.000000000000e+00 -4.949494949495e-01
v -7.575757575758e-01 0.000000000000e+00 -4.747474747475e-01
v -7.575757575758e-01 0.000000000000e+00 -5.151515151515e-01
v -6.969696969697e-01 0.000000000000e+00 -4.747474747475e-01
v -7.373737373737e-01 0.000000000000e+00 -5.353535353535e-01
v -7.171717171717e-01 0.000000000000e+00 -5.353535353535e-01
v -6.969696969697e-01 0.000000000000e+00 -5.151515151515e-01
v -7.373737373737e-01 0.000000000000e+00 -5.151515151515e-01
v -7.373737373737e-01 0.000000000000e+00 -4.949494949495e-01
v -7.171717171717e-01 0.000000000000e+00 -4.949494949495e-01
v -6.969696969697e-01 0.000000000000e+00 -4.949494949495e-01
v -7.373737373737e-01 0.000000000000e+00 -4.747474747475e-01
v -7.171717171717e-01 0.000000000000e+00 -4.747474747475e-01
v -7.171717171717e-01 0.000000000000e+00 -5.151515151515e-01
v -7.575757575758e-01 0.000000000000e+00 -5.353535353535e-01
v -5.959595959596e-01 0.000000000000e+00 -4.747474747475e-01
v -6.565656565657e-01 0.000000000000e+00 -4.949494949495e-01
v -6.363636363636e-01 0.000000000000e+00 -4.949494949495e-01
v -6.363636363636e-01 0.000000000000e+00 -4.747474747475e-01
v -6.767676767677e-01 0.000000000000e+00 -4.747474747475e-01
v -6.767676767677e-01 0.000000000000e+00 -4.949494949495e-01
v -6.767676767677e-01 0.000000000000e+00 -5.151515151515e-01
v -6.565656565657e-01 0.000000000000e+00 -4.747474747475e-01
v -6.161616161616e-01 0.000000000000e+00 -4.949494949495e-01
v -6.161616161616e-01 0.000000000000e+00 -5.151515151515e-01
v -5.959595959596e-01 0.000000000000e+00 -4.949494949495e-01
v -6.161616161616e-01 0.000000000000e+00 -4.747474747475e-01
v -6.363636363636e-01 0.000000000000e+00 -5.151515151515e-01
v -6.161616161616e-01 0.000000000000e+00 -4.545454545455e-01
v -6.565656565657e-01 0.000000000000e+00 -5.151515151515e-01
v -6.767676767677e-01 0.000000000000e+00 -4.545454545455e-01
v -6.767676767677e-01 0.000000000000e+00 -4.343434343434e-01
v -6.565656565657e-01 0.000000000000e+00 -4.343434343434e-01
v -6.363636363636e-01 0.000000000000e+00 -4.343434343434e-01
v -6.565656565657e-01 0.000000000000e+00 -4.545454545455e-01
v -6.969696969697e-01 0.000000000000e+00 -4.141414141414e-01
v -6.565656565657e-01 0.000000000000e+00 -3.939393939394e-01
v -6.565656565657e-01 0.000000000000e+00 -4.141414141414e-01
v -6.969696969697e-01 0.000000000000e+00 -4.343434343434e-01
v -6.969696969697e-01 0.000000000000e+00 -4.545454545455e-01
v -6.767676767677e-01 0.000000000000e+00 -4.141414141414e-01
v -6.363636363636e-01 0.000000000000e+00 -4.545454545455e-01
v -6.767676767677e-01 0.000000000000e+00 -3.939393939394e-01
v -6.969696969697e-01 0.000000000000e+00 -3.737373737374e-01
v -6.969696969697e-01 0.000000000000e+00 -3.939393939394e-01
v -5.959595959596e-01 0.000000000000e+00 -4.141414141414e-01
v -5.757575757576e-01 0.000000000000e+00 -3.939393939394e-01
v -5.757575757576e-01 0.000000000000e+00 -4.343434343434e-01
v -5.959595959596e-01 0.000000000000e+00 -3.939393939394e-01
v -5.757575757576e-01 0.000000000000e+00 -4.141414141414e-01
v -6.161616161616e-01 0.000000000000e+00 -3.737373737374e-01
v -5.757575757576e-01 0.000000000000e+00 -4.545454545455e-01
v -5.959595959596e-01 0.000000000000e+00 -4.545454545455e-01
v -5.959595959596e-01 0.000000000000e+00 -4.343434343434e-01
v -6.363636363636e-01 0.000000000000e+00 -3.737373737374e-01
v -6.161616161616e-01 0.000000000000e+00 -4.141414141414e-01
v -6.363636363636e-01 0.000000000000e+00 -4.141414141414e-01
v -6.363636363636e-01 0.000000000000e+00 -3.939393939394e-01
v -6.161616161616e-01 0.000000000000e+00 -4.343434343434e-01
v -6.161616161616e-01 0.000000000000e+00 -3.939393939394e-01
v -5.555555555556e-01 0.000000000000e+00 -5.555555555556e-01
v -5.555555555556e-01 0.000000000000e+00 -5.353535353535e-01
v -5.353535353535e-01 0.000000000000e+00 -5.555555555556e-01
v -5.353535353535e-01 0.000000000000e+00 -5.353535353535e-01
v -5.151515151515e-01 0.000000000000e+00 -5.757575757576e-01
v -5.151515151515e-01 0.000000000000e+00 -5.353535353535e-01
v -4.949494949495e-01 0.000000000000e+00 -5.353535353535e-01
v -5.151515151515e-01 0.000000000000e+00 -5.555555555556e-01
v -5.151515151515e-01 0.000000000000e+00 -5.151515151515e-01
v -5.353535353535e-01 0.000000000000e+00 -5.959595959596e-01
v -5.555555555556e-01 0.000000000000e+00 -5.959595959596e-01
v -5.757575757576e-01 0.000000000000e+00 -5.959595959596e-01
v -5.353535353535e-01 0.000000000000e+00 -5.757575757576e-01
v -5.555555555556e-01 0.000000000000e+00 -5.757575757576e-01
v -5.757575757576e-01 0.000000000000e+00 -5.757575757576e-01
v -5.555555555556e-01 0.000000000000e+00 -4.747474747475e-01
v -5.757575757576e-01 0.000000000000e+00 -5.353535353535e-01
v -5.959595959596e-01 0.000000000000e+00 -5.555555555556e-01
v -5.757575757576e-01 0.000000000000e+00 -4.747474747475e-01
v -5.757575757576e-01 0.000000000000e+00 -5.555555555556e-01
v -6.161616161616e-01 0.000000000000e+00 -5.353535353535e-01
v -5.353535353535e-01 0.000000000000e+00 -5.151515151515e-01
v -6.161616161616e-01 0.000000000000e+00 -5.555555555556e-01
v -5.757575757576e-01 0.000000000000e+00 -5.151515151515e-01
v -5.555555555556e-01 0.000000000000e+00 -5.151515151515e-01
v -5.959595959596e-01 0.000000000000e+00 -5.151515151515e-01
v -5.353535353535e-01 0.000000000000e+00 -4.949494949495e-01
v -5.555555555556e-01 0.000000000000e+00 -4.949494949495e-01
v -5.757575757576e-01 0.000000000000e+00 -4.949494949495e-01
v -5.959595959596e-01 0.000000000000e+00 -5.353535353535e-01
v -7.171717171717e-01 0.000000000000e+00 -5.959595959596e-01
v -7.575757575758e-01 0.000000000000e+00 -6.161616161616e-01
v -7.575757575758e-01 0.000000000000e+00 -5.555555555556e-01
v -7.373737373737e-01 0.000000000000e+00 -5.959595959596e-01
v -7.373737373737e-01 0.000000000000e+00 -6.161616161616e-01
v -7.171717171717e-01 0.000000000000e+00 -6.161616161616e-01
v -7.575757575758e-01 0.000000000000e+00 -6.363636363636e-01
v -7.373737373737e-01 0.000000000000e+00 -6.565656565657e-01
v -7.373737373737e-01 0.000000000000e+00 -6.363636363636e-01
v -7.171717171717e-01 0.000000000000e+00 -6.363636363636e-01
v -7.373737373737e-01 0.000000000000e+00 -5.757575757576e-01
v -7.575757575758e-01 0.000000000000e+00 -5.757575757576e-01
v -7.171717171717e-01 0.000000000000e+00 -5.757575757576e-01
v -7.373737373737e-01 0.000000000000e+00 -5.555555555556e-01
v -7.575757575758e-01 0.000000000000e+00 -5.959595959596e-01
v -7.171717171717e-01 0.000000000000e+00 -5.555555555556e-01
v -6.969696969697e-01 0.000000000000e+00 -5.959595959596e-01
v -6.565656565657e-01 0.000000000000e+00 -5.555555555556e-01
v -6.969696969697e-01 0.000000000000e+00 -5.353535353535e-01
v -6.767676767677e-01 0.000000000000e+00 -5.757575757576e-01
v -6.969696969697e-01 0.000000000000e+00 -5.757575757576e-01
v -6.969696969697e-01 0.000000000000e+00 -5.555555555556e-01
v -6.767676767677e-01 0.000000000000e+00 -5.555555555556e-01
v -6.767676767677e-01 0.000000000000e+00 -5.353535353535e-01
v -6.363636363636e-01 0.000000000000e+00 -5.757575757576e-01
v -6.565656565657e-01 0.000000000000e+00 -5.353535353535e-01
v -6.363636363636e-01 0.000000000000e+00 -5.555555555556e-01
v -6.565656565657e-01 0.000000000000e+00 -5.757575757576e-01
v -6.565656565657e-01 0.000000000000e+00 -5.959595959596e-01
v -6.363636363636e-01 0.000000000000e+00 -5.353535353535e-01
v -6.767676767677e-01 0.000000000000e+00 -5.959595959596e-01
v -6.363636363636e-01 0.000000000000e+00 -6.363636363636e-01
v -6.161616161616e-01 0.000000000000e+00 -5.757575757576e-01
v -6.767676767677e-01 0.000000000000e+00 -6.161616161616e-01
v -6.767676767677e-01 0.000000000000e+00 -6.363636363636e-01
v -6.363636363636e-01 0.000000000000e+00 -5.959595959596e-01
v -6.161616161616e-01 0.000000000000e+00 -5.959595959596e-01
v -6.565656565657e-01 0.000000000000e+00 -6.363636363636e-01
v -6.161616161616e-01 0.000000000000e+00 -6.161616161616e-01
v -5.959595959596e-01 0.000000000000e+00 -6.161616161616e-01
v -6.565656565657e-01 0.000000000000e+00 -6.161616161616e-01
v -5.959595959596e-01 0.000000000000e+00 -5.959595959596e-01
v -6.969696969697e-01 0.000000000000e+00 -6.161616161616e-01
v -6.969696969697e-01 0.000000000000e+00 -6.363636363636e-01
v -5.959595959596e-01 0.000000000000e+00 -5.757575757576e-01
v -6.363636363636e-01 0.000000000000e+00 -6.161616161616e-01
v -6.161616161616e-01 0.000000000000e+00 -2.929292929293e-01
v -6.565656565657e-01 0.000000000000e+00 -2.727272727273e-01
v -6.767676767677e-01 0.000000000000e+00 -2.727272727273e-01
v -6.161616161616e-01 0.000000000000e+00 -2.727272727273e-01
v -6.161616161616e-01 0.000000000000e+00 -2.525252525253e-01
v -6.363636363636e-01 0.000000000000e+00 -2.727272727273e-01
v -6.565656565657e-01 0.000000000000e+00 -2.929292929293e-01
v -6.767676767677e-01 0.000000000000e+00 -2.323232323232e-01
v -6.363636363636e-01 0.000000000000e+00 -2.525252525253e-01
v -6.363636363636e-01 0.000000000000e+00 -2.929292929293e-01
v -6.767676767677e-01 0.000000000000e+00 -2.525252525253e-01
v -6.767676767677e-01 0.000000000000e+00 -2.929292929293e-01
v -6.363636363636e-01 0.000000000000e+00 -2.323232323232e-01
v -6.565656565657e-01 0.000000000000e+00 -2.323232323232e-01
v -6.565656565657e-01 0.000000000000e+00 -2.525252525253e-01
v -6.565656565657e-01 0.000000000000e+00 -3.333333333333e-01
v -6.767676767677e-01 0.000000000000e+00 -3.737373737374e-01
v -6.161616161616e-01 0.000000000000e+00 -3.535353535354e-01
v -6.565656565657e-01 0.000000000000e+00 -3.737373737374e-01
v -6.161616161616e-01 0.000000000000e+00 -3.333333333333e-01
v -6.565656565657e-01 0.000000000000e+00 -3.131313131313e-01
v -6.363636363636e-01 0.000000000000e+00 -3.131313131313e-01
v -6.161616161616e-01 0.000000000000e+00 -3.131313131313e-01
v -6.363636363636e-01 0.000000000000e+00 -3.333333333333e-01
v -6.767676767677e-01 0.000000000000e+00 -3.131313131313e-01
v -6.969696969697e-01 0.000000000000e+00 -3.535353535354e-01
v -6.767676767677e-01 0.000000000000e+00 -3.333333333333e-01
v -6.969696969697e-01 0.000000000000e+00 -3.333333333333e-01
v -6.767676767677e-01 0.000000000000e+00 -3.535353535354e-01
v -6.565656565657e-01 0.000000000000e+00 -3.535353535354e-01
v -6.363636363636e-01 0.000000000000e+00 -3.535353535354e-01
v -7.979797979798e-01 0.000000000000e+00 -3.333333333333e-01
v -7.979797979798e-01 0.000000000000e+00 -3.535353535354e-01
v -7.575757575758e-01 0.000000000000e+00 -3.535353535354e-01
v -7.979797979798e-01 0.000000000000e+00 -3.737373737374e-01
v -7.777777777778e-01 0.000000000000e+00 -3.535353535354e-01
v -7.373737373737e-01 0.000000000000e+00 -3.333333333333e-01
v -7.575757575758e-01 0.000000000000e+00 -3.333333333333e-01
v -7.171717171717e-01 0.000000000000e+00 -3.333333333333e-01
v -7.171717171717e-01 0.000000000000e+00 -3.535353535354e-01
v -7.373737373737e-01 0.000000000000e+00 -3.737373737374e-01
v -7.171717171717e-01 0.000000000000e+00 -3.737373737374e-01
v -7.575757575758e-01 0.000000000000e+00 -3.737373737374e-01
v -7.777777777778e-01 0.000000000000e+00 -3.333333333333e-01
v -7.777777777778e-01 0.000000000000e+00 -3.737373737374e-01
v -7.373737373737e-01 0.000000000000e+00 -3.535353535354e-01
v -7.979797979798e-01 0.000000000000e+00 -3.131313131313e-01
v -7.979797979798e-01 0.000000000000e+00 -2.929292929293e-01
v -7.777777777778e-01 0.000000000000e+00 -3.131313131313e-01
v -7.777777777778e-01 0.000000000000e+00 -2.929292929293e-01
v -7.575757575758e-01 0.000000000000e+00 -3.131313131313e-01
v -7.575757575758e-01 0.000000000000e+00 -2.525252525253e-01
v -7.575757575758e-01 0.000000000000e+00 -2.323232323232e-01
v -7.777777777778e-01 0.000000000000e+00 -2.323232323232e-01
v -7.575757575758e-01 0.000000000000e+00 -2.929292929293e-01
v -7.979797979798e-01 0.000000000000e+00 -2.525252525253e-01
v -7.777777777778e-01 0.000000000000e+00 -2.727272727273e-01
v -7.575757575758e-01 0.000000000000e+00 -2.727272727273e-01
v -7.979797979798e-01 0.000000000000e+00 -2.727272727273e-01
v -7.777777777778e-01 0.000000000000e+00 -2.525252525253e-01
v -7.979797979798e-01 0.000000000000e+00 -2.323232323232e-01
v -7.373737373737e-01 0.000000000000e+00 -2.525252525253e-01
v -7.373737373737e-01 0.000000000000e+00 -2.727272727273e-01
v -6.969696969697e-01 0.000000000000e+00 -2.727272727273e-01
v -6.969696969697e-01 0.000000000000e+00 -2.323232323232e-01
v -6.969696969697e-01 0.000000000000e+00 -2.525252525253e-01
v -7.373737373737e-01 0.000000000000e+00 -2.323232323232e-01
v -7.373737373737e-01 0.000000000000e+00 -3.131313131313e-01
v -6.969696969697e-01 0.000000000000e+00 -3.131313131313e-01
v -7.171717171717e-01 0.000000000000e+00 -2.929292929293e-01
v -6.969696969697e-01 0.000000000000e+00 -2.929292929293e-01
v -7.171717171717e-01 0.000000000000e+00 -3.131313131313e-01
v -7.373737373737e-01 0.000000000000e+00 -2.929292929293e-01
v -7.171717171717e-01 0.000000000000e+00 -2.727272727273e-01
v -7.171717171717e-01 0.000000000000e+00 -2.323232323232e-01
v -7.171717171717e-01 0.000000000000e+00 -2.525252525253e-01
v -8.787878787879e-01 0.000000000000e+00 -2.727272727273e-01
v -8.181818181818e-01 0.000000000000e+00 -2.525252525253e-01
v -8.181818181818e-01 0.000000000000e+00 -2.929292929293e-01
v -8.585858585859e-01 0.000000000000e+00 -2.929292929293e-01
v -8.585858585859e-01 0.000000000000e+00 -2.525252525253e-01
v -8.383838383838e-01 0.000000000000e+00 -2.929292929293e-01
v -8.787878787879e-01 0.000000000000e+00 -2.929292929293e-01
v -8.585858585859e-01 0.000000000000e+00 -3.131313131313e-01
v -8.383838383838e-01 0.000000000000e+00 -3.131313131313e-01
v -8.181818181818e-01 0.000000000000e+00 -3.131313131313e-01
v -8.181818181818e-01 0.000000000000e+00 -2.727272727273e-01
v -8.383838383838e-01 0.000000000000e+00 -2.727272727273e-01
v -8.585858585859e-01 0.000000000000e+00 -2.727272727273e-01
v -8.787878787879e-01 0.000000000000e+00 -2.525252525253e-01
v -8.383838383838e-01 0.000000000000e+00 -2.525252525253e-01
v -8.585858585859e-01 0.000000000000e+00 -3.737373737374e-01
v -8.585858585859e-01 0.000000000000e+00 -3.333333333333e-01
v -8.787878787879e-01 0.000000000000e+00 -3.535353535354e-01
v -8.787878787879e-01 0.000000000000e+00 -3.333333333333e-01
v -8.585858585859e-01 0.000000000000e+00 -3.535353535354e-01
v -8.383838383838e-01 0.000000000000e+00 -3.333333333333e-01
v -8.989898989899e-01 0.000000000000e+00 -3.535353535354e-01
v -8.383838383838e-01 0.000000000000e+00 -3.737373737374e-01
v -8.787878787879e-01 0.000000000000e+00 -3.131313131313e-01
v -8.181818181818e-01 0.000000000000e+00 -3.535353535354e-01
v -8.989898989899e-01 0.000000000000e+00 -3.737373737374e-01
v -8.989898989899e-01 0.000000000000e+00 -3.333333333333e-01
v -8.181818181818e-01 0.000000000000e+00 -3.333333333333e-01
v -8.383838383838e-01 0.000000000000e+00 -3.535353535354e-01
v -8.787878787879e-01 0.000000000000e+00 -3.737373737374e-01
v -9.595959595960e-01 0.000000000000e+00 -3.939393939394e-01
v -9.595959595960e-01 0.000000000000e+00 -3.737373737374e-01
v -9.393939393939e-01 0.000000000000e+00 -3.737373737374e-01
v -9.191919191919e-01 0.000000000000e+00 -3.737373737374e-01
v -9.797979797980e-01 0.000000000000e+00 -3.939393939394e-01
v -1.000000000000e+00 0.000000000000e+00 -3.535353535354e-01
v -9.797979797980e-01 0.000000000000e+00 -3.737373737374e-01
v -9.393939393939e-01 0.000000000000e+00 -3.535353535354e-01
v -9.595959595960e-01 0.000000000000e+00 -3.535353535354e-01
v -9.393939393939e-01 0.000000000000e+00 -3.939393939394e-01
v -9.797979797980e-01 0.000000000000e+00 -3.535353535354e-01
v -1.000000000000e+00 0.000000000000e+00 -3.939393939394e-01
v -1.000000000000e+00 0.000000000000e+00 -3.737373737374e-01
v -9.191919191919e-01 0.000000000000e+00 -3.535353535354e-01
v -9.191919191919e-01 0.000000000000e+00 -2.727272727273e-01
v -9.191919191919e-01 0.000000000000e+00 -3.131313131313e-01
v -8.989898989899e-01 0.000000000000e+00 -2.727272727273e-01
v -9.191919191919e-01 0.000000000000e+00 -2.929292929293e-01
v -9.393939393939e-01 0.000000000000e+00 -2.525252525253e-01
v -8.989898989899e-01 0.000000000000e+00 -2.525252525253e-01
v -8.989898989899e-01 0.000000000000e+00 -3.131313131313e-01
v -9.393939393939e-01 0.000000000000e+00 -2.929292929293e-01
v -9.393939393939e-01 0.000000000000e+00 -3.333333333333e-01
v -8.989898989899e-01 0.000000000000e+00 -2.929292929293e-01
v -9.191919191919e-01 0.000000000000e+00 -2.525252525253e-01
v -9.393939393939e-01 0.000000000000e+00 -2.727272727273e-01
v -9.191919191919e-01 0.000000000000e+00 -3.333333333333e-01
v -9.393939393939e-01 0.000000000000e+00 -3.131313131313e-01
v -1.000000000000e+00 0.000000000000e+00 -3.131313131313e-01
v -1.000000000000e+00 0.000000000000e+00 -2.727272727273e-01
v -9.595959595960e-01 0.000000000000e+00 -3.333333333333e-01
v -9.797979797980e-01 0.000000000000e+00 -3.333333333333e-01
v -1.000000000000e+00 0.000000000000e+00 -3.333333333333e-01
v -9.797979797980e-01 0.000000000000e+00 -2.727272727273e-01
v -9.595959595960e-01 0.000000000000e+00 -2.727272727273e-01
v -9.595959595960e-01 0.000000000000e+00 -2.929292929293e-01
v -9.797979797980e-01 0.000000000000e+00 -3.131313131313e-01
v -9.595959595960e-01 0.000000000000e+00 -3.131313131313e-01
v -9.797979797980e-01 0.000000000000e+00 -2.929292929293e-01
v -1.000000000000e+00 0.000000000000e+00 -2.929292929293e-01
v -1.000000000000e+00 0.000000000000e+00 -2.525252525253e-01
v -9.797979797980e-01 0.000000000000e+00 -2.525252525253e-01
v -9.595959595960e-01 0.000000000000e+00 -2.525252525253e-01
v -6.767676767677e-01 0.000000000000e+00 -1.515151515152e-01
v -6.363636363636e-01 0.000000000000e+00 -1.717171717172e-01
v -6.363636363636e-01 0.000000000000e+00 -1.313131313131e-01
v -6.767676767677e-01 0.000000000000e+00 -2.121212121212e-01
v -6.565656565657e-01 0.000000000000e+00 -1.313131313131e-01
v -6.565656565657e-01 0.000000000000e+00 -2.121212121212e-01
v -6.767676767677e-01 0.000000000000e+00 -1.919191919192e-01
v -6.565656565657e-01 0.000000000000e+00 -1.919191919192e-01
v -6.363636363636e-01 0.000000000000e+00 -1.919191919192e-01
v -6.767676767677e-01 0.000000000000e+00 -1.717171717172e-01
v -6.363636363636e-01 0.000000000000e+00 -2.121212121212e-01
v -6.767676767677e-01 0.000000000000e+00 -1.313131313131e-01
v -6.565656565657e-01 0.000000000000e+00 -1.515151515152e-01
v -6.363636363636e-01 0.000000000000e+00 -1.515151515152e-01
v -6.565656565657e-01 0.000000000000e+00 -1.717171717172e-01
v -6.363636363636e-01 0.000000000000e+00 -7.070707070707e-02
v -6.363636363636e-01 0.000000000000e+00 -1.111111111111e-01
v -6.565656565657e-01 0.000000000000e+00 -7.070707070707e-02
v -6.363636363636e-01 0.000000000000e+00 -5.050505050505e-02
v -6.565656565657e-01 0.000000000000e+00 -5.050505050505e-02
v -6.767676767677e-01 0.000000000000e+00 -7.070707070707e-02
v -6.969696969697e-01 0.000000000000e+00 -7.070707070707e-02
v -6.565656565657e-01 0.000000000000e+00 -9.090909090909e-02
v -6.767676767677e-01 0.000000000000e+00 -5.050505050505e-02
v -6.767676767677e-01 0.000000000000e+00 -9.090909090909e-02
v -6.767676767677e-01 0.000000000000e+00 -1.111111111111e-01
v -6.565656565657e-01 0.000000000000e+00 -1.111111111111e-01
v -6.969696969697e-01 0.000000000000e+00 -9.090909090909e-02
v -6.969696969697e-01 0.000000000000e+00 -1.111111111111e-01
v -6.363636363636e-01 0.000000000000e+00 -9.090909090909e-02
v -7.979797979798e-01 0.000000000000e+00 -7.070707070707e-02
v -7.575757575758e-01 0.000000000000e+00 -1.111111111111e-01
v -7.777777777778e-01 0.000000000000e+00 -1.111111111111e-01
v -7.979797979798e-01 0.000000000000e+00 -9.090909090909e-02
v -7.777777777778e-01 0.000000000000e+00 -7.070707070707e-02
v -7.171717171717e-01 0.000000000000e+00 -7.070707070707e-02
v -7.373737373737e-01 0.000000000000e+00 -1.111111111111e-01
v -7.171717171717e-01 0.000000000000e+00 -9.090909090909e-02
v -7.373737373737e-01 0.000000000000e+00 -9.090909090909e-02
v -7.777777777778e-01 0.000000000000e+00 -9.090909090909e-02
v -7.575757575758e-01 0.000000000000e+00 -9.090909090909e-02
v -7.979797979798e-01 0.000000000000e+00 -1.111111111111e-01
v -7.373737373737e-01 0.000000000000e+00 -7.070707070707e-02
v -7.575757575758e-01 0.000000000000e+00 -7.070707070707e-02
v -7.171717171717e-01 0.000000000000e+00 -1.111111111111e-01
v -7.575757575758e-01 0.000000000000e+00 -2.121212121212e-01
v -7.777777777778e-01 0.000000000000e+00 -1.919191919192e-01
v -7.979797979798e-01 0.000000000000e+00 -1.515151515152e-01
v -7.575757575758e-01 0.000000000000e+00 -1.717171717172e-01
v -7.777777777778e-01 0.000000000000e+00 -2.121212121212e-01
v -7.575757575758e-01 0.000000000000e+00 -1.515151515152e-01
v -7.979797979798e-01 0.000000000000e+00 -1.919191919192e-01
v -7.777777777778e-01 0.000000000000e+00 -1.515151515152e-01
v -7.575757575758e-01 0.000000000000e+00 -1.313131313131e-01
v -7.979797979798e-01 0.000000000000e+00 -1.717171717172e-01
v -7.777777777778e-01 0.000000000000e+00 -1.313131313131e-01
v -7.777777777778e-01 0.000000000000e+00 -1.717171717172e-01
v -7.979797979798e-01 0.000000000000e+00 -2.121212121212e-01
v -7.575757575758e-01 0.000000000000e+00 -1.919191919192e-01
v -7.979797979798e-01 0.000000000000e+00 -1.313131313131e-01
v -7.171717171717e-01 0.000000000000e+00 -1.919191919192e-01
v -7.373737373737e-01 0.000000000000e+00 -1.919191919192e-01
v -7.171717171717e-01 0.000000000000e+00 -1.515151515152e-01
v -7.373737373737e-01 0.000000000000e+00 -1.717171717172e-01
v -6.969696969697e-01 0.000000000000e+00 -2.121212121212e-01
v -7.373737373737e-01 0.000000000000e+00 -1.515151515152e-01
v -7.171717171717e-01 0.000000000000e+00 -2.121212121212e-01
v -6.969696969697e-01 0.000000000000e+00 -1.919191919192e-01
v -6.969696969697e-01 0.000000000000e+00 -1.717171717172e-01
v -6.969696969697e-01 0.000000000000e+00 -1.515151515152e-01
v -7.373737373737e-01 0.000000000000e+00 -2.121212121212e-01
v -7.171717171717e-01 0.000000000000e+00 -1.717171717172e-01
v -6.969696969697e-01 0.000000000000e+00 -1.313131313131e-01
v -7.373737373737e-01 0.000000000000e+00 -1.313131313131e-01
v -7.171717171717e-01 0.000000000000e+00 -1.313131313131e-01
v -8.383838383838e-01 0.000000000000e+00 -1.313131313131e-01
v -8.181818181818e-01 0.000000000000e+00 -1.515151515152e-01
v -8.585858585859e-01 0.000000000000e+00 -1.515151515152e-01
v -8.383838383838e-01 0.000000000000e+00 -1.515151515152e-01
v -8.383838383838e-01 0.000000000000e+00 -1.111111111111e-01
v -8.181818181818e-01 0.000000000000e+00 -9.090909090909e-02
v -8.383838383838e-01 0.000000000000e+00 -9.090909090909e-02
v -8.181818181818e-01 0.000000000000e+00 -1.313131313131e-01
v -8.585858585859e-01 0.000000000000e+00 -7.070707070707e-02
v -8.181818181818e-01 0.000000000000e+00 -7.070707070707e-02
v -8.383838383838e-01 0.000000000000e+00 -7.070707070707e-02
v -8.585858585859e-01 0.000000000000e+00 -9.090909090909e-02
v -8.585858585859e-01 0.000000000000e+00 -1.111111111111e-01
v -8.585858585859e-01 0.000000000000e+00 -1.313131313131e-01
v -8.181818181818e-01 0.000000000000e+00 -1.111111111111e-01
v -9.191919191919e-01 0.000000000000e+00 -7.070707070707e-02
v -8.989898989899e-01 0.000000000000e+00 -5.050505050505e-02
v -8.989898989899e-01 0.000000000000e+00 -9.090909090909e-02
v -9.191919191919e-01 0.000000000000e+00 -1.313131313131e-01
v -8.787878787879e-01 0.000000000000e+00 -9.090909090909e-02
v -8.989898989899e-01 0.000000000000e+00 -1.515151515152e-01
v -8.787878787879e-01 0.000000000000e+00 -1.111111111111e-01
v -8.989898989899e-01 0.000000000000e+00 -1.111111111111e-01
v -8.989898989899e-01 0.000000000000e+00 -7.070707070707e-02
v -8.989898989899e-01 0.000000000000e+00 -1.313131313131e-01
v -8.787878787879e-01 0.000000000000e+00 -1.313131313131e-01
v -9.191919191919e-01 0.000000000000e+00 -1.111111111111e-01
v -8.787878787879e-01 0.000000000000e+00 -7.070707070707e-02
v -8.787878787879e-01 0.000000000000e+00 -1.515151515152e-01
v -9.191919191919e-01 0.000000000000e+00 -9.090909090909e-02
v -9.393939393939e-01 0.000000000000e+00 -9.090909090909e-02
v -9.393939393939e-01 0.000000000000e+00 -7.070707070707e-02
v -9.595959595960e-01 0.000000000000e+00 -1.111111111111e-01
v -9.797979797980e-01 0.000000000000e+00 -1.111111111111e-01
v -9.595959595960e-01 0.000000000000e+00 -9.090909090909e-02
v -9.797979797980e-01 0.000000000000e+00 -9.090909090909e-02
v -9.797979797980e-01 0.000000000000e+00 -7.070707070707e-02
v -1.000000000000e+00 0.000000000000e+00 -7.070707070707e-02
v -1.000000000000e+00 0.000000000000e+00 -9.090909090909e-02
v -1.000000000000e+00 0.000000000000e+00 -1.111111111111e-01
v -9.595959595960e-01 0.000000000000e+00 -7.070707070707e-02
v -9.797979797980e-01 0.000000000000e+00 -1.313131313131e-01
v -9.595959595960e-01 0.000000000000e+00 -1.313131313131e-01
v -1.000000000000e+00 0.000000000000e+00 -1.313131313131e-01
v -9.393939393939e-01 0.000000000000e+00 -1.111111111111e-01
v -9.393939393939e-01 0.000000000000e+00 -1.313131313131e-01
v -8.787878787879e-01 0.000000000000e+00 -1.919191919192e-01
v -8.181818181818e-01 0.000000000000e+00 -1.919191919192e-01
v -8.787878787879e-01 0.000000000000e+00 -2.323232323232e-01
v -8.181818181818e-01 0.000000000000e+00 -1.717171717172e-01
v -8.383838383838e-01 0.000000000000e+00 -2.121212121212e-01
v -8.787878787879e-01 0.000000000000e+00 -2.121212121212e-01
v -8.585858585859e-01 0.000000000000e+00 -2.121212121212e-01
v -8.383838383838e-01 0.000000000000e+00 -2.323232323232e-01
v -8.585858585859e-01 0.000000000000e+00 -2.323232323232e-01
v -8.181818181818e-01 0.000000000000e+00 -2.121212121212e-01
v -8.383838383838e-01 0.000000000000e+00 -1.717171717172e-01
v -8.585858585859e-01 0.000000000000e+00 -1.717171717172e-01
v -8.181818181818e-01 0.000000000000e+00 -2.323232323232e-01
v -8.585858585859e-01 0.000000000000e+00 -1.919191919192e-01
v -8.787878787879e-01 0.000000000000e+00 -1.717171717172e-01
v -8.383838383838e-01 0.000000000000e+00 -1.919191919192e-01
v -9.393939393939e-01 0.000000000000e+00 -2.121212121212e-01
v -8.989898989899e-01 0.000000000000e+00 -2.323232323232e-01
v -9.191919191919e-01 0.000000000000e+00 -2.323232323232e-01
v -9.393939393939e-01 0.000000000000e+00 -1.515151515152e-01
v -9.191919191919e-01 0.000000000000e+00 -1.515151515152e-01
v -9.191919191919e-01 0.000000000000e+00 -2.121212121212e-01
v -8.989898989899e-01 0.000000000000e+00 -1.717171717172e-01
v -8.989898989899e-01 0.000000000000e+00 -1.919191919192e-01
v -9.393939393939e-01 0.000000000000e+00 -1.919191919192e-01
v -9.393939393939e-01 0.000000000000e+00 -1.717171717172e-01
v -9.393939393939e-01 0.000000000000e+00 -2.323232323232e-01
v -9.191919191919e-01 0.000000000000e+00 -1.717171717172e-01
v -9.191919191919e-01 0.000000000000e+00 -1.919191919192e-01
v -8.989898989899e-01 0.000000000000e+00 -2.121212121212e-01
v -9.595959595960e-01 0.000000000000e+00 -2.323232323232e-01
v -9.797979797980e-01 0.000000000000e+00 -2.323232323232e-01
v -1.000000000000e+00 0.000000000000e+00 -2.323232323232e-01
v -9.797979797980e-01 0.000000000000e+00 -1.717171717172e-01
v -9.595959595960e-01 0.000000000000e+00 -1.919191919192e-01
v -9.595959595960e-01 0.000000000000e+00 -2.121212121212e-01
v -9.595959595960e-01 0.000000000000e+00 -1.717171717172e-01
v -1.000000000000e+00 0.000000000000e+00 -2.121212121212e-01
v -9.797979797980e-01 0.000000000000e+00 -2.121212121212e-01
v -1.000000000000e+00 0.000000000000e+00 -1.919191919192e-01
v -1.000000000000e+00 0.000000000000e+00 -1.515151515152e-01
v -9.797979797980e-01 0.000000000000e+00 -1.919191919192e-01
v -9.595959595960e-01 0.000000000000e+00 -1.515151515152e-01
v -1.000000000000e+00 0.000000000000e+00 -1.717171717172e-01
v -9.797979797980e-01 0.000000000000e+00 -1.515151515152e-01
v -4.545454545455e-01 0.000000000000e+00 -7.575757575758e-01
v -5.353535353535e-01 0.000000000000e+00 -7.777777777778e-01
v -4.747474747475e-01 0.000000000000e+00 -7.979797979798e-01
v -4.949494949495e-01 0.000000000000e+00 -7.777777777778e-01
v -4.747474747475e-01 0.000000000000e+00 -7.777777777778e-01
v -5.151515151515e-01 0.000000000000e+00 -7.777777777778e-01
v -5.151515151515e-01 0.000000000000e+00 -7.979797979798e-01
v -5.353535353535e-01 0.000000000000e+00 -7.979797979798e-01
v -4.949494949495e-01 0.000000000000e+00 -7.979797979798e-01
v -4.747474747475e-01 0.000000000000e+00 -7.575757575758e-01
v -4.343434343434e-01 0.000000000000e+00 -7.979797979798e-01
v -4.545454545455e-01 0.000000000000e+00 -7.777777777778e-01
v -4.343434343434e-01 0.000000000000e+00 -7.575757575758e-01
v -4.343434343434e-01 0.000000000000e+00 -7.777777777778e-01
v -4.545454545455e-01 0.000000000000e+00 -7.979797979798e-01
v -4.545454545455e-01 0.000000000000e+00 -7.171717171717e-01
v -5.151515151515e-01 0.000000000000e+00 -7.171717171717e-01
v -4.747474747475e-01 0.000000000000e+00 -7.171717171717e-01
v -4.747474747475e-01 0.000000000000e+00 -7.373737373737e-01
v -4.545454545455e-01 0.000000000000e+00 -7.373737373737e-01
v -4.949494949495e-01 0.000000000000e+00 -7.575757575758e-01
v -5.151515151515e-01 0.000000000000e+00 -7.575757575758e-01
v -5.353535353535e-01 0.000000000000e+00 -7.575757575758e-01
v -5.151515151515e-01 0.000000000000e+00 -6.969696969697e-01
v -5.151515151515e-01 0.000000000000e+00 -7.373737373737e-01
v -4.949494949495e-01 0.000000000000e+00 -7.373737373737e-01
v -4.949494949495e-01 0.000000000000e+00 -7.171717171717e-01
v -5.353535353535e-01 0.000000000000e+00 -7.373737373737e-01
v -4.747474747475e-01 0.000000000000e+00 -6.969696969697e-01
v -4.949494949495e-01 0.000000000000e+00 -6.969696969697e-01
v -4.141414141414e-01 0.000000000000e+00 -6.565656565657e-01
v -4.545454545455e-01 0.000000000000e+00 -6.969696969697e-01
v -4.343434343434e-01 0.000000000000e+00 -6.363636363636e-01
v -4.545454545455e-01 0.000000000000e+00 -6.363636363636e-01
v -4.747474747475e-01 0.000000000000e+00 -6.363636363636e-01
v -4.343434343434e-01 0.000000000000e+00 -6.767676767677e-01
v -4.747474747475e-01 0.000000000000e+00 -6.565656565657e-01
v -4.545454545455e-01 0.000000000000e+00 -6.565656565657e-01
v -4.141414141414e-01 0.000000000000e+00 -6.363636363636e-01
v -4.343434343434e-01 0.000000000000e+00 -6.565656565657e-01
v -4.949494949495e-01 0.000000000000e+00 -6.767676767677e-01
v -4.949494949495e-01 0.000000000000e+00 -6.565656565657e-01
v -4.747474747475e-01 0.000000000000e+00 -6.767676767677e-01
v -5.151515151515e-01 0.000000000000e+00 -6.767676767677e-01
v -4.545454545455e-01 0.000000000000e+00 -6.767676767677e-01
v -3.939393939394e-01 0.000000000000e+00 -7.171717171717e-01
v -3.737373737374e-01 0.000000000000e+00 -7.171717171717e-01
v -4.343434343434e-01 0.000000000000e+00 -7.373737373737e-01
v -4.141414141414e-01 0.000000000000e+00 -7.373737373737e-01
v -3.939393939394e-01 0.000000000000e+00 -7.373737373737e-01
v -4.141414141414e-01 0.000000000000e+00 -7.171717171717e-01
v -4.343434343434e-01 0.000000000000e+00 -7.171717171717e-01
v -3.939393939394e-01 0.000000000000e+00 -6.969696969697e-01
v -4.141414141414e-01 0.000000000000e+00 -6.969696969697e-01
v -4.343434343434e-01 0.000000000000e+00 -6.969696969697e-01
v -3.737373737374e-01 0.000000000000e+00 -6.969696969697e-01
v -4.141414141414e-01 0.000000000000e+00 -6.767676767677e-01
v -3.939393939394e-01 0.000000000000e+00 -6.767676767677e-01
v -3.737373737374e-01 0.000000000000e+00 -6.767676767677e-01
v -3.939393939394e-01 0.000000000000e+00 -7.575757575758e-01
v -3.737373737374e-01 0.000000000000e+00 -7.575757575758e-01
v -3.535353535354e-01 0.000000000000e+00 -7.575757575758e-01
v -3.535353535354e-01 0.000000000000e+00 -7.979797979798e-01
v -3.737373737374e-01 0.000000000000e+00 -7.777777777778e-01
v -4.141414141414e-01 0.000000000000e+00 -7.777777777778e-01
v -3.939393939394e-01 0.000000000000e+00 -7.979797979798e-01
v -3.535353535354e-01 0.000000000000e+00 -7.373737373737e-01
v -4.141414141414e-01 0.000000000000e+00 -7.575757575758e-01
v -3.737373737374e-01 0.000000000000e+00 -7.979797979798e-01
v -3.535353535354e-01 0.000000000000e+00 -7.777777777778e-01
v -3.737373737374e-01 0.000000000000e+00 -7.373737373737e-01
v -4.141414141414e-01 0.000000000000e+00 -7.979797979798e-01
v -3.939393939394e-01 0.000000000000e+00 -7.777777777778e-01
v -4.747474747475e-01 0.000000000000e+00 -6.161616161616e-01
v -4.949494949495e-01 0.000000000000e+00 -5.555555555556e-01
v -4.747474747475e-01 0.000000000000e+00 -5.555555555556e-01
v -4.141414141414e-01 0.000000000000e+00 -6.161616161616e-01
v -4.949494949495e-01 0.000000000000e+00 -5.757575757576e-01
v -4.747474747475e-01 0.000000000000e+00 -5.757575757576e-01
v -4.545454545455e-01 0.000000000000e+00 -5.757575757576e-01
v -4.747474747475e-01 0.000000000000e+00 -5.959595959596e-01
v -4.141414141414e-01 0.000000000000e+00 -5.959595959596e-01
v -4.343434343434e-01 0.000000000000e+00 -5.959595959596e-01
v -4.545454545455e-01 0.000000000000e+00 -5.555555555556e-01
v -4.343434343434e-01 0.000000000000e+00 -5.757575757576e-01
v -4.343434343434e-01 0.000000000000e+00 -6.161616161616e-01
v -4.545454545455e-01 0.000000000000e+00 -5.959595959596e-01
v -4.545454545455e-01 0.000000000000e+00 -6.161616161616e-01
v -5.151515151515e-01 0.000000000000e+00 -6.161616161616e-01
v -5.555555555556e-01 0.000000000000e+00 -6.161616161616e-01
v -4.949494949495e-01 0.000000000000e+00 -6.161616161616e-01
v -5.757575757576e-01 0.000000000000e+00 -6.161616161616e-01
v -5.151515151515e-01 0.000000000000e+00 -5.959595959596e-01
v -5.757575757576e-01 0.000000000000e+00 -6.363636363636e-01
v -4.949494949495e-01 0.000000000000e+00 -6.363636363636e-01
v -4.949494949495e-01 0.000000000000e+00 -5.959595959596e-01
v -5.353535353535e-01 0.000000000000e+00 -6.363636363636e-01
v -5.353535353535e-01 0.000000000000e+00 -6.161616161616e-01
v -5.555555555556e-01 0.000000000000e+00 -6.565656565657e-01
v -5.353535353535e-01 0.000000000000e+00 -6.565656565657e-01
v -5.151515151515e-01 0.000000000000e+00 -6.565656565657e-01
v -5.151515151515e-01 0.000000000000e+00 -6.363636363636e-01
v -5.555555555556e-01 0.000000000000e+00 -6.363636363636e-01
v -5.959595959596e-01 0.000000000000e+00 -7.575757575758e-01
v -5.555555555556e-01 0.000000000000e+00 -7.777777777778e-01
v -5.757575757576e-01 0.000000000000e+00 -7.777777777778e-01
v -6.565656565657e-01 0.000000000000e+00 -7.777777777778e-01
v -6.363636363636e-01 0.000000000000e+00 -7.777777777778e-01
v -6.161616161616e-01 0.000000000000e+00 -7.777777777778e-01
v -6.161616161616e-01 0.000000000000e+00 -7.575757575758e-01
v -5.959595959596e-01 0.000000000000e+00 -7.373737373737e-01
v -5.555555555556e-01 0.000000000000e+00 -7.373737373737e-01
v -6.565656565657e-01 0.000000000000e+00 -7.575757575758e-01
v -5.555555555556e-01 0.000000000000e+00 -7.575757575758e-01
v -5.757575757576e-01 0.000000000000e+00 -7.575757575758e-01
v -5.757575757576e-01 0.000000000000e+00 -7.373737373737e-01
v -5.959595959596e-01 0.000000000000e+00 -7.777777777778e-01
v -6.363636363636e-01 0.000000000000e+00 -7.575757575758e-01
v -5.555555555556e-01 0.000000000000e+00 -6.969696969697e-01
v -5.353535353535e-01 0.000000000000e+00 -6.969696969697e-01
v -5.757575757576e-01 0.000000000000e+00 -6.565656565657e-01
v -5.959595959596e-01 0.000000000000e+00 -6.969696969697e-01
v -5.757575757576e-01 0.000000000000e+00 -6.767676767677e-01
v -5.555555555556e-01 0.000000000000e+00 -6.767676767677e-01
v -5.353535353535e-01 0.000000000000e+00 -6.767676767677e-01
v -6.161616161616e-01 0.000000000000e+00 -6.565656565657e-01
v -5.757575757576e-01 0.000000000000e+00 -6.969696969697e-01
v -5.959595959596e-01 0.000000000000e+00 -6.767676767677e-01
v -5.353535353535e-01 0.000000000000e+00 -7.171717171717e-01
v -5.757575757576e-01 0.000000000000e+00 -7.171717171717e-01
v -5.555555555556e-01 0.000000000000e+00 -7.171717171717e-01
v -6.161616161616e-01 0.000000000000e+00 -6.363636363636e-01
v -5.959595959596e-01 0.000000000000e+00 -6.363636363636e-01
v -5.959595959596e-01 0.000000000000e+00 -6.565656565657e-01
v -6.161616161616e-01 0.000000000000e+00 -6.969696969697e-01
v -6.565656565657e-01 0.000000000000e+00 -7.373737373737e-01
v -6.363636363636e-01 0.000000000000e+00 -7.373737373737e-01
v -6.565656565657e-01 0.000000000000e+00 -6.969696969697e-01
v -5.959595959596e-01 0.000000000000e+00 -7.171717171717e-01
v -6.363636363636e-01 0.000000000000e+00 -6.969696969697e-01
v -6.565656565657e-01 0.000000000000e+00 -7.171717171717e-01
v -6.161616161616e-01 0.000000000000e+00 -7.373737373737e-01
v -6.565656565657e-01 0.000000000000e+00 -6.565656565657e-01
v -6.363636363636e-01 0.000000000000e+00 -6.565656565657e-01
v -6.363636363636e-01 0.000000000000e+00 -7.171717171717e-01
v -6.161616161616e-01 0.000000000000e+00 -6.767676767677e-01
v -6.363636363636e-01 0.000000000000e+00 -6.767676767677e-01
v -6.161616161616e-01 0.000000000000e+00 -7.171717171717e-01
v -6.565656565657e-01 0.000000000000e+00 -6.767676767677e-01
v -5.959595959596e-01 0.000000000000e+00 -1.000000000000e+00
v -5.757575757576e-01 0.000000000000e+00 -9.797979797980e-01
v -5.959595959596e-01 0.000000000000e+00 -9.797979797980e-01
v -6.161616161616e-01 0.000000000000e+00 -9.797979797980e-01
v -5.757575757576e-01 0.000000000000e+00 -1.000000000000e+00
v -5.959595959596e-01 0.000000000000e+00 -9.595959595960e-01
v -6.161616161616e-01 0.000000000000e+00 -1.000000000000e+00
v -6.161616161616e-01 0.000000000000e+00 -9.393939393939e-01
v -6.363636363636e-01 0.000000000000e+00 -9.595959595960e-01
v -6.363636363636e-01 0.000000000000e+00 -9.797979797980e-01
v -5.757575757576e-01 0.000000000000e+00 -9.595959595960e-01
v -6.161616161616e-01 0.000000000000e+00 -9.595959595960e-01
v -6.363636363636e-01 0.000000000000e+00 -1.000000000000e+00
v -5.959595959596e-01 0.000000000000e+00 -9.393939393939e-01
v -6.363636363636e-01 0.000000000000e+00 -9.393939393939e-01
v -5.555555555556e-01 0.000000000000e+00 -1.000000000000e+00
v -5.353535353535e-01 0.000000000000e+00 -1.000000000000e+00
v -5.353535353535e-01 0.000000000000e+00 -9.393939393939e-01
v -5.353535353535e-01 0.000000000000e+00 -9.595959595960e-01
v -5.757575757576e-01 0.000000000000e+00 -9.393939393939e-01
v -5.555555555556e-01 0.000000000000e+00 -9.191919191919e-01
v -5.151515151515e-01 0.000000000000e+00 -9.393939393939e-01
v -5.757575757576e-01 0.000000000000e+00 -9.191919191919e-01
v -5.151515151515e-01 0.000000000000e+00 -9.191919191919e-01
v -5.151515151515e-01 0.000000000000e+00 -9.595959595960e-01
v -5.555555555556e-01 0.000000000000e+00 -9.595959595960e-01
v -5.555555555556e-01 0.000000000000e+00 -9.393939393939e-01
v -5.555555555556e-01 0.000000000000e+00 -9.797979797980e-01
v -5.353535353535e-01 0.000000000000e+00 -9.797979797980e-01
v -5.353535353535e-01 0.000000000000e+00 -9.191919191919e-01
v -5.151515151515e-01 0.000000000000e+00 -8.585858585859e-01
v -5.151515151515e-01 0.000000000000e+00 -8.181818181818e-01
v -5.555555555556e-01 0.000000000000e+00 -8.787878787879e-01
v -5.353535353535e-01 0.000000000000e+00 -8.181818181818e-01
v -5.151515151515e-01 0.000000000000e+00 -8.383838383838e-01
v -5.151515151515e-01 0.000000000000e+00 -8.787878787879e-01
v -5.353535353535e-01 0.000000000000e+00 -8.989898989899e-01
v -5.353535353535e-01 0.000000000000e+00 -8.585858585859e-01
v -5.353535353535e-01 0.000000000000e+00 -8.383838383838e-01
v -5.555555555556e-01 0.000000000000e+00 -8.585858585859e-01
v -5.353535353535e-01 0.000000000000e+00 -8.787878787879e-01
v -5.151515151515e-01 0.000000000000e+00 -8.989898989899e-01
v -5.555555555556e-01 0.000000000000e+00 -8.383838383838e-01
v -5.555555555556e-01 0.000000000000e+00 -8.181818181818e-01
v -5.555555555556e-01 0.000000000000e+00 -8.989898989899e-01
v -6.363636363636e-01 0.000000000000e+00 -8.383838383838e-01
v -5.757575757576e-01 0.000000000000e+00 -7.979797979798e-01
v -5.555555555556e-01 0.000000000000e+00 -7.979797979798e-01
v -5.959595959596e-01 0.000000000000e+00 -8.383838383838e-01
v -5.757575757576e-01 0.000000000000e+00 -8.383838383838e-01
v -6.161616161616e-01 0.000000000000e+00 -8.181818181818e-01
v -6.161616161616e-01 0.000000000000e+00 -7.979797979798e-01
v -6.161616161616e-01 0.000000000000e+00 -8.383838383838e-01
v -5.959595959596e-01 0.000000000000e+00 -8.181818181818e-01
v -5.757575757576e-01 0.000000000000e+00 -8.181818181818e-01
v -6.363636363636e-01 0.000000000000e+00 -7.979797979798e-01
v -6.363636363636e-01 0.000000000000e+00 -8.181818181818e-01
v -5.959595959596e-01 0.000000000000e+00 -7.979797979798e-01
v -6.565656565657e-01 0.000000000000e+00 -8.181818181818e-01
v -6.565656565657e-01 0.000000000000e+00 -7.979797979798e-01
v -6.161616161616e-01 0.000000000000e+00 -9.191919191919e-01
v -6.363636363636e-01 0.000000000000e+00 -8.787878787879e-01
v -5.959595959596e-01 0.000000000000e+00 -8.585858585859e-01
v -6.363636363636e-01 0.000000000000e+00 -9.191919191919e-01
v -5.757575757576e-01 0.000000000000e+00 -8.787878787879e-01
v -5.959595959596e-01 0.000000000000e+00 -8.989898989899e-01
v -6.161616161616e-01 0.000000000000e+00 -8.787878787879e-01
v -5.757575757576e-01 0.000000000000e+00 -8.585858585859e-01
v -6.363636363636e-01 0.000000000000e+00 -8.585858585859e-01
v -5.959595959596e-01 0.000000000000e+00 -8.787878787879e-01
v -5.959595959596e-01 0.000000000000e+00 -9.191919191919e-01
v -6.161616161616e-01 0.000000000000e+00 -8.989898989899e-01
v -6.363636363636e-01 0.000000000000e+00 -8.989898989899e-01
v -6.161616161616e-01 0.000000000000e+00 -8.585858585859e-01
v -5.757575757576e-01 0.000000000000e+00 -8.989898989899e-01
v -3.737373737374e-01 0.000000000000e+00 -8.181818181818e-01
v -3.939393939394e-01 0.000000000000e+00 -8.181818181818e-01
v -4.141414141414e-01 0.000000000000e+00 -8.181818181818e-01
v -3.737373737374e-01 0.000000000000e+00 -8.787878787879e-01
v -3.333333333333e-01 0.000000000000e+00 -8.585858585859e-01
v -3.535353535354e-01 0.000000000000e+00 -8.585858585859e-01
v -3.737373737374e-01 0.000000000000e+00 -8.585858585859e-01
v -3.333333333333e-01 0.000000000000e+00 -8.383838383838e-01
v -3.535353535354e-01 0.000000000000e+00 -8.181818181818e-01
v -4.141414141414e-01 0.000000000000e+00 -8.383838383838e-01
v -3.939393939394e-01 0.000000000000e+00 -8.383838383838e-01
v -3.737373737374e-01 0.000000000000e+00 -8.383838383838e-01
v -3.333333333333e-01 0.000000000000e+00 -8.787878787879e-01
v -3.535353535354e-01 0.000000000000e+00 -8.383838383838e-01
v -3.535353535354e-01 0.000000000000e+00 -8.787878787879e-01
v -4.141414141414e-01 0.000000000000e+00 -8.585858585859e-01
v -3.939393939394e-01 0.000000000000e+00 -8.585858585859e-01
v -4.747474747475e-01 0.000000000000e+00 -8.989898989899e-01
v -4.949494949495e-01 0.000000000000e+00 -8.989898989899e-01
v -4.949494949495e-01 0.000000000000e+00 -9.191919191919e-01
v -4.747474747475e-01 0.000000000000e+00 -9.191919191919e-01
v -4.141414141414e-01 0.000000000000e+00 -8.787878787879e-01
v -4.343434343434e-01 0.000000000000e+00 -9.191919191919e-01
v -4.545454545455e-01 0.000000000000e+00 -8.989898989899e-01
v -3.939393939394e-01 0.000000000000e+00 -8.787878787879e-01
v -4.343434343434e-01 0.000000000000e+00 -8.787878787879e-01
v -4.545454545455e-01 0.000000000000e+00 -9.191919191919e-01
v -4.141414141414e-01 0.000000000000e+00 -9.191919191919e-01
v -3.939393939394e-01 0.000000000000e+00 -8.989898989899e-01
v -4.141414141414e-01 0.000000000000e+00 -8.989898989899e-01
v -4.343434343434e-01 0.000000000000e+00 -8.989898989899e-01
v -4.545454545455e-01 0.000000000000e+00 -8.787878787879e-01
v -4.949494949495e-01 0.000000000000e+00 -8.585858585859e-01
v -4.343434343434e-01 0.000000000000e+00 -8.383838383838e-01
v -4.545454545455e-01 0.000000000000e+00 -8.383838383838e-01
v -4.545454545455e-01 0.000000000000e+00 -8.585858585859e-01
v -4.545454545455e-01 0.000000000000e+00 -8.181818181818e-01
v -4.747474747475e-01 0.000000000000e+00 -8.585858585859e-01
v -4.949494949495e-01 0.000000000000e+00 -8.383838383838e-01
v -4.343434343434e-01 0.000000000000e+00 -8.585858585859e-01
v -4.747474747475e-01 0.000000000000e+00 -8.787878787879e-01
v -4.747474747475e-01 0.000000000000e+00 -8.383838383838e-01
v -4.343434343434e-01 0.000000000000e+00 -8.181818181818e-01
v -4.949494949495e-01 0.000000000000e+00 -8.181818181818e-01
v -4.949494949495e-01 0.000000000000e+00 -8.787878787879e-01
v -4.747474747475e-01 0.000000000000e+00 -8.181818181818e-01
v -4.747474747475e-01 0.000000000000e+00 -9.797979797980e-01
v -4.545454545455e-01 0.000000000000e+00 -9.595959595960e-01
v -4.545454545455e-01 0.000000000000e+00 -1.000000000000e+00
v -4.949494949495e-01 0.000000000000e+00 -9.797979797980e-01
v -5.151515151515e-01 0.000000000000e+00 -9.797979797980e-01
v -4.545454545455e-01 0.000000000000e+00 -9.797979797980e-01
v -4.949494949495e-01 0.000000000000e+00 -1.000000000000e+00
v -4.949494949495e-01 0.000000000000e+00 -9.595959595960e-01
v -4.545454545455e-01 0.000000000000e+00 -9.393939393939e-01
v -5.151515151515e-01 0.000000000000e+00 -1.000000000000e+00
v -4.747474747475e-01 0.000000000000e+00 -9.393939393939e-01
v -4.747474747475e-01 0.000000000000e+00 -9.595959595960e-01
v -4.949494949495e-01 0.000000000000e+00 -9.393939393939e-01
v -4.747474747475e-01 0.000000000000e+00 -1.000000000000e+00
v -3.737373737374e-01 0.000000000000e+00 -9.797979797980e-01
v -4.141414141414e-01 0.000000000000e+00 -9.797979797980e-01
v -3.737373737374e-01 0.000000000000e+00 -1.000000000000e+00
v -3.737373737374e-01 0.000000000000e+00 -9.595959595960e-01
v -3.939393939394e-01 0.000000000000e+00 -9.797979797980e-01
v -4.141414141414e-01 0.000000000000e+00 -9.393939393939e-01
v -3.939393939394e-01 0.000000000000e+00 -9.393939393939e-01
v -4.343434343434e-01 0.000000000000e+00 -9.393939393939e-01
v -3.939393939394e-01 0.000000000000e+00 -1.000000000000e+00
v -4.343434343434e-01 0.000000000000e+00 -1.000000000000e+00
v -4.141414141414e-01 0.000000000000e+00 -1.000000000000e+00
v -4.343434343434e-01 0.000000000000e+00 -9.595959595960e-01
v -4.141414141414e-01 0.000000000000e+00 -9.595959595960e-01
v -3.939393939394e-01 0.000000000000e+00 -9.595959595960e-01
v -4.343434343434e-01 0.000000000000e+00 -9.797979797980e-01
v -3.535353535354e-01 0.000000000000e+00 -9.797979797980e-01
v -3.333333333333e-01 0.000000000000e+00 -9.797979797980e-01
v -3.333333333333e-01 0.000000000000e+00 -9.595959595960e-01
v -3.737373737374e-01 0.000000000000e+00 -9.393939393939e-01
v -3.737373737374e-01 0.000000000000e+00 -9.191919191919e-01
v -3.535353535354e-01 0.000000000000e+00 -9.191919191919e-01
v -3.737373737374e-01 0.000000000000e+00 -8.989898989899e-01
v -3.939393939394e-01 0.000000000000e+00 -9.191919191919e-01
v -3.333333333333e-01 0.000000000000e+00 -9.393939393939e-01
v -3.535353535354e-01 0.000000000000e+00 -8.989898989899e-01
v -3.535353535354e-01 0.000000000000e+00 -1.000000000000e+00
v -3.333333333333e-01 0.000000000000e+00 -1.000000000000e+00
v -3.333333333333e-01 0.000000000000e+00 -9.191919191919e-01
v -3.535353535354e-01 0.000000000000e+00 -9.595959595960e-01
v -3.535353535354e-01 0.000000000000e+00 -9.393939393939e-01
v -3.333333333333e-01 0.000000000000e+00 -8.989898989899e-01
v -9.595959595960e-01 0.000000000000e+00 -7.979797979798e-01
v -1.000000000000e+00 0.000000000000e+00 -8.181818181818e-01
v -9.797979797980e-01 0.000000000000e+00 -8.181818181818e-01
v -9.393939393939e-01 0.000000000000e+00 -7.777777777778e-01
v -1.000000000000e+00 0.000000000000e+00 -7.575757575758e-01
v -1.000000000000e+00 0.000000000000e+00 -7.979797979798e-01
v -9.797979797980e-01 0.000000000000e+00 -7.979797979798e-01
v -9.595959595960e-01 0.000000000000e+00 -7.575757575758e-01
v -9.393939393939e-01 0.000000000000e+00 -7.575757575758e-01
v -9.797979797980e-01 0.000000000000e+00 -7.575757575758e-01
v -1.000000000000e+00 0.000000000000e+00 -7.777777777778e-01
v -9.595959595960e-01 0.000000000000e+00 -8.181818181818e-01
v -9.595959595960e-01 0.000000000000e+00 -7.777777777778e-01
v -9.797979797980e-01 0.000000000000e+00 -7.777777777778e-01
v -8.989898989899e-01 0.000000000000e+00 -8.181818181818e-01
v -8.585858585859e-01 0.000000000000e+00 -7.979797979798e-01
v -8.787878787879e-01 0.000000000000e+00 -8.181818181818e-01
v -8.787878787879e-01 0.000000000000e+00 -7.979797979798e-01
v -9.191919191919e-01 0.000000000000e+00 -7.979797979798e-01
v -8.787878787879e-01 0.000000000000e+00 -7.777777777778e-01
v -9.191919191919e-01 0.000000000000e+00 -8.181818181818e-01
v -9.393939393939e-01 0.000000000000e+00 -7.979797979798e-01
v -8.989898989899e-01 0.000000000000e+00 -7.777777777778e-01
v -9.393939393939e-01 0.000000000000e+00 -8.181818181818e-01
v -9.191919191919e-01 0.000000000000e+00 -7.777777777778e-01
v -8.989898989899e-01 0.000000000000e+00 -7.979797979798e-01
v -8.585858585859e-01 0.000000000000e+00 -7.777777777778e-01
v -8.585858585859e-01 0.000000000000e+00 -8.181818181818e-01
v -9.595959595960e-01 0.000000000000e+00 -6.969696969697e-01
v -9.797979797980e-01 0.000000000000e+00 -6.767676767677e-01
v -9.595959595960e-01 0.000000000000e+00 -7.171717171717e-01
v -9.595959595960e-01 0.000000000000e+00 -7.373737373737e-01
v -1.000000000000e+00 0.000000000000e+00 -7.373737373737e-01
v -9.595959595960e-01 0.000000000000e+00 -6.565656565657e-01
v -9.797979797980e-01 0.000000000000e+00 -7.373737373737e-01
v -9.797979797980e-01 0.000000000000e+00 -6.565656565657e-01
v -1.000000000000e+00 0.000000000000e+00 -6.565656565657e-01
v -1.000000000000e+00 0.000000000000e+00 -7.171717171717e-01
v -1.000000000000e+00 0.000000000000e+00 -6.969696969697e-01
v -9.797979797980e-01 0.000000000000e+00 -6.969696969697e-01
v -9.797979797980e-01 0.000000000000e+00 -7.171717171717e-01
v -9.595959595960e-01 0.000000000000e+00 -6.767676767677e-01
v -1.000000000000e+00 0.000000000000e+00 -6.767676767677e-01
v -8.989898989899e-01 0.000000000000e+00 -7.373737373737e-01
v -8.787878787879e-01 0.000000000000e+00 -7.373737373737e-01
v -8.585858585859e-01 0.000000000000e+00 -7.575757575758e-01
v -9.191919191919e-01 0.000000000000e+00 -7.373737373737e-01
v -9.393939393939e-01 0.000000000000e+00 -7.373737373737e-01
v -8.787878787879e-01 0.000000000000e+00 -7.171717171717e-01
v -9.191919191919e-01 0.000000000000e+00 -7.575757575758e-01
v -8.585858585859e-01 0.000000000000e+00 -7.171717171717e-01
v -8.989898989899e-01 0.000000000000e+00 -7.171717171717e-01
v -8.585858585859e-01 0.000000000000e+00 -7.373737373737e-01
v -9.393939393939e-01 0.000000000000e+00 -6.969696969697e-01
v -8.989898989899e-01 0.000000000000e+00 -7.575757575758e-01
v -8.787878787879e-01 0.000000000000e+00 -7.575757575758e-01
v -9.191919191919e-01 0.000000000000e+00 -6.969696969697e-01
v -9.191919191919e-01 0.000000000000e+00 -7.171717171717e-01
v -9.393939393939e-01 0.000000000000e+00 -7.171717171717e-01
v -8.383838383838e-01 0.000000000000e+00 -6.565656565657e-01
v -8.585858585859e-01 0.000000000000e+00 -6.565656565657e-01
v -9.191919191919e-01 0.000000000000e+00 -6.565656565657e-01
v -8.989898989899e-01 0.000000000000e+00 -6.767676767677e-01
v -8.787878787879e-01 0.000000000000e+00 -6.767676767677e-01
v -9.393939393939e-01 0.000000000000e+00 -6.565656565657e-01
v -8.585858585859e-01 0.000000000000e+00 -6.969696969697e-01
v -8.787878787879e-01 0.000000000000e+00 -6.969696969697e-01
v -8.383838383838e-01 0.000000000000e+00 -6.767676767677e-01
v -8.585858585859e-01 0.000000000000e+00 -6.767676767677e-01
v -8.989898989899e-01 0.000000000000e+00 -6.969696969697e-01
v -9.393939393939e-01 0.000000000000e+00 -6.767676767677e-01
v -9.191919191919e-01 0.000000000000e+00 -6.767676767677e-01
v -8.989898989899e-01 0.000000000000e+00 -6.565656565657e-01
v -8.787878787879e-01 0.000000000000e+00 -6.565656565657e-01
v -6.767676767677e-01 0.000000000000e+00 -6.767676767677e-01
v -6.767676767677e-01 0.000000000000e+00 -6.969696969697e-01
v -6.767676767677e-01 0.000000000000e+00 -7.171717171717e-01
v -6.767676767677e-01 0.000000000000e+00 -7.373737373737e-01
v -7.171717171717e-01 0.000000000000e+00 -6.767676767677e-01
v -6.969696969697e-01 0.000000000000e+00 -7.373737373737e-01
v -6.767676767677e-01 0.000000000000e+00 -6.565656565657e-01
v -6.969696969697e-01 0.000000000000e+00 -6.565656565657e-01
v -7.171717171717e-01 0.000000000000e+00 -7.171717171717e-01
v -6.969696969697e-01 0.000000000000e+00 -6.767676767677e-01
v -6.969696969697e-01 0.000000000000e+00 -7.171717171717e-01
v -7.171717171717e-01 0.000000000000e+00 -6.565656565657e-01
v -7.171717171717e-01 0.000000000000e+00 -6.969696969697e-01
v -6.969696969697e-01 0.000000000000e+00 -6.969696969697e-01
v -7.171717171717e-01 0.000000000000e+00 -7.373737373737e-01
v -7.777777777778e-01 0.000000000000e+00 -6.969696969697e-01
v -7.373737373737e-01 0.000000000000e+00 -6.969696969697e-01
v -7.373737373737e-01 0.000000000000e+00 -7.171717171717e-01
v -8.181818181818e-01 0.000000000000e+00 -6.565656565657e-01
v -7.777777777778e-01 0.000000000000e+00 -7.171717171717e-01
v -7.777777777778e-01 0.000000000000e+00 -6.565656565657e-01
v -7.979797979798e-01 0.000000000000e+00 -6.565656565657e-01
v -7.575757575758e-01 0.000000000000e+00 -6.767676767677e-01
v -8.181818181818e-01 0.000000000000e+00 -6.767676767677e-01
v -7.575757575758e-01 0.000000000000e+00 -6.565656565657e-01
v -7.979797979798e-01 0.000000000000e+00 -6.767676767677e-01
v -7.777777777778e-01 0.000000000000e+00 -6.767676767677e-01
v -7.575757575758e-01 0.000000000000e+00 -7.171717171717e-01
v -7.575757575758e-01 0.000000000000e+00 -6.969696969697e-01
v -7.373737373737e-01 0.000000000000e+00 -6.767676767677e-01
v -8.383838383838e-01 0.000000000000e+00 -7.777777777778e-01
v -8.383838383838e-01 0.000000000000e+00 -7.979797979798e-01
v -8.383838383838e-01 0.000000000000e+00 -6.969696969697e-01
v -8.181818181818e-01 0.000000000000e+00 -7.575757575758e-01
v -8.181818181818e-01 0.000000000000e+00 -7.373737373737e-01
v -8.383838383838e-01 0.000000000000e+00 -7.373737373737e-01
v -8.181818181818e-01 0.000000000000e+00 -6.969696969697e-01
v -8.181818181818e-01 0.000000000000e+00 -7.171717171717e-01
v -7.979797979798e-01 0.000000000000e+00 -7.171717171717e-01
v -8.181818181818e-01 0.000000000000e+00 -7.777777777778e-01
v -8.181818181818e-01 0.000000000000e+00 -7.979797979798e-01
v -7.979797979798e-01 0.000000000000e+00 -6.969696969697e-01
v -8.383838383838e-01 0.000000000000e+00 -7.575757575758e-01
v -8.383838383838e-01 0.000000000000e+00 -7.171717171717e-01
v -7.777777777778e-01 0.000000000000e+00 -7.979797979798e-01
v -7.575757575758e-01 0.000000000000e+00 -7.979797979798e-01
v -7.575757575758e-01 0.000000000000e+00 -7.575757575758e-01
v -7.373737373737e-01 0.000000000000e+00 -7.575757575758e-01
v -7.777777777778e-01 0.000000000000e+00 -7.575757575758e-01
v -7.979797979798e-01 0.000000000000e+00 -7.979797979798e-01
v -7.979797979798e-01 0.000000000000e+00 -7.777777777778e-01
v -7.575757575758e-01 0.000000000000e+00 -7.777777777778e-01
v -7.373737373737e-01 0.000000000000e+00 -7.373737373737e-01
v -7.979797979798e-01 0.000000000000e+00 -7.373737373737e-01
v -7.575757575758e-01 0.000000000000e+00 -7.373737373737e-01
v -7.777777777778e-01 0.000000000000e+00 -7.373737373737e-01
v -7.777777777778e-01 0.000000000000e+00 -7.777777777778e-01
v -7.979797979798e-01 0.000000000000e+00 -7.575757575758e-01
v -7.171717171717e-01 0.000000000000e+00 -7.777777777778e-01
v -7.171717171717e-01 0.000000000000e+00 -7.575757575758e-01
v -7.373737373737e-01 0.000000000000e+00 -7.777777777778e-01
v -6.767676767677e-01 0.000000000000e+00 -7.575757575758e-01
v -6.969696969697e-01 0.000000000000e+00 -7.979797979798e-01
v -7.373737373737e-01 0.000000000000e+00 -7.979797979798e-01
v -7.171717171717e-01 0.000000000000e+00 -7.979797979798e-01
v -6.969696969697e-01 0.000000000000e+00 -7.777777777778e-01
v -6.767676767677e-01 0.000000000000e+00 -7.979797979798e-01
v -6.767676767677e-01 0.000000000000e+00 -7.777777777778e-01
v -6.767676767677e-01 0.000000000000e+00 -8.181818181818e-01
v -6.969696969697e-01 0.000000000000e+00 -8.181818181818e-01
v -7.373737373737e-01 0.000000000000e+00 -8.181818181818e-01
v -7.171717171717e-01 0.000000000000e+00 -8.181818181818e-01
v -6.969696969697e-01 0.000000000000e+00 -7.575757575758e-01
v -1.000000000000e+00 0.000000000000e+00 -9.797979797980e-01
v -1.000000000000e+00 0.000000000000e+00 -9.595959595960e-01
v -9.797979797980e-01 0.000000000000e+00 -9.797979797980e-01
v -9.797979797980e-01 0.000000000000e+00 -1.000000000000e+00
v -9.595959595960e-01 0.000000000000e+00 -9.797979797980e-01
v -9.191919191919e-01 0.000000000000e+00 -9.797979797980e-01
v -9.393939393939e-01 0.000000000000e+00 -9.595959595960e-01
v -9.191919191919e-01 0.000000000000e+00 -9.595959595960e-01
v -1.000000000000e+00 0.000000000000e+00 -1.000000000000e+00
v -9.595959595960e-01 0.000000000000e+00 -1.000000000000e+00
v -9.393939393939e-01 0.000000000000e+00 -9.797979797980e-01
v -9.191919191919e-01 0.000000000000e+00 -1.000000000000e+00
v -9.393939393939e-01 0.000000000000e+00 -1.000000000000e+00
v -9.595959595960e-01 0.000000000000e+00 -9.595959595960e-01
v -9.797979797980e-01 0.000000000000e+00 -9.595959595960e-01
v -8.989898989899e-01 0.000000000000e+00 -1.000000000000e+00
v -8.989898989899e-01 0.000000000000e+00 -9.797979797980e-01
v -8.989898989899e-01 0.000000000000e+00 -9.595959595960e-01
v -8.585858585859e-01 0.000000000000e+00 -9.393939393939e-01
v -8.585858585859e-01 0.000000000000e+00 -9.797979797980e-01
v -8.989898989899e-01 0.000000000000e+00 -9.393939393939e-01
v -8.787878787879e-01 0.000000000000e+00 -1.000000000000e+00
v -8.787878787879e-01 0.000000000000e+00 -9.595959595960e-01
v -8.585858585859e-01 0.000000000000e+00 -9.595959595960e-01
v -8.383838383838e-01 0.000000000000e+00 -9.595959595960e-01
v -8.585858585859e-01 0.000000000000e+00 -1.000000000000e+00
v -8.383838383838e-01 0.000000000000e+00 -1.000000000000e+00
v -8.787878787879e-01 0.000000000000e+00 -9.393939393939e-01
v -8.787878787879e-01 0.000000000000e+00 -9.797979797980e-01
v -8.383838383838e-01 0.000000000000e+00 -9.797979797980e-01
v -8.989898989899e-01 0.000000000000e+00 -8.989898989899e-01
v -8.989898989899e-01 0.000000000000e+00 -9.191919191919e-01
v -8.585858585859e-01 0.000000000000e+00 -8.585858585859e-01
v -8.787878787879e-01 0.000000000000e+00 -8.989898989899e-01
v -8.585858585859e-01 0.000000000000e+00 -8.989898989899e-01
v -8.585858585859e-01 0.000000000000e+00 -8.787878787879e-01
v -8.787878787879e-01 0.000000000000e+00 -8.787878787879e-01
v -8.787878787879e-01 0.000000000000e+00 -8.383838383838e-01
v -8.787878787879e-01 0.000000000000e+00 -8.585858585859e-01
v -8.989898989899e-01 0.000000000000e+00 -8.585858585859e-01
v -8.989898989899e-01 0.000000000000e+00 -8.383838383838e-01
v -8.787878787879e-01 0.000000000000e+00 -9.191919191919e-01
v -8.585858585859e-01 0.000000000000e+00 -9.191919191919e-01
v -8.585858585859e-01 0.000000000000e+00 -8.383838383838e-01
v -8.989898989899e-01 0.000000000000e+00 -8.787878787879e-01
v -9.595959595960e-01 0.000000000000e+00 -8.383838383838e-01
v -9.393939393939e-01 0.000000000000e+00 -8.383838383838e-01
v -9.191919191919e-01 0.000000000000e+00 -8.585858585859e-01
v -9.797979797980e-01 0.000000000000e+00 -8.383838383838e-01
v -9.191919191919e-01 0.000000000000e+00 -8.383838383838e-01
v -1.000000000000e+00 0.000000000000e+00 -8.383838383838e-01
v -9.797979797980e-01 0.000000000000e+00 -8.585858585859e-01
v -9.595959595960e-01 0.000000000000e+00 -8.585858585859e-01
v -9.393939393939e-01 0.000000000000e+00 -8.585858585859e-01
v -1.000000000000e+00 0.000000000000e+00 -8.787878787879e-01
v -9.797979797980e-01 0.000000000000e+00 -8.787878787879e-01
v -9.595959595960e-01 0.000000000000e+00 -8.787878787879e-01
v -9.393939393939e-01 0.000000000000e+00 -8.787878787879e-01
v -9.191919191919e-01 0.000000000000e+00 -8.787878787879e-01
v -1.000000000000e+00 0.000000000000e+00 -8.585858585859e-01
v -9.191919191919e-01 0.000000000000e+00 -9.191919191919e-01
v -9.595959595960e-01 0.000000000000e+00 -9.393939393939e-01
v -1.000000000000e+00 0.000000000000e+00 -9.393939393939e-01
v -1.000000000000e+00 0.000000000000e+00 -9.191919191919e-01
v -9.797979797980e-01 0.000000000000e+00 -9.191919191919e-01
v -9.595959595960e-01 0.000000000000e+00 -9.191919191919e-01
v -9.797979797980e-01 0.000000000000e+00 -9.393939393939e-01
v -9.191919191919e-01 0.000000000000e+00 -8.989898989899e-01
v -9.393939393939e-01 0.000000000000e+00 -8.989898989899e-01
v -9.595959595960e-01 0.000000000000e+00 -8.989898989899e-01
v -9.797979797980e-01 0.000000000000e+00 -8.989898989899e-01
v -1.000000000000e+00 0.000000000000e+00 -8.989898989899e-01
v -9.393939393939e-01 0.000000000000e+00 -9.393939393939e-01
v -9.191919191919e-01 0.000000000000e+00 -9.393939393939e-01
v -9.393939393939e-01 0.000000000000e+00 -9.191919191919e-01
v -7.575757575758e-01 0.000000000000e+00 -9.595959595960e-01
v -7.575757575758e-01 0.000000000000e+00 -1.000000000000e+00
v -7.777777777778e-01 0.000000000000e+00 -9.393939393939e-01
v -7.575757575758e-01 0.000000000000e+00 -9.393939393939e-01
v -7.979797979798e-01 0.000000000000e+00 -9.393939393939e-01
v -7.979797979798e-01 0.000000000000e+00 -9.797979797980e-01
v -8.181818181818e-01 0.000000000000e+00 -9.797979797980e-01
v -7.575757575758e-01 0.000000000000e+00 -9.797979797980e-01
v -7.979797979798e-01 0.000000000000e+00 -9.595959595960e-01
v -7.777777777778e-01 0.000000000000e+00 -9.595959595960e-01
v -7.777777777778e-01 0.000000000000e+00 -1.000000000000e+00
v -7.979797979798e-01 0.000000000000e+00 -1.000000000000e+00
v -8.181818181818e-01 0.000000000000e+00 -1.000000000000e+00
v -7.777777777778e-01 0.000000000000e+00 -9.797979797980e-01
v -8.181818181818e-01 0.000000000000e+00 -9.595959595960e-01
v -7.777777777778e-01 0.000000000000e+00 -8.181818181818e-01
v -7.777777777778e-01 0.000000000000e+00 -8.383838383838e-01
v -7.575757575758e-01 0.000000000000e+00 -8.181818181818e-01
v -7.575757575758e-01 0.000000000000e+00 -8.585858585859e-01
v -7.575757575758e-01 0.000000000000e+00 -8.383838383838e-01
v -8.181818181818e-01 0.000000000000e+00 -8.383838383838e-01
v -7.979797979798e-01 0.000000000000e+00 -8.383838383838e-01
v -8.383838383838e-01 0.000000000000e+00 -8.383838383838e-01
v -8.383838383838e-01 0.000000000000e+00 -8.181818181818e-01
v -7.979797979798e-01 0.000000000000e+00 -8.585858585859e-01
v -8.181818181818e-01 0.000000000000e+00 -8.181818181818e-01
v -7.777777777778e-01 0.000000000000e+00 -8.585858585859e-01
v -8.383838383838e-01 0.000000000000e+00 -8.585858585859e-01
v -8.181818181818e-01 0.000000000000e+00 -8.585858585859e-01
v -7.979797979798e-01 0.000000000000e+00 -8.181818181818e-01
v -7.979797979798e-01 0.000000000000e+00 -8.989898989899e-01
v -7.777777777778e-01 0.000000000000e+00 -8.989898989899e-01
v -7.575757575758e-01 0.000000000000e+00 -8.989898989899e-01
v -7.575757575758e-01 0.000000000000e+00 -8.787878787879e-01
v -8.383838383838e-01 0.000000000000e+00 -9.191919191919e-01
v -8.383838383838e-01 0.000000000000e+00 -9.393939393939e-01
v -7.777777777778e-01 0.000000000000e+00 -9.191919191919e-01
v -8.181818181818e-01 0.000000000000e+00 -9.191919191919e-01
v -7.979797979798e-01 0.000000000000e+00 -9.191919191919e-01
v -8.181818181818e-01 0.000000000000e+00 -9.393939393939e-01
v -7.777777777778e-01 0.000000000000e+00 -8.787878787879e-01
v -7.979797979798e-01 0.000000000000e+00 -8.787878787879e-01
v -8.181818181818e-01 0.000000000000e+00 -8.787878787879e-01
v -8.383838383838e-01 0.000000000000e+00 -8.989898989899e-01
v -8.383838383838e-01 0.000000000000e+00 -8.787878787879e-01
v -8.181818181818e-01 0.000000000000e+00 -8.989898989899e-01
v -7.171717171717e-01 0.000000000000e+00 -8.585858585859e-01
v -6.969696969697e-01 0.000000000000e+00 -8.787878787879e-01
v -7.373737373737e-01 0.000000000000e+00 -8.585858585859e-01
v -6.767676767677e-01 0.000000000000e+00 -8.787878787879e-01
v -7.373737373737e-01 0.000000000000e+00 -8.787878787879e-01
v -7.171717171717e-01 0.000000000000e+00 -8.787878787879e-01
v -6.969696969697e-01 0.000000000000e+00 -8.585858585859e-01
v -6.565656565657e-01 0.000000000000e+00 -8.787878787879e-01
v -6.565656565657e-01 0.000000000000e+00 -8.383838383838e-01
v -6.767676767677e-01 0.000000000000e+00 -8.383838383838e-01
v -6.767676767677e-01 0.000000000000e+00 -8.585858585859e-01
v -7.171717171717e-01 0.000000000000e+00 -8.383838383838e-01
v -7.373737373737e-01 0.000000000000e+00 -8.383838383838e-01
v -6.565656565657e-01 0.000000000000e+00 -8.585858585859e-01
v -6.969696969697e-01 0.000000000000e+00 -8.383838383838e-01
v -7.373737373737e-01 0.000000000000e+00 -9.393939393939e-01
v -6.969696969697e-01 0.000000000000e+00 -9.393939393939e-01
v -6.969696969697e-01 0.000000000000e+00 -8.989898989899e-01
v -6.767676767677e-01 0.000000000000e+00 -9.393939393939e-01
v -7.373737373737e-01 0.000000000000e+00 -8.989898989899e-01
v -6.767676767677e-01 0.000000000000e+00 -9.191919191919e-01
v -7.575757575758e-01 0.000000000000e+00 -9.191919191919e-01
v -6.767676767677e-01 0.000000000000e+00 -8.989898989899e-01
v -7.171717171717e-01 0.000000000000e+00 -9.191919191919e-01
v -7.171717171717e-01 0.000000000000e+00 -8.989898989899e-01
v -6.565656565657e-01 0.000000000000e+00 -8.989898989899e-01
v -7.373737373737e-01 0.000000000000e+00 -9.191919191919e-01
v -7.171717171717e-01 0.000000000000e+00 -9.393939393939e-01
v -6.969696969697e-01 0.000000000000e+00 -9.191919191919e-01
v -6.565656565657e-01 0.000000000000e+00 -9.191919191919e-01
v -6.565656565657e-01 0.000000000000e+00 -9.393939393939e-01
v -7.171717171717e-01 0.000000000000e+00 -9.595959595960e-01
v -6.565656565657e-01 0.000000000000e+00 -9.797979797980e-01
v -6.969696969697e-01 0.000000000000e+00 -9.797979797980e-01
v -6.969696969697e-01 0.000000000000e+00 -9.595959595960e-01
v -7.171717171717e-01 0.000000000000e+00 -9.797979797980e-01
v -6.767676767677e-01 0.000000000000e+00 -9.595959595960e-01
v -7.373737373737e-01 0.000000000000e+00 -1.000000000000e+00
v -6.565656565657e-01 0.000000000000e+00 -9.595959595960e-01
v -6.565656565657e-01 0.000000000000e+00 -1.000000000000e+00
v -6.767676767677e-01 0.000000000000e+00 -1.000000000000e+00
v -6.969696969697e-01 0.000000000000e+00 -1.000000000000e+00
v -7.171717171717e-01 0.000000000000e+00 -1.000000000000e+00
v -7.373737373737e-01 0.000000000000e+00 -9.595959595960e-01
v -6.767676767677e-01 0.000000000000e+00 -9.797979797980e-01
v -7.373737373737e-01 0.000000000000e+00 -9.797979797980e-01
v 4.545454545455e-01 0.000000000000e+00 -2.323232323232e-01
v 5.555555555556e-01 0.000000000000e+00 -2.525252525253e-01
v 5.151515151515e-01 0.000000000000e+00 -2.525252525253e-01
v 4.747474747475e-01 0.000000000000e+00 -2.323232323232e-01
v 5.353535353535e-01 0.000000000000e+00 -2.525252525253e-01
v 5.353535353535e-01 0.000000000000e+00 -2.323232323232e-01
v 5.353535353535e-01 0.000000000000e+00 -2.727272727273e-01
v 4.949494949495e-01 0.000000000000e+00 -2.525252525253e-01
v 4.949494949495e-01 0.000000000000e+00 -2.727272727273e-01
v 4.747474747475e-01 0.000000000000e+00 -2.525252525253e-01
v 5.151515151515e-01 0.000000000000e+00 -2.727272727273e-01
v 4.747474747475e-01 0.000000000000e+00 -2.727272727273e-01
v 4.949494949495e-01 0.000000000000e+00 -2.323232323232e-01
v 5.151515151515e-01 0.000000000000e+00 -2.323232323232e-01
v 5.555555555556e-01 0.000000000000e+00 -2.727272727273e-01
v 5.555555555556e-01 0.000000000000e+00 -3.131313131313e-01
v 5.151515151515e-01 0.000000000000e+00 -2.929292929293e-01
v 5.353535353535e-01 0.000000000000e+00 -3.131313131313e-01
v 5.555555555556e-01 0.000000000000e+00 -3.333333333333e-01
v 5.555555555556e-01 0.000000000000e+00 -2.929292929293e-01
v 4.747474747475e-01 0.000000000000e+00 -3.131313131313e-01
v 4.949494949495e-01 0.000000000000e+00 -3.131313131313e-01
v 4.747474747475e-01 0.000000000000e+00 -2.929292929293e-01
v 4.949494949495e-01 0.000000000000e+00 -2.929292929293e-01
v 5.353535353535e-01 0.000000000000e+00 -2.929292929293e-01
v 5.353535353535e-01 0.000000000000e+00 -3.333333333333e-01
v 5.151515151515e-01 0.000000000000e+00 -3.131313131313e-01
v 4.949494949495e-01 0.000000000000e+00 -3.333333333333e-01
v 5.151515151515e-01 0.000000000000e+00 -3.333333333333e-01
v 4.747474747475e-01 0.000000000000e+00 -3.333333333333e-01
v 5.353535353535e-01 0.000000000000e+00 -3.737373737374e-01
v 4.949494949495e-01 0.000000000000e+00 -3.737373737374e-01
v 4.747474747475e-01 0.000000000000e+00 -3.737373737374e-01
v 4.545454545455e-01 0.000000000000e+00 -3.737373737374e-01
v 4.949494949495e-01 0.000000000000e+00 -3.939393939394e-01
v 4.747474747475e-01 0.000000000000e+00 -3.535353535354e-01
v 5.353535353535e-01 0.000000000000e+00 -3.535353535354e-01
v 4.747474747475e-01 0.000000000000e+00 -3.939393939394e-01
v 4.545454545455e-01 0.000000000000e+00 -3.939393939394e-01
v 4.545454545455e-01 0.000000000000e+00 -3.535353535354e-01
v 4.949494949495e-01 0.000000000000e+00 -3.535353535354e-01
v 5.555555555556e-01 0.000000000000e+00 -3.737373737374e-01
v 5.555555555556e-01 0.000000000000e+00 -3.535353535354e-01
v 5.151515151515e-01 0.000000000000e+00 -3.535353535354e-01
v 5.151515151515e-01 0.000000000000e+00 -3.737373737374e-01
v 5.353535353535e-01 0.000000000000e+00 -4.545454545455e-01
v 5.151515151515e-01 0.000000000000e+00 -4.545454545455e-01
v 5.555555555556e-01 0.000000000000e+00 -4.343434343434e-01
v 5.353535353535e-01 0.000000000000e+00 -3.939393939394e-01
v 5.555555555556e-01 0.000000000000e+00 -3.939393939394e-01
v 5.151515151515e-01 0.000000000000e+00 -4.141414141414e-01
v 5.151515151515e-01 0.000000000000e+00 -3.939393939394e-01
v 5.151515151515e-01 0.000000000000e+00 -4.747474747475e-01
v 5.353535353535e-01 0.000000000000e+00 -4.747474747475e-01
v 5.555555555556e-01 0.000000000000e+00 -4.747474747475e-01
v 5.353535353535e-01 0.000000000000e+00 -4.141414141414e-01
v 5.555555555556e-01 0.000000000000e+00 -4.545454545455e-01
v 5.555555555556e-01 0.000000000000e+00 -4.141414141414e-01
v 5.353535353535e-01 0.000000000000e+00 -4.343434343434e-01
v 5.151515151515e-01 0.000000000000e+00 -4.343434343434e-01
v 4.343434343434e-01 0.000000000000e+00 -4.343434343434e-01
v 4.545454545455e-01 0.000000000000e+00 -4.747474747475e-01
v 4.949494949495e-01 0.000000000000e+00 -4.545454545455e-01
v 4.747474747475e-01 0.000000000000e+00 -4.545454545455e-01
v 4.747474747475e-01 0.000000000000e+00 -4.141414141414e-01
v 4.545454545455e-01 0.000000000000e+00 -4.545454545455e-01
v 4.545454545455e-01 0.000000000000e+00 -4.141414141414e-01
v 4.949494949495e-01 0.000000000000e+00 -4.747474747475e-01
v 4.343434343434e-01 0.000000000000e+00 -4.747474747475e-01
v 4.747474747475e-01 0.000000000000e+00 -4.747474747475e-01
v 4.343434343434e-01 0.000000000000e+00 -4.545454545455e-01
v 4.949494949495e-01 0.000000000000e+00 -4.141414141414e-01
v 4.949494949495e-01 0.000000000000e+00 -4.343434343434e-01
v 4.545454545455e-01 0.000000000000e+00 -4.343434343434e-01
v 4.747474747475e-01 0.000000000000e+00 -4.343434343434e-01
v 3.939393939394e-01 0.000000000000e+00 -4.343434343434e-01
v 4.141414141414e-01 0.000000000000e+00 -4.343434343434e-01
v 4.141414141414e-01 0.000000000000e+00 -4.545454545455e-01
v 3.535353535354e-01 0.000000000000e+00 -4.747474747475e-01
v 3.535353535354e-01 0.000000000000e+00 -4.141414141414e-01
v 3.535353535354e-01 0.000000000000e+00 -4.545454545455e-01
v 3.737373737374e-01 0.000000000000e+00 -4.747474747475e-01
v 3.737373737374e-01 0.000000000000e+00 -4.141414141414e-01
v 3.737373737374e-01 0.000000000000e+00 -4.343434343434e-01
v 3.939393939394e-01 0.000000000000e+00 -4.545454545455e-01
v 3.535353535354e-01 0.000000000000e+00 -4.343434343434e-01
v 3.939393939394e-01 0.000000000000e+00 -4.747474747475e-01
v 3.939393939394e-01 0.000000000000e+00 -4.141414141414e-01
v 4.141414141414e-01 0.000000000000e+00 -4.747474747475e-01
v 3.737373737374e-01 0.000000000000e+00 -4.545454545455e-01
v 3.939393939394e-01 0.000000000000e+00 -3.535353535354e-01
v 3.535353535354e-01 0.000000000000e+00 -3.939393939394e-01
v 4.343434343434e-01 0.000000000000e+00 -4.141414141414e-01
v 3.737373737374e-01 0.000000000000e+00 -3.737373737374e-01
v 4.141414141414e-01 0.000000000000e+00 -3.535353535354e-01
v 4.343434343434e-01 0.000000000000e+00 -3.737373737374e-01
v 4.343434343434e-01 0.000000000000e+00 -3.535353535354e-01
v 4.141414141414e-01 0.000000000000e+00 -3.939393939394e-01
v 3.939393939394e-01 0.000000000000e+00 -3.939393939394e-01
v 3.737373737374e-01 0.000000000000e+00 -3.939393939394e-01
v 4.141414141414e-01 0.000000000000e+00 -4.141414141414e-01
v 4.141414141414e-01 0.000000000000e+00 -3.737373737374e-01
v 4.343434343434e-01 0.000000000000e+00 -3.939393939394e-01
v 3.939393939394e-01 0.000000000000e+00 -3.737373737374e-01
v 4.343434343434e-01 0.000000000000e+00 -2.929292929293e-01
v 4.545454545455e-01 0.000000000000e+00 -3.333333333333e-01
v 4.343434343434e-01 0.000000000000e+00 -2.525252525253e-01
v 4.545454545455e-01 0.000000000000e+00 -3.131313131313e-01
v 4.141414141414e-01 0.000000000000e+00 -2.727272727273e-01
v 4.141414141414e-01 0.000000000000e+00 -3.131313131313e-01
v 4.141414141414e-01 0.000000000000e+00 -3.333333333333e-01
v 4.343434343434e-01 0.000000000000e+00 -3.131313131313e-01
v 4.343434343434e-01 0.000000000000e+00 -2.727272727273e-01
v 4.545454545455e-01 0.000000000000e+00 -2.929292929293e-01
v 4.343434343434e-01 0.000000000000e+00 -3.333333333333e-01
v 4.545454545455e-01 0.000000000000e+00 -2.525252525253e-01
v 4.545454545455e-01 0.000000000000e+00 -2.727272727273e-01
v 4.141414141414e-01 0.000000000000e+00 -2.929292929293e-01
v 4.141414141414e-01 0.000000000000e+00 -2.525252525253e-01
v 3.333333333333e-01 0.000000000000e+00 -2.525252525253e-01
v 3.333333333333e-01 0.000000000000e+00 -3.131313131313e-01
v 3.939393939394e-01 0.000000000000e+00 -2.525252525253e-01
v 3.737373737374e-01 0.000000000000e+00 -2.525252525253e-01
v 3.939393939394e-01 0.000000000000e+00 -2.727272727273e-01
v 3.535353535354e-01 0.000000000000e+00 -2.727272727273e-01
v 3.535353535354e-01 0.000000000000e+00 -2.929292929293e-01
v 3.333333333333e-01 0.000000000000e+00 -2.929292929293e-01
v 3.737373737374e-01 0.000000000000e+00 -2.727272727273e-01
v 3.131313131313e-01 0.000000000000e+00 -3.131313131313e-01
v 3.131313131313e-01 0.000000000000e+00 -2.929292929293e-01
v 3.131313131313e-01 0.000000000000e+00 -2.727272727273e-01
v 3.535353535354e-01 0.000000000000e+00 -2.525252525253e-01
v 3.333333333333e-01 0.000000000000e+00 -2.727272727273e-01
v 3.131313131313e-01 0.000000000000e+00 -2.525252525253e-01
v 3.535353535354e-01 0.000000000000e+00 -3.737373737374e-01
v 3.737373737374e-01 0.000000000000e+00 -3.131313131313e-01
v 3.737373737374e-01 0.000000000000e+00 -2.929292929293e-01
v 3.939393939394e-01 0.000000000000e+00 -3.131313131313e-01
v 3.535353535354e-01 0.000000000000e+00 -3.131313131313e-01
v 3.333333333333e-01 0.000000000000e+00 -3.737373737374e-01
v 3.939393939394e-01 0.000000000000e+00 -2.929292929293e-01
v 3.333333333333e-01 0.000000000000e+00 -3.535353535354e-01
v 3.333333333333e-01 0.000000000000e+00 -3.333333333333e-01
v 3.737373737374e-01 0.000000000000e+00 -3.535353535354e-01
v 3.939393939394e-01 0.000000000000e+00 -3.333333333333e-01
v 3.737373737374e-01 0.000000000000e+00 -3.333333333333e-01
v 3.535353535354e-01 0.000000000000e+00 -3.333333333333e-01
v 3.535353535354e-01 0.000000000000e+00 -3.535353535354e-01
v 4.949494949495e-01 0.000000000000e+00 5.050505050505e-02
v 4.747474747475e-01 0.000000000000e+00 -1.010101010101e-02
v 4.949494949495e-01 0.000000000000e+00 -3.030303030303e-02
v 5.151515151515e-01 0.000000000000e+00 5.050505050505e-02
v 4.949494949495e-01 0.000000000000e+00 1.010101010101e-02
v 5.151515151515e-01 0.000000000000e+00 1.010101010101e-02
v 4.949494949495e-01 0.000000000000e+00 3.030303030303e-02
v 5.151515151515e-01 0.000000000000e+00 3.030303030303e-02
v 5.151515151515e-01 0.000000000000e+00 -1.010101010101e-02
v 4.747474747475e-01 0.000000000000e+00 5.050505050505e-02
v 5.151515151515e-01 0.000000000000e+00 -3.030303030303e-02
v 4.949494949495e-01 0.000000000000e+00 -1.010101010101e-02
v 4.747474747475e-01 0.000000000000e+00 3.030303030303e-02
v 4.747474747475e-01 0.000000000000e+00 1.010101010101e-02
v 5.151515151515e-01 0.000000000000e+00 -7.070707070707e-02
v 4.747474747475e-01 0.000000000000e+00 -5.050505050505e-02
v 4.747474747475e-01 0.000000000000e+00 -7.070707070707e-02
v 4.545454545455e-01 0.000000000000e+00 -7.070707070707e-02
v 4.545454545455e-01 0.000000000000e+00 -3.030303030303e-02
v 5.151515151515e-01 0.000000000000e+00 -9.090909090909e-02
v 5.151515151515e-01 0.000000000000e+00 -5.050505050505e-02
v 4.949494949495e-01 0.000000000000e+00 -5.050505050505e-02
v 4.747474747475e-01 0.000000000000e+00 -3.030303030303e-02
v 4.949494949495e-01 0.000000000000e+00 -7.070707070707e-02
v 4.949494949495e-01 0.000000000000e+00 -9.090909090909e-02
v 4.747474747475e-01 0.000000000000e+00 -9.090909090909e-02
v 4.545454545455e-01 0.000000000000e+00 -5.050505050505e-02
v 4.545454545455e-01 0.000000000000e+00 -9.090909090909e-02
v 4.545454545455e-01 0.000000000000e+00 1.010101010101e-02
v 4.141414141414e-01 0.000000000000e+00 3.030303030303e-02
v 4.141414141414e-01 0.000000000000e+00 1.010101010101e-02
v 4.343434343434e-01 0.000000000000e+00 3.030303030303e-02
v 4.545454545455e-01 0.000000000000e+00 3.030303030303e-02
v 3.939393939394e-01 0.000000000000e+00 5.050505050505e-02
v 3.939393939394e-01 0.000000000000e+00 1.010101010101e-02
v 4.343434343434e-01 0.000000000000e+00 1.010101010101e-02
v 4.141414141414e-01 0.000000000000e+00 -1.010101010101e-02
v 3.939393939394e-01 0.000000000000e+00 3.030303030303e-02
v 4.141414141414e-01 0.000000000000e+00 5.050505050505e-02
v 4.343434343434e-01 0.000000000000e+00 -1.010101010101e-02
v 4.545454545455e-01 0.000000000000e+00 -1.010101010101e-02
v 4.343434343434e-01 0.000000000000e+00 5.050505050505e-02
v 4.545454545455e-01 0.000000000000e+00 5.050505050505e-02
v 3.333333333333e-01 0.000000000000e+00 -3.030303030303e-02
v 3.131313131313e-01 0.000000000000e+00 -3.030303030303e-02
v 3.939393939394e-01 0.000000000000e+00 -1.010101010101e-02
v 3.131313131313e-01 0.000000000000e+00 -5.050505050505e-02
v 3.131313131313e-01 0.000000000000e+00 -7.070707070707e-02
v 3.737373737374e-01 0.000000000000e+00 -3.030303030303e-02
v 3.333333333333e-01 0.000000000000e+00 -5.050505050505e-02
v 3.737373737374e-01 0.000000000000e+00 -5.050505050505e-02
v 3.535353535354e-01 0.000000000000e+00 -5.050505050505e-02
v 3.535353535354e-01 0.000000000000e+00 -3.030303030303e-02
v 3.939393939394e-01 0.000000000000e+00 -3.030303030303e-02
v 3.737373737374e-01 0.000000000000e+00 -1.010101010101e-02
v 3.535353535354e-01 0.000000000000e+00 1.010101010101e-02
v 3.737373737374e-01 0.000000000000e+00 1.010101010101e-02
v 3.535353535354e-01 0.000000000000e+00 -1.010101010101e-02
v 3.333333333333e-01 0.000000000000e+00 -7.070707070707e-02
v 3.333333333333e-01 0.000000000000e+00 -9.090909090909e-02
v 3.939393939394e-01 0.000000000000e+00 -5.050505050505e-02
v 3.737373737374e-01 0.000000000000e+00 -9.090909090909e-02
v 4.343434343434e-01 0.000000000000e+00 -9.090909090909e-02
v 4.343434343434e-01 0.000000000000e+00 -5.050505050505e-02
v 4.343434343434e-01 0.000000000000e+00 -3.030303030303e-02
v 4.141414141414e-01 0.000000000000e+00 -5.050505050505e-02
v 4.141414141414e-01 0.000000000000e+00 -9.090909090909e-02
v 4.343434343434e-01 0.000000000000e+00 -7.070707070707e-02
v 4.141414141414e-01 0.000000000000e+00 -3.030303030303e-02
v 4.141414141414e-01 0.000000000000e+00 -7.070707070707e-02
v 3.939393939394e-01 0.000000000000e+00 -7.070707070707e-02
v 3.939393939394e-01 0.000000000000e+00 -9.090909090909e-02
v 3.535353535354e-01 0.000000000000e+00 -9.090909090909e-02
v 3.535353535354e-01 0.000000000000e+00 -7.070707070707e-02
v 3.737373737374e-01 0.000000000000e+00 -7.070707070707e-02
v 5.353535353535e-01 0.000000000000e+00 -1.515151515152e-01
v 4.747474747475e-01 0.000000000000e+00 -1.313131313131e-01
v 4.545454545455e-01 0.000000000000e+00 -1.111111111111e-01
v 5.151515151515e-01 0.000000000000e+00 -1.313131313131e-01
v 5.151515151515e-01 0.000000000000e+00 -1.111111111111e-01
v 4.949494949495e-01 0.000000000000e+00 -1.515151515152e-01
v 4.545454545455e-01 0.000000000000e+00 -1.515151515152e-01
v 5.353535353535e-01 0.000000000000e+00 -1.111111111111e-01
v 4.949494949495e-01 0.000000000000e+00 -1.313131313131e-01
v 4.949494949495e-01 0.000000000000e+00 -1.111111111111e-01
v 4.747474747475e-01 0.000000000000e+00 -1.515151515152e-01
v 5.151515151515e-01 0.000000000000e+00 -1.515151515152e-01
v 5.353535353535e-01 0.000000000000e+00 -1.313131313131e-01
v 4.747474747475e-01 0.000000000000e+00 -1.111111111111e-01
v 4.545454545455e-01 0.000000000000e+00 -1.313131313131e-01
v 4.747474747475e-01 0.000000000000e+00 -1.717171717172e-01
v 4.949494949495e-01 0.000000000000e+00 -1.717171717172e-01
v 4.747474747475e-01 0.000000000000e+00 -2.121212121212e-01
v 5.151515151515e-01 0.000000000000e+00 -1.919191919192e-01
v 4.545454545455e-01 0.000000000000e+00 -1.919191919192e-01
v 4.747474747475e-01 0.000000000000e+00 -1.919191919192e-01
v 4.949494949495e-01 0.000000000000e+00 -1.919191919192e-01
v 5.151515151515e-01 0.000000000000e+00 -1.717171717172e-01
v 4.545454545455e-01 0.000000000000e+00 -1.717171717172e-01
v 5.353535353535e-01 0.000000000000e+00 -1.919191919192e-01
v 5.353535353535e-01 0.000000000000e+00 -2.121212121212e-01
v 5.353535353535e-01 0.000000000000e+00 -1.717171717172e-01
v 4.545454545455e-01 0.000000000000e+00 -2.121212121212e-01
v 5.151515151515e-01 0.000000000000e+00 -2.121212121212e-01
v 4.949494949495e-01 0.000000000000e+00 -2.121212121212e-01
v 3.939393939394e-01 0.000000000000e+00 -1.111111111111e-01
v 3.737373737374e-01 0.000000000000e+00 -1.111111111111e-01
v 4.141414141414e-01 0.000000000000e+00 -1.313131313131e-01
v 3.939393939394e-01 0.000000000000e+00 -1.313131313131e-01
v 3.737373737374e-01 0.000000000000e+00 -1.313131313131e-01
v 3.535353535354e-01 0.000000000000e+00 -1.313131313131e-01
v 3.535353535354e-01 0.000000000000e+00 -1.111111111111e-01
v 4.343434343434e-01 0.000000000000e+00 -1.111111111111e-01
v 3.333333333333e-01 0.000000000000e+00 -1.111111111111e-01
v 3.333333333333e-01 0.000000000000e+00 -1.313131313131e-01
v 3.737373737374e-01 0.000000000000e+00 -1.515151515152e-01
v 3.939393939394e-01 0.000000000000e+00 -1.515151515152e-01
v 4.343434343434e-01 0.000000000000e+00 -1.515151515152e-01
v 4.141414141414e-01 0.000000000000e+00 -1.515151515152e-01
v 4.343434343434e-01 0.000000000000e+00 -1.313131313131e-01
v 4.141414141414e-01 0.000000000000e+00 -1.111111111111e-01
v 4.343434343434e-01 0.000000000000e+00 -1.919191919192e-01
v 4.343434343434e-01 0.000000000000e+00 -1.717171717172e-01
v 3.939393939394e-01 0.000000000000e+00 -1.717171717172e-01
v 3.939393939394e-01 0.000000000000e+00 -1.919191919192e-01
v 3.737373737374e-01 0.000000000000e+00 -2.323232323232e-01
v 3.939393939394e-01 0.000000000000e+00 -2.323232323232e-01
v 3.737373737374e-01 0.000000000000e+00 -1.717171717172e-01
v 3.737373737374e-01 0.000000000000e+00 -1.919191919192e-01
v 3.939393939394e-01 0.000000000000e+00 -2.121212121212e-01
v 3.737373737374e-01 0.000000000000e+00 -2.121212121212e-01
v 4.141414141414e-01 0.000000000000e+00 -1.717171717172e-01
v 4.141414141414e-01 0.000000000000e+00 -1.919191919192e-01
v 4.343434343434e-01 0.000000000000e+00 -2.323232323232e-01
v 4.141414141414e-01 0.000000000000e+00 -2.323232323232e-01
v 4.343434343434e-01 0.000000000000e+00 -2.121212121212e-01
v 4.141414141414e-01 0.000000000000e+00 -2.121212121212e-01
v 3.535353535354e-01 0.000000000000e+00 -1.717171717172e-01
v 3.535353535354e-01 0.000000000000e+00 -1.515151515152e-01
v 3.535353535354e-01 0.000000000000e+00 -1.919191919192e-01
v 3.535353535354e-01 0.000000000000e+00 -2.323232323232e-01
v 3.535353535354e-01 0.000000000000e+00 -2.121212121212e-01
v 3.131313131313e-01 0.000000000000e+00 -2.323232323232e-01
v 3.333333333333e-01 0.000000000000e+00 -2.323232323232e-01
v 3.131313131313e-01 0.000000000000e+00 -2.121212121212e-01
v 3.333333333333e-01 0.000000000000e+00 -2.121212121212e-01
v 3.333333333333e-01 0.000000000000e+00 -1.717171717172e-01
v 3.333333333333e-01 0.000000000000e+00 -1.919191919192e-01
v 3.131313131313e-01 0.000000000000e+00 -1.919191919192e-01
v 3.131313131313e-01 0.000000000000e+00 -1.717171717172e-01
v 3.131313131313e-01 0.000000000000e+00 -1.515151515152e-01
v 3.333333333333e-01 0.000000000000e+00 -1.515151515152e-01
v 1.111111111111e-01 0.000000000000e+00 -4.343434343434e-01
v 1.111111111111e-01 0.000000000000e+00 -4.747474747475e-01
v 1.111111111111e-01 0.000000000000e+00 -4.545454545455e-01
v 1.515151515152e-01 0.000000000000e+00 -4.747474747475e-01
v 1.515151515152e-01 0.000000000000e+00 -4.545454545455e-01
v 1.111111111111e-01 0.000000000000e+00 -4.141414141414e-01
v 1.515151515152e-01 0.000000000000e+00 -4.343434343434e-01
v 1.111111111111e-01 0.000000000000e+00 -3.939393939394e-01
v 1.515151515152e-01 0.000000000000e+00 -4.141414141414e-01
v 1.313131313131e-01 0.000000000000e+00 -3.939393939394e-01
v 1.313131313131e-01 0.000000000000e+00 -4.747474747475e-01
v 1.313131313131e-01 0.000000000000e+00 -4.545454545455e-01
v 1.313131313131e-01 0.000000000000e+00 -4.343434343434e-01
v 1.515151515152e-01 0.000000000000e+00 -3.939393939394e-01
v 1.313131313131e-01 0.000000000000e+00 -4.141414141414e-01
v 5.050505050505e-02 0.000000000000e+00 -3.939393939394e-01
v 9.090909090909e-02 0.000000000000e+00 -4.545454545455e-01
v 7.070707070707e-02 0.000000000000e+00 -4.141414141414e-01
v 9.090909090909e-02 0.000000000000e+00 -4.141414141414e-01
v 7.070707070707e-02 0.000000000000e+00 -4.545454545455e-01
v 5.050505050505e-02 0.000000000000e+00 -4.545454545455e-01
v 9.090909090909e-02 0.000000000000e+00 -3.939393939394e-01
v 5.050505050505e-02 0.000000000000e+00 -4.747474747475e-01
v 5.050505050505e-02 0.000000000000e+00 -4.343434343434e-01
v 7.070707070707e-02 0.000000000000e+00 -3.939393939394e-01
v 7.070707070707e-02 0.000000000000e+00 -4.343434343434e-01
v 5.050505050505e-02 0.000000000000e+00 -4.141414141414e-01
v 9.090909090909e-02 0.000000000000e+00 -4.747474747475e-01
v 7.070707070707e-02 0.000000000000e+00 -4.747474747475e-01
v 9.090909090909e-02 0.000000000000e+00 -4.343434343434e-01
v 5.050505050505e-02 0.000000000000e+00 -3.131313131313e-01
v 9.090909090909e-02 0.000000000000e+00 -2.727272727273e-01
v 5.050505050505e-02 0.000000000000e+00 -3.535353535354e-01
v 7.070707070707e-02 0.000000000000e+00 -3.535353535354e-01
v 5.050505050505e-02 0.000000000000e+00 -3.737373737374e-01
v 5.050505050505e-02 0.000000000000e+00 -3.333333333333e-01
v 7.070707070707e-02 0.000000000000e+00 -3.333333333333e-01
v 7.070707070707e-02 0.000000000000e+00 -2.727272727273e-01
v 9.090909090909e-02 0.000000000000e+00 -2.929292929293e-01
v 7.070707070707e-02 0.000000000000e+00 -2.929292929293e-01
v 5.050505050505e-02 0.000000000000e+00 -2.929292929293e-01
v 9.090909090909e-02 0.000000000000e+00 -3.131313131313e-01
v 7.070707070707e-02 0.000000000000e+00 -3.131313131313e-01
v 5.050505050505e-02 0.000000000000e+00 -2.727272727273e-01
v 7.070707070707e-02 0.000000000000e+00 -3.737373737374e-01
v 1.111111111111e-01 0.000000000000e+00 -3.131313131313e-01
v 1.313131313131e-01 0.000000000000e+00 -2.727272727273e-01
v 1.313131313131e-01 0.000000000000e+00 -3.131313131313e-01
v 1.515151515152e-01 0.000000000000e+00 -2.727272727273e-01
v 1.313131313131e-01 0.000000000000e+00 -2.929292929293e-01
v 1.717171717172e-01 0.000000000000e+00 -2.929292929293e-01
v 1.515151515152e-01 0.000000000000e+00 -2.929292929293e-01
v 1.111111111111e-01 0.000000000000e+00 -2.929292929293e-01
v 1.111111111111e-01 0.000000000000e+00 -2.727272727273e-01
v 1.717171717172e-01 0.000000000000e+00 -2.727272727273e-01
v 1.919191919192e-01 0.000000000000e+00 -2.929292929293e-01
v 1.919191919192e-01 0.000000000000e+00 -2.727272727273e-01
v 1.919191919192e-01 0.000000000000e+00 -3.131313131313e-01
v 1.717171717172e-01 0.000000000000e+00 -3.131313131313e-01
v 1.515151515152e-01 0.000000000000e+00 -3.131313131313e-01
v 1.111111111111e-01 0.000000000000e+00 -3.535353535354e-01
v 9.090909090909e-02 0.000000000000e+00 -3.535353535354e-01
v 1.515151515152e-01 0.000000000000e+00 -3.333333333333e-01
v 1.515151515152e-01 0.000000000000e+00 -3.737373737374e-01
v 1.313131313131e-01 0.000000000000e+00 -3.333333333333e-01
v 9.090909090909e-02 0.000000000000e+00 -3.333333333333e-01
v 9.090909090909e-02 0.000000000000e+00 -3.737373737374e-01
v 1.313131313131e-01 0.000000000000e+00 -3.535353535354e-01
v 1.515151515152e-01 0.000000000000e+00 -3.535353535354e-01
v 1.111111111111e-01 0.000000000000e+00 -3.737373737374e-01
v 1.717171717172e-01 0.000000000000e+00 -3.333333333333e-01
v 1.717171717172e-01 0.000000000000e+00 -3.737373737374e-01
v 1.717171717172e-01 0.000000000000e+00 -3.535353535354e-01
v 1.111111111111e-01 0.000000000000e+00 -3.333333333333e-01
v 1.313131313131e-01 0.000000000000e+00 -3.737373737374e-01
v 2.727272727273e-01 0.000000000000e+00 -2.929292929293e-01
v 2.525252525253e-01 0.000000000000e+00 -3.535353535354e-01
v 2.929292929293e-01 0.000000000000e+00 -3.737373737374e-01
v 2.727272727273e-01 0.000000000000e+00 -3.737373737374e-01
v 2.727272727273e-01 0.000000000000e+00 -3.131313131313e-01
v 3.131313131313e-01 0.000000000000e+00 -3.535353535354e-01
v 2.727272727273e-01 0.000000000000e+00 -3.535353535354e-01
v 2.929292929293e-01 0.000000000000e+00 -3.131313131313e-01
v 2.525252525253e-01 0.000000000000e+00 -3.333333333333e-01
v 2.727272727273e-01 0.000000000000e+00 -3.333333333333e-01
v 2.929292929293e-01 0.000000000000e+00 -3.333333333333e-01
v 2.929292929293e-01 0.000000000000e+00 -2.929292929293e-01
v 3.131313131313e-01 0.000000000000e+00 -3.333333333333e-01
v 2.929292929293e-01 0.000000000000e+00 -3.535353535354e-01
v 2.525252525253e-01 0.000000000000e+00 -3.737373737374e-01
v 2.121212121212e-01 0.000000000000e+00 -3.131313131313e-01
v 2.121212121212e-01 0.000000000000e+00 -2.929292929293e-01
v 2.121212121212e-01 0.000000000000e+00 -3.737373737374e-01
v 2.323232323232e-01 0.000000000000e+00 -3.737373737374e-01
v 2.525252525253e-01 0.000000000000e+00 -3.131313131313e-01
v 2.121212121212e-01 0.000000000000e+00 -3.535353535354e-01
v 2.525252525253e-01 0.000000000000e+00 -2.929292929293e-01
v 1.919191919192e-01 0.000000000000e+00 -3.333333333333e-01
v 1.919191919192e-01 0.000000000000e+00 -3.737373737374e-01
v 1.919191919192e-01 0.000000000000e+00 -3.535353535354e-01
v 2.323232323232e-01 0.000000000000e+00 -3.333333333333e-01
v 2.323232323232e-01 0.000000000000e+00 -2.929292929293e-01
v 2.323232323232e-01 0.000000000000e+00 -3.535353535354e-01
v 2.323232323232e-01 0.000000000000e+00 -3.131313131313e-01
v 2.121212121212e-01 0.000000000000e+00 -3.333333333333e-01
v 2.121212121212e-01 0.000000000000e+00 -4.747474747475e-01
v 1.919191919192e-01 0.000000000000e+00 -4.343434343434e-01
v 1.717171717172e-01 0.000000000000e+00 -4.545454545455e-01
v 1.717171717172e-01 0.000000000000e+00 -4.343434343434e-01
v 1.717171717172e-01 0.000000000000e+00 -4.141414141414e-01
v 1.919191919192e-01 0.000000000000e+00 -4.747474747475e-01
v 2.121212121212e-01 0.000000000000e+00 -4.343434343434e-01
v 1.919191919192e-01 0.000000000000e+00 -4.141414141414e-01
v 1.717171717172e-01 0.000000000000e+00 -4.747474747475e-01
v 2.121212121212e-01 0.000000000000e+00 -4.141414141414e-01
v 2.121212121212e-01 0.000000000000e+00 -4.545454545455e-01
v 1.919191919192e-01 0.000000000000e+00 -4.545454545455e-01
v 1.919191919192e-01 0.000000000000e+00 -3.939393939394e-01
v 2.121212121212e-01 0.000000000000e+00 -3.939393939394e-01
v 1.717171717172e-01 0.000000000000e+00 -3.939393939394e-01
v 2.525252525253e-01 0.000000000000e+00 -4.141414141414e-01
v 2.727272727273e-01 0.000000000000e+00 -3.939393939394e-01
v 2.323232323232e-01 0.000000000000e+00 -4.141414141414e-01
v 2.727272727273e-01 0.000000000000e+00 -4.747474747475e-01
v 2.323232323232e-01 0.000000000000e+00 -4.747474747475e-01
v 2.525252525253e-01 0.000000000000e+00 -3.939393939394e-01
v 2.727272727273e-01 0.000000000000e+00 -4.141414141414e-01
v 2.323232323232e-01 0.000000000000e+00 -3.939393939394e-01
v 2.525252525253e-01 0.000000000000e+00 -4.747474747475e-01
v 2.323232323232e-01 0.000000000000e+00 -4.545454545455e-01
v 2.323232323232e-01 0.000000000000e+00 -4.343434343434e-01
v 2.525252525253e-01 0.000000000000e+00 -4.343434343434e-01
v 2.525252525253e-01 0.000000000000e+00 -4.545454545455e-01
v 2.727272727273e-01 0.000000000000e+00 -4.545454545455e-01
v 2.727272727273e-01 0.000000000000e+00 -4.343434343434e-01
v 2.929292929293e-01 0.000000000000e+00 -4.545454545455e-01
v 3.131313131313e-01 0.000000000000e+00 -4.343434343434e-01
v 3.131313131313e-01 0.000000000000e+00 -3.737373737374e-01
v 2.929292929293e-01 0.000000000000e+00 -4.343434343434e-01
v 3.333333333333e-01 0.000000000000e+00 -4.141414141414e-01
v 3.131313131313e-01 0.000000000000e+00 -4.747474747475e-01
v 2.929292929293e-01 0.000000000000e+00 -3.939393939394e-01
v 3.333333333333e-01 0.000000000000e+00 -4.545454545455e-01
v 2.929292929293e-01 0.000000000000e+00 -4.747474747475e-01
v 3.131313131313e-01 0.000000000000e+00 -4.141414141414e-01
v 2.929292929293e-01 0.000000000000e+00 -4.141414141414e-01
v 3.131313131313e-01 0.000000000000e+00 -3.939393939394e-01
v 3.333333333333e-01 0.000000000000e+00 -4.343434343434e-01
v 3.333333333333e-01 0.000000000000e+00 -3.939393939394e-01
v 3.131313131313e-01 0.000000000000e+00 -4.545454545455e-01
v 2.323232323232e-01 0.000000000000e+00 -9.090909090909e-02
v 2.727272727273e-01 0.000000000000e+00 -3.030303030303e-02
v 2.323232323232e-01 0.000000000000e+00 -5.050505050505e-02
v 2.525252525253e-01 0.000000000000e+00 -5.050505050505e-02
v 2.727272727273e-01 0.000000000000e+00 -5.050505050505e-02
v 2.323232323232e-01 0.000000000000e+00 -7.070707070707e-02
v 2.525252525253e-01 0.000000000000e+00 -7.070707070707e-02
v 2.525252525253e-01 0.000000000000e+00 -3.030303030303e-02
v 2.121212121212e-01 0.000000000000e+00 -5.050505050505e-02
v 2.121212121212e-01 0.000000000000e+00 -7.070707070707e-02
v 2.121212121212e-01 0.000000000000e+00 -3.030303030303e-02
v 2.323232323232e-01 0.000000000000e+00 -3.030303030303e-02
v 2.929292929293e-01 0.000000000000e+00 -5.050505050505e-02
v 2.121212121212e-01 0.000000000000e+00 -9.090909090909e-02
v 2.929292929293e-01 0.000000000000e+00 -3.030303030303e-02
v 2.727272727273e-01 0.000000000000e+00 -1.515151515152e-01
v 2.929292929293e-01 0.000000000000e+00 -1.515151515152e-01
v 2.727272727273e-01 0.000000000000e+00 -1.313131313131e-01
v 3.131313131313e-01 0.000000000000e+00 -1.313131313131e-01
v 2.727272727273e-01 0.000000000000e+00 -1.111111111111e-01
v 2.525252525253e-01 0.000000000000e+00 -9.090909090909e-02
v 2.727272727273e-01 0.000000000000e+00 -9.090909090909e-02
v 2.727272727273e-01 0.000000000000e+00 -7.070707070707e-02
v 2.525252525253e-01 0.000000000000e+00 -1.111111111111e-01
v 2.929292929293e-01 0.000000000000e+00 -1.111111111111e-01
v 2.929292929293e-01 0.000000000000e+00 -7.070707070707e-02
v 2.929292929293e-01 0.000000000000e+00 -9.090909090909e-02
v 3.131313131313e-01 0.000000000000e+00 -1.111111111111e-01
v 3.131313131313e-01 0.000000000000e+00 -9.090909090909e-02
v 2.929292929293e-01 0.000000000000e+00 -1.313131313131e-01
v 2.323232323232e-01 0.000000000000e+00 -1.717171717172e-01
v 2.525252525253e-01 0.000000000000e+00 -1.515151515152e-01
v 2.323232323232e-01 0.000000000000e+00 -1.515151515152e-01
v 2.525252525253e-01 0.000000000000e+00 -1.313131313131e-01
v 2.323232323232e-01 0.000000000000e+00 -1.313131313131e-01
v 2.323232323232e-01 0.000000000000e+00 -1.111111111111e-01
v 2.121212121212e-01 0.000000000000e+00 -1.515151515152e-01
v 2.121212121212e-01 0.000000000000e+00 -1.111111111111e-01
v 1.919191919192e-01 0.000000000000e+00 -1.515151515152e-01
v 2.121212121212e-01 0.000000000000e+00 -1.313131313131e-01
v 2.121212121212e-01 0.000000000000e+00 -1.717171717172e-01
v 2.323232323232e-01 0.000000000000e+00 -1.919191919192e-01
v 1.919191919192e-01 0.000000000000e+00 -1.919191919192e-01
v 1.919191919192e-01 0.000000000000e+00 -1.717171717172e-01
v 2.121212121212e-01 0.000000000000e+00 -1.919191919192e-01
v 2.929292929293e-01 0.000000000000e+00 -2.323232323232e-01
v 2.727272727273e-01 0.000000000000e+00 -1.717171717172e-01
v 2.525252525253e-01 0.000000000000e+00 -1.717171717172e-01
v 2.727272727273e-01 0.000000000000e+00 -2.727272727273e-01
v 2.929292929293e-01 0.000000000000e+00 -2.525252525253e-01
v 2.727272727273e-01 0.000000000000e+00 -2.323232323232e-01
v 2.929292929293e-01 0.000000000000e+00 -1.717171717172e-01
v 2.929292929293e-01 0.000000000000e+00 -2.121212121212e-01
v 2.929292929293e-01 0.000000000000e+00 -1.919191919192e-01
v 2.727272727273e-01 0.000000000000e+00 -1.919191919192e-01
v 2.929292929293e-01 0.000000000000e+00 -2.727272727273e-01
v 2.525252525253e-01 0.000000000000e+00 -1.919191919192e-01
v 2.727272727273e-01 0.000000000000e+00 -2.121212121212e-01
v 2.727272727273e-01 0.000000000000e+00 -2.525252525253e-01
v 2.323232323232e-01 0.000000000000e+00 -2.727272727273e-01
v 1.919191919192e-01 0.000000000000e+00 -2.121212121212e-01
v 2.121212121212e-01 0.000000000000e+00 -2.525252525253e-01
v 1.919191919192e-01 0.000000000000e+00 -2.323232323232e-01
v 2.121212121212e-01 0.000000000000e+00 -2.323232323232e-01
v 2.121212121212e-01 0.000000000000e+00 -2.727272727273e-01
v 2.525252525253e-01 0.000000000000e+00 -2.323232323232e-01
v 2.323232323232e-01 0.000000000000e+00 -2.525252525253e-01
v 2.525252525253e-01 0.000000000000e+00 -2.121212121212e-01
v 2.525252525253e-01 0.000000000000e+00 -2.525252525253e-01
v 1.919191919192e-01 0.000000000000e+00 -2.525252525253e-01
v 2.323232323232e-01 0.000000000000e+00 -2.323232323232e-01
v 2.323232323232e-01 0.000000000000e+00 -2.121212121212e-01
v 2.525252525253e-01 0.000000000000e+00 -2.727272727273e-01
v 2.121212121212e-01 0.000000000000e+00 -2.121212121212e-01
v 5.050505050505e-02 0.000000000000e+00 -1.313131313131e-01
v 7.070707070707e-02 0.000000000000e+00 -1.717171717172e-01
v 5.050505050505e-02 0.000000000000e+00 -1.717171717172e-01
v 9.090909090909e-02 0.000000000000e+00 -1.515151515152e-01
v 7.070707070707e-02 0.000000000000e+00 -1.313131313131e-01
v 7.070707070707e-02 0.000000000000e+00 -1.515151515152e-01
v 5.050505050505e-02 0.000000000000e+00 -1.515151515152e-01
v 9.090909090909e-02 0.000000000000e+00 -1.717171717172e-01
v 1.111111111111e-01 0.000000000000e+00 -1.515151515152e-01
v 1.313131313131e-01 0.000000000000e+00 -1.313131313131e-01
v 1.111111111111e-01 0.000000000000e+00 -1.313131313131e-01
v 9.090909090909e-02 0.000000000000e+00 -1.313131313131e-01
v 1.313131313131e-01 0.000000000000e+00 -1.515151515152e-01
v 1.313131313131e-01 0.000000000000e+00 -1.717171717172e-01
v 1.111111111111e-01 0.000000000000e+00 -1.717171717172e-01
v 1.111111111111e-01 0.000000000000e+00 -2.525252525253e-01
v 9.090909090909e-02 0.000000000000e+00 -2.525252525253e-01
v 7.070707070707e-02 0.000000000000e+00 -2.525252525253e-01
v 5.050505050505e-02 0.000000000000e+00 -2.525252525253e-01
v 1.111111111111e-01 0.000000000000e+00 -1.919191919192e-01
v 1.111111111111e-01 0.000000000000e+00 -2.323232323232e-01
v 9.090909090909e-02 0.000000000000e+00 -2.323232323232e-01
v 7.070707070707e-02 0.000000000000e+00 -2.323232323232e-01
v 5.050505050505e-02 0.000000000000e+00 -2.121212121212e-01
v 5.050505050505e-02 0.000000000000e+00 -2.323232323232e-01
v 7.070707070707e-02 0.000000000000e+00 -2.121212121212e-01
v 9.090909090909e-02 0.000000000000e+00 -2.121212121212e-01
v 9.090909090909e-02 0.000000000000e+00 -1.919191919192e-01
v 1.111111111111e-01 0.000000000000e+00 -2.121212121212e-01
v 7.070707070707e-02 0.000000000000e+00 -1.919191919192e-01
v 1.717171717172e-01 0.000000000000e+00 -1.919191919192e-01
v 1.515151515152e-01 0.000000000000e+00 -2.323232323232e-01
v 1.717171717172e-01 0.000000000000e+00 -2.323232323232e-01
v 1.313131313131e-01 0.000000000000e+00 -2.323232323232e-01
v 1.313131313131e-01 0.000000000000e+00 -1.919191919192e-01
v 1.515151515152e-01 0.000000000000e+00 -2.525252525253e-01
v 1.313131313131e-01 0.000000000000e+00 -2.525252525253e-01
v 1.515151515152e-01 0.000000000000e+00 -1.717171717172e-01
v 1.717171717172e-01 0.000000000000e+00 -1.717171717172e-01
v 1.313131313131e-01 0.000000000000e+00 -2.121212121212e-01
v 1.515151515152e-01 0.000000000000e+00 -1.919191919192e-01
v 1.717171717172e-01 0.000000000000e+00 -2.121212121212e-01
v 1.515151515152e-01 0.000000000000e+00 -2.121212121212e-01
v 1.717171717172e-01 0.000000000000e+00 -2.525252525253e-01
v 9.090909090909e-02 0.000000000000e+00 -1.111111111111e-01
v 9.090909090909e-02 0.000000000000e+00 -7.070707070707e-02
v 7.070707070707e-02 0.000000000000e+00 -3.030303030303e-02
v 9.090909090909e-02 0.000000000000e+00 -3.030303030303e-02
v 5.050505050505e-02 0.000000000000e+00 -3.030303030303e-02
v 5.050505050505e-02 0.000000000000e+00 -5.050505050505e-02
v 7.070707070707e-02 0.000000000000e+00 -5.050505050505e-02
v 9.090909090909e-02 0.000000000000e+00 -5.050505050505e-02
v 9.090909090909e-02 0.000000000000e+00 -9.090909090909e-02
v 7.070707070707e-02 0.000000000000e+00 -7.070707070707e-02
v 7.070707070707e-02 0.000000000000e+00 -1.111111111111e-01
v 5.050505050505e-02 0.000000000000e+00 -1.111111111111e-01
v 5.050505050505e-02 0.000000000000e+00 -7.070707070707e-02
v 5.050505050505e-02 0.000000000000e+00 -9.090909090909e-02
v 7.070707070707e-02 0.000000000000e+00 -9.090909090909e-02
v 1.717171717172e-01 0.000000000000e+00 -1.313131313131e-01
v 1.717171717172e-01 0.000000000000e+00 -1.111111111111e-01
v 1.515151515152e-01 0.000000000000e+00 -1.515151515152e-01
v 1.717171717172e-01 0.000000000000e+00 -1.515151515152e-01
v 1.919191919192e-01 0.000000000000e+00 -1.111111111111e-01
v 1.919191919192e-01 0.000000000000e+00 -1.313131313131e-01
v 1.717171717172e-01 0.000000000000e+00 -9.090909090909e-02
v 1.515151515152e-01 0.000000000000e+00 -1.313131313131e-01
v 1.313131313131e-01 0.000000000000e+00 -1.111111111111e-01
v 1.515151515152e-01 0.000000000000e+00 -9.090909090909e-02
v 1.313131313131e-01 0.000000000000e+00 -9.090909090909e-02
v 1.111111111111e-01 0.000000000000e+00 -9.090909090909e-02
v 1.111111111111e-01 0.000000000000e+00 -1.111111111111e-01
v 1.515151515152e-01 0.000000000000e+00 -1.111111111111e-01
v 1.919191919192e-01 0.000000000000e+00 -9.090909090909e-02
v 1.111111111111e-01 0.000000000000e+00 -3.030303030303e-02
v 1.919191919192e-01 0.000000000000e+00 -3.030303030303e-02
v 1.717171717172e-01 0.000000000000e+00 -7.070707070707e-02
v 1.111111111111e-01 0.000000000000e+00 -5.050505050505e-02
v 1.919191919192e-01 0.000000000000e+00 -7.070707070707e-02
v 1.515151515152e-01 0.000000000000e+00 -3.030303030303e-02
v 1.919191919192e-01 0.000000000000e+00 -5.050505050505e-02
v 1.313131313131e-01 0.000000000000e+00 -3.030303030303e-02
v 1.717171717172e-01 0.000000000000e+00 -3.030303030303e-02
v 1.313131313131e-01 0.000000000000e+00 -7.070707070707e-02
v 1.111111111111e-01 0.000000000000e+00 -7.070707070707e-02
v 1.515151515152e-01 0.000000000000e+00 -7.070707070707e-02
v 1.313131313131e-01 0.000000000000e+00 -5.050505050505e-02
v 1.515151515152e-01 0.000000000000e+00 -5.050505050505e-02
v 1.717171717172e-01 0.000000000000e+00 -5.050505050505e-02
v 1.000000000000e+00 0.000000000000e+00 -3.939393939394e-01
v 9.797979797980e-01 0.000000000000e+00 -3.939393939394e-01
v 9.595959595960e-01 0.000000000000e+00 -3.939393939394e-01
v 9.595959595960e-01 0.000000000000e+00 -4.141414141414e-01
v 9.595959595960e-01 0.000000000000e+00 -3.737373737374e-01
v 9.797979797980e-01 0.000000000000e+00 -3.737373737374e-01
v 1.000000000000e+00 0.000000000000e+00 -4.141414141414e-01
v 1.000000000000e+00 0.000000000000e+00 -3.737373737374e-01
v 9.797979797980e-01 0.000000000000e+00 -4.141414141414e-01
v 9.393939393939e-01 0.000000000000e+00 -4.141414141414e-01
v 9.393939393939e-01 0.000000000000e+00 -4.343434343434e-01
v 9.393939393939e-01 0.000000000000e+00 -3.939393939394e-01
v 1.000000000000e+00 0.000000000000e+00 -4.343434343434e-01
v 9.797979797980e-01 0.000000000000e+00 -4.343434343434e-01
v 9.595959595960e-01 0.000000000000e+00 -4.343434343434e-01
v 1.000000000000e+00 0.000000000000e+00 -3.535353535354e-01
v 9.191919191919e-01 0.000000000000e+00 -3.535353535354e-01
v 8.989898989899e-01 0.000000000000e+00 -3.737373737374e-01
v 9.191919191919e-01 0.000000000000e+00 -3.737373737374e-01
v 9.393939393939e-01 0.000000000000e+00 -3.333333333333e-01
v 9.191919191919e-01 0.000000000000e+00 -3.333333333333e-01
v 9.393939393939e-01 0.000000000000e+00 -3.737373737374e-01
v 8.989898989899e-01 0.000000000000e+00 -3.535353535354e-01
v 9.797979797980e-01 0.000000000000e+00 -3.535353535354e-01
v 9.595959595960e-01 0.000000000000e+00 -3.535353535354e-01
v 9.393939393939e-01 0.000000000000e+00 -3.535353535354e-01
v 8.989898989899e-01 0.000000000000e+00 -3.333333333333e-01
v 1.000000000000e+00 0.000000000000e+00 -3.333333333333e-01
v 9.595959595960e-01 0.000000000000e+00 -3.333333333333e-01
v 9.797979797980e-01 0.000000000000e+00 -3.333333333333e-01
v 9.393939393939e-01 0.000000000000e+00 -4.949494949495e-01
v 1.000000000000e+00 0.000000000000e+00 -4.949494949495e-01
v 9.595959595960e-01 0.000000000000e+00 -4.545454545455e-01
v 9.797979797980e-01 0.000000000000e+00 -4.545454545455e-01
v 1.000000000000e+00 0.000000000000e+00 -4.545454545455e-01
v 9.191919191919e-01 0.000000000000e+00 -4.545454545455e-01
v 9.393939393939e-01 0.000000000000e+00 -4.545454545455e-01
v 9.191919191919e-01 0.000000000000e+00 -4.949494949495e-01
v 9.797979797980e-01 0.000000000000e+00 -4.949494949495e-01
v 9.595959595960e-01 0.000000000000e+00 -4.949494949495e-01
v 1.000000000000e+00 0.000000000000e+00 -4.747474747475e-01
v 9.595959595960e-01 0.000000000000e+00 -4.747474747475e-01
v 9.797979797980e-01 0.000000000000e+00 -4.747474747475e-01
v 9.191919191919e-01 0.000000000000e+00 -4.747474747475e-01
v 9.393939393939e-01 0.000000000000e+00 -4.747474747475e-01
v 8.585858585859e-01 0.000000000000e+00 -4.141414141414e-01
v 8.989898989899e-01 0.000000000000e+00 -3.939393939394e-01
v 9.191919191919e-01 0.000000000000e+00 -3.939393939394e-01
v 8.787878787879e-01 0.000000000000e+00 -4.141414141414e-01
v 8.585858585859e-01 0.000000000000e+00 -3.939393939394e-01
v 8.383838383838e-01 0.000000000000e+00 -3.939393939394e-01
v 8.787878787879e-01 0.000000000000e+00 -3.939393939394e-01
v 8.383838383838e-01 0.000000000000e+00 -4.141414141414e-01
v 8.989898989899e-01 0.000000000000e+00 -4.141414141414e-01
v 8.989898989899e-01 0.000000000000e+00 -4.343434343434e-01
v 9.191919191919e-01 0.000000000000e+00 -4.343434343434e-01
v 9.191919191919e-01 0.000000000000e+00 -4.141414141414e-01
v 8.585858585859e-01 0.000000000000e+00 -3.737373737374e-01
v 8.787878787879e-01 0.000000000000e+00 -3.737373737374e-01
v 8.383838383838e-01 0.000000000000e+00 -4.343434343434e-01
v 8.787878787879e-01 0.000000000000e+00 -4.343434343434e-01
v 8.989898989899e-01 0.000000000000e+00 -4.747474747475e-01
v 8.989898989899e-01 0.000000000000e+00 -4.545454545455e-01
v 8.787878787879e-01 0.000000000000e+00 -4.545454545455e-01
v 8.585858585859e-01 0.000000000000e+00 -4.545454545455e-01
v 8.585858585859e-01 0.000000000000e+00 -4.343434343434e-01
v 8.383838383838e-01 0.000000000000e+00 -4.747474747475e-01
v 8.585858585859e-01 0.000000000000e+00 -4.747474747475e-01
v 8.585858585859e-01 0.000000000000e+00 -4.949494949495e-01
v 8.383838383838e-01 0.000000000000e+00 -4.949494949495e-01
v 8.383838383838e-01 0.000000000000e+00 -4.545454545455e-01
v 8.787878787879e-01 0.000000000000e+00 -4.949494949495e-01
v 8.989898989899e-01 0.000000000000e+00 -4.949494949495e-01
v 8.787878787879e-01 0.000000000000e+00 -4.747474747475e-01
v 9.191919191919e-01 0.000000000000e+00 -2.121212121212e-01
v 9.191919191919e-01 0.000000000000e+00 -2.323232323232e-01
v 9.393939393939e-01 0.000000000000e+00 -2.121212121212e-01
v 9.595959595960e-01 0.000000000000e+00 -1.919191919192e-01
v 9.393939393939e-01 0.000000000000e+00 -1.919191919192e-01
v 9.797979797980e-01 0.000000000000e+00 -2.121212121212e-01
v 1.000000000000e+00 0.000000000000e+00 -2.323232323232e-01
v 9.797979797980e-01 0.000000000000e+00 -2.323232323232e-01
v 9.595959595960e-01 0.000000000000e+00 -2.323232323232e-01
v 9.393939393939e-01 0.000000000000e+00 -2.323232323232e-01
v 1.000000000000e+00 0.000000000000e+00 -1.919191919192e-01
v 9.595959595960e-01 0.000000000000e+00 -2.121212121212e-01
v 1.000000000000e+00 0.000000000000e+00 -2.121212121212e-01
v 9.191919191919e-01 0.000000000000e+00 -1.919191919192e-01
v 9.797979797980e-01 0.000000000000e+00 -1.919191919192e-01
v 9.393939393939e-01 0.000000000000e+00 -3.131313131313e-01
v 1.000000000000e+00 0.000000000000e+00 -3.131313131313e-01
v 9.393939393939e-01 0.000000000000e+00 -2.525252525253e-01
v 9.797979797980e-01 0.000000000000e+00 -3.131313131313e-01
v 9.797979797980e-01 0.000000000000e+00 -2.525252525253e-01
v 9.393939393939e-01 0.000000000000e+00 -2.929292929293e-01
v 9.595959595960e-01 0.000000000000e+00 -2.727272727273e-01
v 9.393939393939e-01 0.000000000000e+00 -2.727272727273e-01
v 9.595959595960e-01 0.000000000000e+00 -2.525252525253e-01
v 9.797979797980e-01 0.000000000000e+00 -2.727272727273e-01
v 9.595959595960e-01 0.000000000000e+00 -2.929292929293e-01
v 9.595959595960e-01 0.000000000000e+00 -3.131313131313e-01
v 1.000000000000e+00 0.000000000000e+00 -2.727272727273e-01
v 1.000000000000e+00 0.000000000000e+00 -2.929292929293e-01
v 9.797979797980e-01 0.000000000000e+00 -2.929292929293e-01
v 1.000000000000e+00 0.000000000000e+00 -2.525252525253e-01
v 8.383838383838e-01 0.000000000000e+00 -3.737373737374e-01
v 8.585858585859e-01 0.000000000000e+00 -3.535353535354e-01
v 8.585858585859e-01 0.000000000000e+00 -2.929292929293e-01
v 8.787878787879e-01 0.000000000000e+00 -3.333333333333e-01
v 8.181818181818e-01 0.000000000000e+00 -2.929292929293e-01
v 8.383838383838e-01 0.000000000000e+00 -3.333333333333e-01
v 8.181818181818e-01 0.000000000000e+00 -3.333333333333e-01
v 8.181818181818e-01 0.000000000000e+00 -3.535353535354e-01
v 8.181818181818e-01 0.000000000000e+00 -3.131313131313e-01
v 8.383838383838e-01 0.000000000000e+00 -3.131313131313e-01
v 8.787878787879e-01 0.000000000000e+00 -3.535353535354e-01
v 8.383838383838e-01 0.000000000000e+00 -3.535353535354e-01
v 8.585858585859e-01 0.000000000000e+00 -3.131313131313e-01
v 8.585858585859e-01 0.000000000000e+00 -3.333333333333e-01
v 8.383838383838e-01 0.000000000000e+00 -2.929292929293e-01
v 8.989898989899e-01 0.000000000000e+00 -2.323232323232e-01
v 8.989898989899e-01 0.000000000000e+00 -2.525252525253e-01
v 9.191919191919e-01 0.000000000000e+00 -2.727272727273e-01
v 8.787878787879e-01 0.000000000000e+00 -3.131313131313e-01
v 8.787878787879e-01 0.000000000000e+00 -2.727272727273e-01
v 8.585858585859e-01 0.000000000000e+00 -2.727272727273e-01
v 9.191919191919e-01 0.000000000000e+00 -3.131313131313e-01
v 8.787878787879e-01 0.000000000000e+00 -2.525252525253e-01
v 9.191919191919e-01 0.000000000000e+00 -2.929292929293e-01
v 8.989898989899e-01 0.000000000000e+00 -3.131313131313e-01
v 8.989898989899e-01 0.000000000000e+00 -2.727272727273e-01
v 8.787878787879e-01 0.000000000000e+00 -2.323232323232e-01
v 8.989898989899e-01 0.000000000000e+00 -2.929292929293e-01
v 8.787878787879e-01 0.000000000000e+00 -2.929292929293e-01
v 9.191919191919e-01 0.000000000000e+00 -2.525252525253e-01
v 8.585858585859e-01 0.000000000000e+00 -2.525252525253e-01
v 8.383838383838e-01 0.000000000000e+00 -2.727272727273e-01
v 8.383838383838e-01 0.000000000000e+00 -2.525252525253e-01
v 8.181818181818e-01 0.000000000000e+00 -2.525252525253e-01
v 8.181818181818e-01 0.000000000000e+00 -2.727272727273e-01
v 8.585858585859e-01 0.000000000000e+00 -2.121212121212e-01
v 8.787878787879e-01 0.000000000000e+00 -1.919191919192e-01
v 8.787878787879e-01 0.000000000000e+00 -2.121212121212e-01
v 8.383838383838e-01 0.000000000000e+00 -2.121212121212e-01
v 8.181818181818e-01 0.000000000000e+00 -2.323232323232e-01
v 8.585858585859e-01 0.000000000000e+00 -2.323232323232e-01
v 8.181818181818e-01 0.000000000000e+00 -2.121212121212e-01
v 8.383838383838e-01 0.000000000000e+00 -2.323232323232e-01
v 8.989898989899e-01 0.000000000000e+00 -1.919191919192e-01
v 8.989898989899e-01 0.000000000000e+00 -2.121212121212e-01
v 6.161616161616e-01 0.000000000000e+00 -4.141414141414e-01
v 5.757575757576e-01 0.000000000000e+00 -4.141414141414e-01
v 5.757575757576e-01 0.000000000000e+00 -3.939393939394e-01
v 6.161616161616e-01 0.000000000000e+00 -3.939393939394e-01
v 5.959595959596e-01 0.000000000000e+00 -3.939393939394e-01
v 5.959595959596e-01 0.000000000000e+00 -4.141414141414e-01
v 6.161616161616e-01 0.000000000000e+00 -4.747474747475e-01
v 5.959595959596e-01 0.000000000000e+00 -4.747474747475e-01
v 6.161616161616e-01 0.000000000000e+00 -4.343434343434e-01
v 5.757575757576e-01 0.000000000000e+00 -4.747474747475e-01
v 5.959595959596e-01 0.000000000000e+00 -4.343434343434e-01
v 5.757575757576e-01 0.000000000000e+00 -4.343434343434e-01
v 6.161616161616e-01 0.000000000000e+00 -4.545454545455e-01
v 5.959595959596e-01 0.000000000000e+00 -4.545454545455e-01
v 5.757575757576e-01 0.000000000000e+00 -4.545454545455e-01
v 6.767676767677e-01 0.000000000000e+00 -4.545454545455e-01
v 6.565656565657e-01 0.000000000000e+00 -4.747474747475e-01
v 6.565656565657e-01 0.000000000000e+00 -4.545454545455e-01
v 6.363636363636e-01 0.000000000000e+00 -4.343434343434e-01
v 6.767676767677e-01 0.000000000000e+00 -4.141414141414e-01
v 6.565656565657e-01 0.000000000000e+00 -4.141414141414e-01
v 6.767676767677e-01 0.000000000000e+00 -4.343434343434e-01
v 6.363636363636e-01 0.000000000000e+00 -4.545454545455e-01
v 6.767676767677e-01 0.000000000000e+00 -3.939393939394e-01
v 6.565656565657e-01 0.000000000000e+00 -3.939393939394e-01
v 6.363636363636e-01 0.000000000000e+00 -4.141414141414e-01
v 6.363636363636e-01 0.000000000000e+00 -4.747474747475e-01
v 6.565656565657e-01 0.000000000000e+00 -4.343434343434e-01
v 6.767676767677e-01 0.000000000000e+00 -4.747474747475e-01
v 6.363636363636e-01 0.000000000000e+00 -3.939393939394e-01
v 7.373737373737e-01 0.000000000000e+00 -3.939393939394e-01
v 6.969696969697e-01 0.000000000000e+00 -4.343434343434e-01
v 6.969696969697e-01 0.000000000000e+00 -4.747474747475e-01
v 7.171717171717e-01 0.000000000000e+00 -4.343434343434e-01
v 7.171717171717e-01 0.000000000000e+00 -4.747474747475e-01
v 7.171717171717e-01 0.000000000000e+00 -3.939393939394e-01
v 7.373737373737e-01 0.000000000000e+00 -4.141414141414e-01
v 7.373737373737e-01 0.000000000000e+00 -4.343434343434e-01
v 6.969696969697e-01 0.000000000000e+00 -4.141414141414e-01
v 7.171717171717e-01 0.000000000000e+00 -4.141414141414e-01
v 7.171717171717e-01 0.000000000000e+00 -3.737373737374e-01
v 6.969696969697e-01 0.000000000000e+00 -4.545454545455e-01
v 7.171717171717e-01 0.000000000000e+00 -4.545454545455e-01
v 6.969696969697e-01 0.000000000000e+00 -3.939393939394e-01
v 7.373737373737e-01 0.000000000000e+00 -3.737373737374e-01
v 7.979797979798e-01 0.000000000000e+00 -4.949494949495e-01
v 8.181818181818e-01 0.000000000000e+00 -4.747474747475e-01
v 8.181818181818e-01 0.000000000000e+00 -4.949494949495e-01
v 8.181818181818e-01 0.000000000000e+00 -4.545454545455e-01
v 7.373737373737e-01 0.000000000000e+00 -4.747474747475e-01
v 7.979797979798e-01 0.000000000000e+00 -4.545454545455e-01
v 7.575757575758e-01 0.000000000000e+00 -4.545454545455e-01
v 7.575757575758e-01 0.000000000000e+00 -4.949494949495e-01
v 7.373737373737e-01 0.000000000000e+00 -4.545454545455e-01
v 7.777777777778e-01 0.000000000000e+00 -4.747474747475e-01
v 7.979797979798e-01 0.000000000000e+00 -4.747474747475e-01
v 7.777777777778e-01 0.000000000000e+00 -4.949494949495e-01
v 7.575757575758e-01 0.000000000000e+00 -4.747474747475e-01
v 7.777777777778e-01 0.000000000000e+00 -4.545454545455e-01
v 7.979797979798e-01 0.000000000000e+00 -4.141414141414e-01
v 7.575757575758e-01 0.000000000000e+00 -4.141414141414e-01
v 8.181818181818e-01 0.000000000000e+00 -4.343434343434e-01
v 7.575757575758e-01 0.000000000000e+00 -3.939393939394e-01
v 7.979797979798e-01 0.000000000000e+00 -3.939393939394e-01
v 8.181818181818e-01 0.000000000000e+00 -3.737373737374e-01
v 7.777777777778e-01 0.000000000000e+00 -4.343434343434e-01
v 7.575757575758e-01 0.000000000000e+00 -4.343434343434e-01
v 7.777777777778e-01 0.000000000000e+00 -3.737373737374e-01
v 7.777777777778e-01 0.000000000000e+00 -4.141414141414e-01
v 8.181818181818e-01 0.000000000000e+00 -4.141414141414e-01
v 8.181818181818e-01 0.000000000000e+00 -3.939393939394e-01
v 7.979797979798e-01 0.000000000000e+00 -4.343434343434e-01
v 7.777777777778e-01 0.000000000000e+00 -3.939393939394e-01
v 7.979797979798e-01 0.000000000000e+00 -3.737373737374e-01
v 6.363636363636e-01 0.000000000000e+00 -2.121212121212e-01
v 6.161616161616e-01 0.000000000000e+00 -2.727272727273e-01
v 5.757575757576e-01 0.000000000000e+00 -2.525252525253e-01
v 6.565656565657e-01 0.000000000000e+00 -2.323232323232e-01
v 6.161616161616e-01 0.000000000000e+00 -2.323232323232e-01
v 5.959595959596e-01 0.000000000000e+00 -2.323232323232e-01
v 5.757575757576e-01 0.000000000000e+00 -2.727272727273e-01
v 6.363636363636e-01 0.000000000000e+00 -2.727272727273e-01
v 6.565656565657e-01 0.000000000000e+00 -2.727272727273e-01
v 5.959595959596e-01 0.000000000000e+00 -2.727272727273e-01
v 6.363636363636e-01 0.000000000000e+00 -2.525252525253e-01
v 6.363636363636e-01 0.000000000000e+00 -2.323232323232e-01
v 5.959595959596e-01 0.000000000000e+00 -2.525252525253e-01
v 6.161616161616e-01 0.000000000000e+00 -2.525252525253e-01
v 6.565656565657e-01 0.000000000000e+00 -2.525252525253e-01
v 5.959595959596e-01 0.000000000000e+00 -3.333333333333e-01
v 5.757575757576e-01 0.000000000000e+00 -3.333333333333e-01
v 5.757575757576e-01 0.000000000000e+00 -2.929292929293e-01
v 5.757575757576e-01 0.000000000000e+00 -3.535353535354e-01
v 6.363636363636e-01 0.000000000000e+00 -2.929292929293e-01
v 5.959595959596e-01 0.000000000000e+00 -3.737373737374e-01
v 5.757575757576e-01 0.000000000000e+00 -3.737373737374e-01
v 6.363636363636e-01 0.000000000000e+00 -3.131313131313e-01
v 5.757575757576e-01 0.000000000000e+00 -3.131313131313e-01
v 5.959595959596e-01 0.000000000000e+00 -3.131313131313e-01
v 5.959595959596e-01 0.000000000000e+00 -3.535353535354e-01
v 6.161616161616e-01 0.000000000000e+00 -2.929292929293e-01
v 5.959595959596e-01 0.000000000000e+00 -2.929292929293e-01
v 6.161616161616e-01 0.000000000000e+00 -3.131313131313e-01
v 6.565656565657e-01 0.000000000000e+00 -2.929292929293e-01
v 6.363636363636e-01 0.000000000000e+00 -3.333333333333e-01
v 6.565656565657e-01 0.000000000000e+00 -3.535353535354e-01
v 6.767676767677e-01 0.000000000000e+00 -3.535353535354e-01
v 6.767676767677e-01 0.000000000000e+00 -3.333333333333e-01
v 6.565656565657e-01 0.000000000000e+00 -3.737373737374e-01
v 6.363636363636e-01 0.000000000000e+00 -3.535353535354e-01
v 6.969696969697e-01 0.000000000000e+00 -3.333333333333e-01
v 6.161616161616e-01 0.000000000000e+00 -3.535353535354e-01
v 6.969696969697e-01 0.000000000000e+00 -3.737373737374e-01
v 6.363636363636e-01 0.000000000000e+00 -3.737373737374e-01
v 6.969696969697e-01 0.000000000000e+00 -3.535353535354e-01
v 6.161616161616e-01 0.000000000000e+00 -3.333333333333e-01
v 6.161616161616e-01 0.000000000000e+00 -3.737373737374e-01
v 6.565656565657e-01 0.000000000000e+00 -3.131313131313e-01
v 6.565656565657e-01 0.000000000000e+00 -3.333333333333e-01
v 6.767676767677e-01 0.000000000000e+00 -3.737373737374e-01
v 6.969696969697e-01 0.000000000000e+00 -2.727272727273e-01
v 6.969696969697e-01 0.000000000000e+00 -2.525252525253e-01
v 6.767676767677e-01 0.000000000000e+00 -2.525252525253e-01
v 7.171717171717e-01 0.000000000000e+00 -2.525252525253e-01
v 6.767676767677e-01 0.000000000000e+00 -2.323232323232e-01
v 6.969696969697e-01 0.000000000000e+00 -2.323232323232e-01
v 7.171717171717e-01 0.000000000000e+00 -2.323232323232e-01
v 6.767676767677e-01 0.000000000000e+00 -3.131313131313e-01
v 7.171717171717e-01 0.000000000000e+00 -3.131313131313e-01
v 6.969696969697e-01 0.000000000000e+00 -3.131313131313e-01
v 6.969696969697e-01 0.000000000000e+00 -2.929292929293e-01
v 7.171717171717e-01 0.000000000000e+00 -2.929292929293e-01
v 6.767676767677e-01 0.000000000000e+00 -2.727272727273e-01
v 7.171717171717e-01 0.000000000000e+00 -2.727272727273e-01
v 6.767676767677e-01 0.000000000000e+00 -2.929292929293e-01
v 7.373737373737e-01 0.000000000000e+00 -3.535353535354e-01
v 7.373737373737e-01 0.000000000000e+00 -3.131313131313e-01
v 7.575757575758e-01 0.000000000000e+00 -3.535353535354e-01
v 7.575757575758e-01 0.000000000000e+00 -3.333333333333e-01
v 7.575757575758e-01 0.000000000000e+00 -3.737373737374e-01
v 7.979797979798e-01 0.000000000000e+00 -3.333333333333e-01
v 7.171717171717e-01 0.000000000000e+00 -3.535353535354e-01
v 7.373737373737e-01 0.000000000000e+00 -3.333333333333e-01
v 7.979797979798e-01 0.000000000000e+00 -3.535353535354e-01
v 7.777777777778e-01 0.000000000000e+00 -3.131313131313e-01
v 7.171717171717e-01 0.000000000000e+00 -3.333333333333e-01
v 7.575757575758e-01 0.000000000000e+00 -3.131313131313e-01
v 7.777777777778e-01 0.000000000000e+00 -3.333333333333e-01
v 7.979797979798e-01 0.000000000000e+00 -3.131313131313e-01
v 7.777777777778e-01 0.000000000000e+00 -3.535353535354e-01
v 7.575757575758e-01 0.000000000000e+00 -2.929292929293e-01
v 7.777777777778e-01 0.000000000000e+00 -2.525252525253e-01
v 7.979797979798e-01 0.000000000000e+00 -2.525252525253e-01
v 7.979797979798e-01 0.000000000000e+00 -2.929292929293e-01
v 7.575757575758e-01 0.000000000000e+00 -2.727272727273e-01
v 7.373737373737e-01 0.000000000000e+00 -2.929292929293e-01
v 7.373737373737e-01 0.000000000000e+00 -2.727272727273e-01
v 7.373737373737e-01 0.000000000000e+00 -2.323232323232e-01
v 7.373737373737e-01 0.000000000000e+00 -2.525252525253e-01
v 7.979797979798e-01 0.000000000000e+00 -2.323232323232e-01
v 7.777777777778e-01 0.000000000000e+00 -2.323232323232e-01
v 7.575757575758e-01 0.000000000000e+00 -2.525252525253e-01
v 7.777777777778e-01 0.000000000000e+00 -2.929292929293e-01
v 7.575757575758e-01 0.000000000000e+00 -2.323232323232e-01
v 7.777777777778e-01 0.000000000000e+00 -2.727272727273e-01
v 7.979797979798e-01 0.000000000000e+00 -2.727272727273e-01
v 7.171717171717e-01 0.000000000000e+00 -5.050505050505e-02
v 6.969696969697e-01 0.000000000000e+00 -5.050505050505e-02
v 7.373737373737e-01 0.000000000000e+00 -3.030303030303e-02
v 7.171717171717e-01 0.000000000000e+00 -1.010101010101e-02
v 7.373737373737e-01 0.000000000000e+00 -1.010101010101e-02
v 6.565656565657e-01 0.000000000000e+00 -3.030303030303e-02
v 6.565656565657e-01 0.000000000000e+00 -1.010101010101e-02
v 7.373737373737e-01 0.000000000000e+00 -5.050505050505e-02
v 6.969696969697e-01 0.000000000000e+00 -1.010101010101e-02
v 6.767676767677e-01 0.000000000000e+00 -1.010101010101e-02
v 6.969696969697e-01 0.000000000000e+00 -3.030303030303e-02
v 7.171717171717e-01 0.000000000000e+00 -3.030303030303e-02
v 6.565656565657e-01 0.000000000000e+00 -5.050505050505e-02
v 6.767676767677e-01 0.000000000000e+00 -3.030303030303e-02
v 6.767676767677e-01 0.000000000000e+00 -5.050505050505e-02
v 6.565656565657e-01 0.000000000000e+00 5.050505050505e-02
v 7.373737373737e-01 0.000000000000e+00 3.030303030303e-02
v 7.171717171717e-01 0.000000000000e+00 3.030303030303e-02
v 7.373737373737e-01 0.000000000000e+00 1.010101010101e-02
v 7.171717171717e-01 0.000000000000e+00 1.010101010101e-02
v 6.969696969697e-01 0.000000000000e+00 1.010101010101e-02
v 6.969696969697e-01 0.000000000000e+00 5.050505050505e-02
v 6.969696969697e-01 0.000000000000e+00 3.030303030303e-02
v 6.565656565657e-01 0.000000000000e+00 1.010101010101e-02
v 7.373737373737e-01 0.000000000000e+00 5.050505050505e-02
v 6.767676767677e-01 0.000000000000e+00 1.010101010101e-02
v 6.767676767677e-01 0.000000000000e+00 3.030303030303e-02
v 6.565656565657e-01 0.000000000000e+00 3.030303030303e-02
v 7.171717171717e-01 0.000000000000e+00 5.050505050505e-02
v 6.767676767677e-01 0.000000000000e+00 5.050505050505e-02
v 6.161616161616e-01 0.000000000000e+00 -7.070707070707e-02
v 5.757575757576e-01 0.000000000000e+00 -7.070707070707e-02
v 5.555555555556e-01 0.000000000000e+00 -7.070707070707e-02
v 6.363636363636e-01 0.000000000000e+00 -5.050505050505e-02
v 6.363636363636e-01 0.000000000000e+00 -7.070707070707e-02
v 5.757575757576e-01 0.000000000000e+00 -9.090909090909e-02
v 5.757575757576e-01 0.000000000000e+00 -5.050505050505e-02
v 5.353535353535e-01 0.000000000000e+00 -5.050505050505e-02
v 5.959595959596e-01 0.000000000000e+00 -5.050505050505e-02
v 5.555555555556e-01 0.000000000000e+00 -9.090909090909e-02
v 5.555555555556e-01 0.000000000000e+00 -5.050505050505e-02
v 5.353535353535e-01 0.000000000000e+00 -7.070707070707e-02
v 5.959595959596e-01 0.000000000000e+00 -7.070707070707e-02
v 6.161616161616e-01 0.000000000000e+00 -5.050505050505e-02
v 5.353535353535e-01 0.000000000000e+00 -9.090909090909e-02
v 6.161616161616e-01 0.000000000000e+00 3.030303030303e-02
v 6.363636363636e-01 0.000000000000e+00 -1.010101010101e-02
v 6.363636363636e-01 0.000000000000e+00 1.010101010101e-02
v 6.161616161616e-01 0.000000000000e+00 -3.030303030303e-02
v 6.161616161616e-01 0.000000000000e+00 -1.010101010101e-02
v 5.959595959596e-01 0.000000000000e+00 1.010101010101e-02
v 5.959595959596e-01 0.000000000000e+00 3.030303030303e-02
v 5.959595959596e-01 0.000000000000e+00 5.050505050505e-02
v 6.363636363636e-01 0.000000000000e+00 -3.030303030303e-02
v 5.959595959596e-01 0.000000000000e+00 -1.010101010101e-02
v 6.161616161616e-01 0.000000000000e+00 1.010101010101e-02
v 6.363636363636e-01 0.000000000000e+00 5.050505050505e-02
v 5.959595959596e-01 0.000000000000e+00 -3.030303030303e-02
v 6.161616161616e-01 0.000000000000e+00 5.050505050505e-02
v 6.363636363636e-01 0.000000000000e+00 3.030303030303e-02
v 5.555555555556e-01 0.000000000000e+00 -1.010101010101e-02
v 5.353535353535e-01 0.000000000000e+00 3.030303030303e-02
v 5.555555555556e-01 0.000000000000e+00 -3.030303030303e-02
v 5.353535353535e-01 0.000000000000e+00 -1.010101010101e-02
v 5.757575757576e-01 0.000000000000e+00 5.050505050505e-02
v 5.555555555556e-01 0.000000000000e+00 3.030303030303e-02
v 5.555555555556e-01 0.000000000000e+00 5.050505050505e-02
v 5.757575757576e-01 0.000000000000e+00 3.030303030303e-02
v 5.353535353535e-01 0.000000000000e+00 5.050505050505e-02
v 5.353535353535e-01 0.000000000000e+00 1.010101010101e-02
v 5.353535353535e-01 0.000000000000e+00 -3.030303030303e-02
v 5.757575757576e-01 0.000000000000e+00 1.010101010101e-02
v 5.555555555556e-01 0.000000000000e+00 1.010101010101e-02
v 5.757575757576e-01 0.000000000000e+00 -3.030303030303e-02
v 5.757575757576e-01 0.000000000000e+00 -1.010101010101e-02
v 5.959595959596e-01 0.000000000000e+00 -9.090909090909e-02
v 5.555555555556e-01 0.000000000000e+00 -1.313131313131e-01
v 5.757575757576e-01 0.000000000000e+00 -1.313131313131e-01
v 6.161616161616e-01 0.000000000000e+00 -9.090909090909e-02
v 5.757575757576e-01 0.000000000000e+00 -1.515151515152e-01
v 5.959595959596e-01 0.000000000000e+00 -1.111111111111e-01
v 6.161616161616e-01 0.000000000000e+00 -1.111111111111e-01
v 6.161616161616e-01 0.000000000000e+00 -1.515151515152e-01
v 6.161616161616e-01 0.000000000000e+00 -1.313131313131e-01
v 5.555555555556e-01 0.000000000000e+00 -1.515151515152e-01
v 5.757575757576e-01 0.000000000000e+00 -1.111111111111e-01
v 5.555555555556e-01 0.000000000000e+00 -1.111111111111e-01
v 5.959595959596e-01 0.000000000000e+00 -1.313131313131e-01
v 5.959595959596e-01 0.000000000000e+00 -1.515151515152e-01
v 6.161616161616e-01 0.000000000000e+00 -2.121212121212e-01
v 6.161616161616e-01 0.000000000000e+00 -1.919191919192e-01
v 5.959595959596e-01 0.000000000000e+00 -1.717171717172e-01
v 6.363636363636e-01 0.000000000000e+00 -1.919191919192e-01
v 5.959595959596e-01 0.000000000000e+00 -1.919191919192e-01
v 6.363636363636e-01 0.000000000000e+00 -1.717171717172e-01
v 5.555555555556e-01 0.000000000000e+00 -1.717171717172e-01
v 5.959595959596e-01 0.000000000000e+00 -2.121212121212e-01
v 5.757575757576e-01 0.000000000000e+00 -2.323232323232e-01
v 5.757575757576e-01 0.000000000000e+00 -1.919191919192e-01
v 5.555555555556e-01 0.000000000000e+00 -1.919191919192e-01
v 5.757575757576e-01 0.000000000000e+00 -2.121212121212e-01
v 5.555555555556e-01 0.000000000000e+00 -2.323232323232e-01
v 5.757575757576e-01 0.000000000000e+00 -1.717171717172e-01
v 5.555555555556e-01 0.000000000000e+00 -2.121212121212e-01
v 6.161616161616e-01 0.000000000000e+00 -1.717171717172e-01
v 6.565656565657e-01 0.000000000000e+00 -1.919191919192e-01
v 6.767676767677e-01 0.000000000000e+00 -1.919191919192e-01
v 6.565656565657e-01 0.000000000000e+00 -2.121212121212e-01
v 6.565656565657e-01 0.000000000000e+00 -1.717171717172e-01
v 7.171717171717e-01 0.000000000000e+00 -2.121212121212e-01
v 7.373737373737e-01 0.000000000000e+00 -2.121212121212e-01
v 6.969696969697e-01 0.000000000000e+00 -2.121212121212e-01
v 6.969696969697e-01 0.000000000000e+00 -1.717171717172e-01
v 6.969696969697e-01 0.000000000000e+00 -1.919191919192e-01
v 7.171717171717e-01 0.000000000000e+00 -1.919191919192e-01
v 7.373737373737e-01 0.000000000000e+00 -1.919191919192e-01
v 7.171717171717e-01 0.000000000000e+00 -1.717171717172e-01
v 7.373737373737e-01 0.000000000000e+00 -1.717171717172e-01
v 6.767676767677e-01 0.000000000000e+00 -2.121212121212e-01
v 6.767676767677e-01 0.000000000000e+00 -1.717171717172e-01
v 6.565656565657e-01 0.000000000000e+00 -9.090909090909e-02
v 6.767676767677e-01 0.000000000000e+00 -7.070707070707e-02
v 6.565656565657e-01 0.000000000000e+00 -1.111111111111e-01
v 6.363636363636e-01 0.000000000000e+00 -1.515151515152e-01
v 6.363636363636e-01 0.000000000000e+00 -1.111111111111e-01
v 6.767676767677e-01 0.000000000000e+00 -1.111111111111e-01
v 6.767676767677e-01 0.000000000000e+00 -1.515151515152e-01
v 6.565656565657e-01 0.000000000000e+00 -1.515151515152e-01
v 6.363636363636e-01 0.000000000000e+00 -9.090909090909e-02
v 6.767676767677e-01 0.000000000000e+00 -1.313131313131e-01
v 6.565656565657e-01 0.000000000000e+00 -1.313131313131e-01
v 6.363636363636e-01 0.000000000000e+00 -1.313131313131e-01
v 6.767676767677e-01 0.000000000000e+00 -9.090909090909e-02
v 6.565656565657e-01 0.000000000000e+00 -7.070707070707e-02
v 6.969696969697e-01 0.000000000000e+00 -7.070707070707e-02
v 7.373737373737e-01 0.000000000000e+00 -1.313131313131e-01
v 7.171717171717e-01 0.000000000000e+00 -7.070707070707e-02
v 7.373737373737e-01 0.000000000000e+00 -7.070707070707e-02
v 6.969696969697e-01 0.000000000000e+00 -1.111111111111e-01
v 7.373737373737e-01 0.000000000000e+00 -1.111111111111e-01
v 7.171717171717e-01 0.000000000000e+00 -1.111111111111e-01
v 7.373737373737e-01 0.000000000000e+00 -9.090909090909e-02
v 6.969696969697e-01 0.000000000000e+00 -9.090909090909e-02
v 7.171717171717e-01 0.000000000000e+00 -9.090909090909e-02
v 7.171717171717e-01 0.000000000000e+00 -1.515151515152e-01
v 7.171717171717e-01 0.000000000000e+00 -1.313131313131e-01
v 6.969696969697e-01 0.000000000000e+00 -1.515151515152e-01
v 6.969696969697e-01 0.000000000000e+00 -1.313131313131e-01
v 7.373737373737e-01 0.000000000000e+00 -1.515151515152e-01
v 8.989898989899e-01 0.000000000000e+00 -1.313131313131e-01
v 9.191919191919e-01 0.000000000000e+00 -1.111111111111e-01
v 9.393939393939e-01 0.000000000000e+00 -9.090909090909e-02
v 9.393939393939e-01 0.000000000000e+00 -1.111111111111e-01
v 8.989898989899e-01 0.000000000000e+00 -9.090909090909e-02
v 9.191919191919e-01 0.000000000000e+00 -9.090909090909e-02
v 9.191919191919e-01 0.000000000000e+00 -1.313131313131e-01
v 8.989898989899e-01 0.000000000000e+00 -1.111111111111e-01
v 9.191919191919e-01 0.000000000000e+00 -1.515151515152e-01
v 9.393939393939e-01 0.000000000000e+00 -1.515151515152e-01
v 9.393939393939e-01 0.000000000000e+00 -1.717171717172e-01
v 8.989898989899e-01 0.000000000000e+00 -1.717171717172e-01
v 9.393939393939e-01 0.000000000000e+00 -1.313131313131e-01
v 8.989898989899e-01 0.000000000000e+00 -1.515151515152e-01
v 9.191919191919e-01 0.000000000000e+00 -1.717171717172e-01
v 1.000000000000e+00 0.000000000000e+00 -9.090909090909e-02
v 9.797979797980e-01 0.000000000000e+00 -1.313131313131e-01
v 1.000000000000e+00 0.000000000000e+00 -1.313131313131e-01
v 9.797979797980e-01 0.000000000000e+00 -1.111111111111e-01
v 9.595959595960e-01 0.000000000000e+00 -1.717171717172e-01
v 9.797979797980e-01 0.000000000000e+00 -1.515151515152e-01
v 1.000000000000e+00 0.000000000000e+00 -1.515151515152e-01
v 9.797979797980e-01 0.000000000000e+00 -9.090909090909e-02
v 1.000000000000e+00 0.000000000000e+00 -1.111111111111e-01
v 9.595959595960e-01 0.000000000000e+00 -1.515151515152e-01
v 9.797979797980e-01 0.000000000000e+00 -1.717171717172e-01
v 1.000000000000e+00 0.000000000000e+00 -1.717171717172e-01
v 9.595959595960e-01 0.000000000000e+00 -9.090909090909e-02
v 9.595959595960e-01 0.000000000000e+00 -1.111111111111e-01
v 9.595959595960e-01 0.000000000000e+00 -1.313131313131e-01
v 9.393939393939e-01 0.000000000000e+00 -3.030303030303e-02
v 9.595959595960e-01 0.000000000000e+00 -3.030303030303e-02
v 8.989898989899e-01 0.000000000000e+00 -5.050505050505e-02
v 9.191919191919e-01 0.000000000000e+00 -5.050505050505e-02
v 9.595959595960e-01 0.000000000000e+00 -5.050505050505e-02
v 1.000000000000e+00 0.000000000000e+00 -5.050505050505e-02
v 9.797979797980e-01 0.000000000000e+00 -5.050505050505e-02
v 1.000000000000e+00 0.000000000000e+00 -7.070707070707e-02
v 1.000000000000e+00 0.000000000000e+00 -3.030303030303e-02
v 9.393939393939e-01 0.000000000000e+00 -7.070707070707e-02
v 9.595959595960e-01 0.000000000000e+00 -7.070707070707e-02
v 9.393939393939e-01 0.000000000000e+00 -5.050505050505e-02
v 9.797979797980e-01 0.000000000000e+00 -3.030303030303e-02
v 9.191919191919e-01 0.000000000000e+00 -7.070707070707e-02
v 8.989898989899e-01 0.000000000000e+00 -7.070707070707e-02
v 9.797979797980e-01 0.000000000000e+00 -7.070707070707e-02
v 8.787878787879e-01 0.000000000000e+00 1.010101010101e-02
v 8.989898989899e-01 0.000000000000e+00 -3.030303030303e-02
v 9.191919191919e-01 0.000000000000e+00 -3.030303030303e-02
v 8.787878787879e-01 0.000000000000e+00 -3.030303030303e-02
v 8.989898989899e-01 0.000000000000e+00 -1.010101010101e-02
v 9.191919191919e-01 0.000000000000e+00 -1.010101010101e-02
v 9.191919191919e-01 0.000000000000e+00 5.050505050505e-02
v 8.989898989899e-01 0.000000000000e+00 1.010101010101e-02
v 8.787878787879e-01 0.000000000000e+00 3.030303030303e-02
v 9.191919191919e-01 0.000000000000e+00 1.010101010101e-02
v 8.787878787879e-01 0.000000000000e+00 -1.010101010101e-02
v 8.989898989899e-01 0.000000000000e+00 5.050505050505e-02
v 8.787878787879e-01 0.000000000000e+00 5.050505050505e-02
v 8.989898989899e-01 0.000000000000e+00 3.030303030303e-02
v 9.191919191919e-01 0.000000000000e+00 3.030303030303e-02
v 9.797979797980e-01 0.000000000000e+00 3.030303030303e-02
v 9.797979797980e-01 0.000000000000e+00 1.010101010101e-02
v 9.393939393939e-01 0.000000000000e+00 5.050505050505e-02
v 9.797979797980e-01 0.000000000000e+00 -1.010101010101e-02
v 1.000000000000e+00 0.000000000000e+00 5.050505050505e-02
v 9.595959595960e-01 0.000000000000e+00 5.050505050505e-02
v 1.000000000000e+00 0.000000000000e+00 -1.010101010101e-02
v 9.595959595960e-01 0.000000000000e+00 -1.010101010101e-02
v 9.393939393939e-01 0.000000000000e+00 -1.010101010101e-02
v 1.000000000000e+00 0.000000000000e+00 3.030303030303e-02
v 1.000000000000e+00 0.000000000000e+00 1.010101010101e-02
v 9.797979797980e-01 0.000000000000e+00 5.050505050505e-02
v 9.393939393939e-01 0.000000000000e+00 1.010101010101e-02
v 9.393939393939e-01 0.000000000000e+00 3.030303030303e-02
v 9.595959595960e-01 0.000000000000e+00 3.030303030303e-02
v 9.595959595960e-01 0.000000000000e+00 1.010101010101e-02
v 8.383838383838e-01 0.000000000000e+00 -1.515151515152e-01
v 8.585858585859e-01 0.000000000000e+00 -1.515151515152e-01
v 8.585858585859e-01 0.000000000000e+00 -1.111111111111e-01
v 8.383838383838e-01 0.000000000000e+00 -1.313131313131e-01
v 8.787878787879e-01 0.000000000000e+00 -1.515151515152e-01
v 8.585858585859e-01 0.000000000000e+00 -1.919191919192e-01
v 8.585858585859e-01 0.000000000000e+00 -1.717171717172e-01
v 8.383838383838e-01 0.000000000000e+00 -1.717171717172e-01
v 8.787878787879e-01 0.000000000000e+00 -1.313131313131e-01
v 8.383838383838e-01 0.000000000000e+00 -1.919191919192e-01
v 8.585858585859e-01 0.000000000000e+00 -1.313131313131e-01
v 8.787878787879e-01 0.000000000000e+00 -1.717171717172e-01
v 8.787878787879e-01 0.000000000000e+00 -1.111111111111e-01
v 8.787878787879e-01 0.000000000000e+00 -9.090909090909e-02
v 8.585858585859e-01 0.000000000000e+00 -9.090909090909e-02
v 8.181818181818e-01 0.000000000000e+00 -1.313131313131e-01
v 8.383838383838e-01 0.000000000000e+00 -1.111111111111e-01
v 7.777777777778e-01 0.000000000000e+00 -1.111111111111e-01
v 7.979797979798e-01 0.000000000000e+00 -1.111111111111e-01
v 7.777777777778e-01 0.000000000000e+00 -9.090909090909e-02
v 7.979797979798e-01 0.000000000000e+00 -9.090909090909e-02
v 8.181818181818e-01 0.000000000000e+00 -9.090909090909e-02
v 7.575757575758e-01 0.000000000000e+00 -1.111111111111e-01
v 7.575757575758e-01 0.000000000000e+00 -1.313131313131e-01
v 8.181818181818e-01 0.000000000000e+00 -1.111111111111e-01
v 7.777777777778e-01 0.000000000000e+00 -1.313131313131e-01
v 7.979797979798e-01 0.000000000000e+00 -1.313131313131e-01
v 8.383838383838e-01 0.000000000000e+00 -9.090909090909e-02
v 7.575757575758e-01 0.000000000000e+00 -9.090909090909e-02
v 7.777777777778e-01 0.000000000000e+00 -1.919191919192e-01
v 7.575757575758e-01 0.000000000000e+00 -1.919191919192e-01
v 7.575757575758e-01 0.000000000000e+00 -1.515151515152e-01
v 7.777777777778e-01 0.000000000000e+00 -1.515151515152e-01
v 7.979797979798e-01 0.000000000000e+00 -1.717171717172e-01
v 7.575757575758e-01 0.000000000000e+00 -2.121212121212e-01
v 7.979797979798e-01 0.000000000000e+00 -2.121212121212e-01
v 7.777777777778e-01 0.000000000000e+00 -1.717171717172e-01
v 7.575757575758e-01 0.000000000000e+00 -1.717171717172e-01
v 7.979797979798e-01 0.000000000000e+00 -1.919191919192e-01
v 8.181818181818e-01 0.000000000000e+00 -1.717171717172e-01
v 8.181818181818e-01 0.000000000000e+00 -1.919191919192e-01
v 7.777777777778e-01 0.000000000000e+00 -2.121212121212e-01
v 8.181818181818e-01 0.000000000000e+00 -1.515151515152e-01
v 7.979797979798e-01 0.000000000000e+00 -1.515151515152e-01
v 8.383838383838e-01 0.000000000000e+00 -7.070707070707e-02
v 7.777777777778e-01 0.000000000000e+00 -7.070707070707e-02
v 7.979797979798e-01 0.000000000000e+00 -7.070707070707e-02
v 8.181818181818e-01 0.000000000000e+00 -7.070707070707e-02
v 7.777777777778e-01 0.000000000000e+00 -5.050505050505e-02
v 7.979797979798e-01 0.000000000000e+00 -5.050505050505e-02
v 8.181818181818e-01 0.000000000000e+00 -5.050505050505e-02
v 7.575757575758e-01 0.000000000000e+00 -5.050505050505e-02
v 7.575757575758e-01 0.000000000000e+00 -7.070707070707e-02
v 8.585858585859e-01 0.000000000000e+00 -3.030303030303e-02
v 8.585858585859e-01 0.000000000000e+00 -7.070707070707e-02
v 8.383838383838e-01 0.000000000000e+00 -5.050505050505e-02
v 8.787878787879e-01 0.000000000000e+00 -5.050505050505e-02
v 8.787878787879e-01 0.000000000000e+00 -7.070707070707e-02
v 8.585858585859e-01 0.000000000000e+00 -5.050505050505e-02
v 8.585858585859e-01 0.000000000000e+00 1.010101010101e-02
v 8.585858585859e-01 0.000000000000e+00 5.050505050505e-02
v 8.383838383838e-01 0.000000000000e+00 1.010101010101e-02
v 8.585858585859e-01 0.000000000000e+00 3.030303030303e-02
v 8.181818181818e-01 0.000000000000e+00 -3.030303030303e-02
v 8.181818181818e-01 0.000000000000e+00 1.010101010101e-02
v 8.383838383838e-01 0.000000000000e+00 3.030303030303e-02
v 8.181818181818e-01 0.000000000000e+00 5.050505050505e-02
v 8.585858585859e-01 0.000000000000e+00 -1.010101010101e-02
v 8.383838383838e-01 0.000000000000e+00 -1.010101010101e-02
v 8.181818181818e-01 0.000000000000e+00 -1.010101010101e-02
v 8.383838383838e-01 0.000000000000e+00 5.050505050505e-02
v 8.383838383838e-01 0.000000000000e+00 -3.030303030303e-02
v 8.181818181818e-01 0.000000000000e+00 3.030303030303e-02
v 7.777777777778e-01 0.000000000000e+00 -1.010101010101e-02
v 7.575757575758e-01 0.000000000000e+00 -1.010101010101e-02
v 7.777777777778e-01 0.000000000000e+00 -3.030303030303e-02
v 7.979797979798e-01 0.000000000000e+00 -3.030303030303e-02
v 7.979797979798e-01 0.000000000000e+00 -1.010101010101e-02
v 7.979797979798e-01 0.000000000000e+00 1.010101010101e-02
v 7.575757575758e-01 0.000000000000e+00 -3.030303030303e-02
v 7.777777777778e-01 0.000000000000e+00 1.010101010101e-02
v 7.575757575758e-01 0.000000000000e+00 5.050505050505e-02
v 7.575757575758e-01 0.000000000000e+00 1.010101010101e-02
v 7.575757575758e-01 0.000000000000e+00 3.030303030303e-02
v 7.777777777778e-01 0.000000000000e+00 3.030303030303e-02
v 7.979797979798e-01 0.000000000000e+00 3.030303030303e-02
v 7.777777777778e-01 0.000000000000e+00 5.050505050505e-02
v 7.979797979798e-01 0.000000000000e+00 5.050505050505e-02
v 4.343434343434e-01 0.000000000000e+00 -6.565656565657e-01
v 4.141414141414e-01 0.000000000000e+00 -6.767676767677e-01
v 4.747474747475e-01 0.000000000000e+00 -6.363636363636e-01
v 4.141414141414e-01 0.000000000000e+00 -6.565656565657e-01
v 4.141414141414e-01 0.000000000000e+00 -6.363636363636e-01
v 4.545454545455e-01 0.000000000000e+00 -6.565656565657e-01
v 4.949494949495e-01 0.000000000000e+00 -6.363636363636e-01
v 4.949494949495e-01 0.000000000000e+00 -6.565656565657e-01
v 4.747474747475e-01 0.000000000000e+00 -6.565656565657e-01
v 4.949494949495e-01 0.000000000000e+00 -6.767676767677e-01
v 4.747474747475e-01 0.000000000000e+00 -6.767676767677e-01
v 4.545454545455e-01 0.000000000000e+00 -6.767676767677e-01
v 4.343434343434e-01 0.000000000000e+00 -6.767676767677e-01
v 4.545454545455e-01 0.000000000000e+00 -6.363636363636e-01
v 4.343434343434e-01 0.000000000000e+00 -6.363636363636e-01
v 4.141414141414e-01 0.000000000000e+00 -7.171717171717e-01
v 4.747474747475e-01 0.000000000000e+00 -6.969696969697e-01
v 4.141414141414e-01 0.000000000000e+00 -7.373737373737e-01
v 4.949494949495e-01 0.000000000000e+00 -6.969696969697e-01
v 4.545454545455e-01 0.000000000000e+00 -7.373737373737e-01
v 4.747474747475e-01 0.000000000000e+00 -7.373737373737e-01
v 4.141414141414e-01 0.000000000000e+00 -6.969696969697e-01
v 4.343434343434e-01 0.000000000000e+00 -6.969696969697e-01
v 4.949494949495e-01 0.000000000000e+00 -7.373737373737e-01
v 4.545454545455e-01 0.000000000000e+00 -6.969696969697e-01
v 4.343434343434e-01 0.000000000000e+00 -7.171717171717e-01
v 4.747474747475e-01 0.000000000000e+00 -7.171717171717e-01
v 4.949494949495e-01 0.000000000000e+00 -7.171717171717e-01
v 4.343434343434e-01 0.000000000000e+00 -7.373737373737e-01
v 4.545454545455e-01 0.000000000000e+00 -7.171717171717e-01
v 3.939393939394e-01 0.000000000000e+00 -6.969696969697e-01
v 3.737373737374e-01 0.000000000000e+00 -6.767676767677e-01
v 3.939393939394e-01 0.000000000000e+00 -7.373737373737e-01
v 3.737373737374e-01 0.000000000000e+00 -7.373737373737e-01
v 3.939393939394e-01 0.000000000000e+00 -6.767676767677e-01
v 3.737373737374e-01 0.000000000000e+00 -6.565656565657e-01
v 3.939393939394e-01 0.000000000000e+00 -6.565656565657e-01
v 3.535353535354e-01 0.000000000000e+00 -7.171717171717e-01
v 3.535353535354e-01 0.000000000000e+00 -7.373737373737e-01
v 3.737373737374e-01 0.000000000000e+00 -7.171717171717e-01
v 3.737373737374e-01 0.000000000000e+00 -6.969696969697e-01
v 3.535353535354e-01 0.000000000000e+00 -6.767676767677e-01
v 3.535353535354e-01 0.000000000000e+00 -6.969696969697e-01
v 3.939393939394e-01 0.000000000000e+00 -7.171717171717e-01
v 2.525252525253e-01 0.000000000000e+00 -6.565656565657e-01
v 3.131313131313e-01 0.000000000000e+00 -6.767676767677e-01
v 3.333333333333e-01 0.000000000000e+00 -6.767676767677e-01
v 3.333333333333e-01 0.000000000000e+00 -6.565656565657e-01
v 2.929292929293e-01 0.000000000000e+00 -6.767676767677e-01
v 2.525252525253e-01 0.000000000000e+00 -6.767676767677e-01
v 2.727272727273e-01 0.000000000000e+00 -6.767676767677e-01
v 3.535353535354e-01 0.000000000000e+00 -6.565656565657e-01
v 3.131313131313e-01 0.000000000000e+00 -6.565656565657e-01
v 2.727272727273e-01 0.000000000000e+00 -6.565656565657e-01
v 2.929292929293e-01 0.000000000000e+00 -6.565656565657e-01
v 3.535353535354e-01 0.000000000000e+00 -6.363636363636e-01
v 3.131313131313e-01 0.000000000000e+00 -6.363636363636e-01
v 2.929292929293e-01 0.000000000000e+00 -6.363636363636e-01
v 3.333333333333e-01 0.000000000000e+00 -6.363636363636e-01
v 3.131313131313e-01 0.000000000000e+00 -7.171717171717e-01
v 3.333333333333e-01 0.000000000000e+00 -7.171717171717e-01
v 2.929292929293e-01 0.000000000000e+00 -7.373737373737e-01
v 3.333333333333e-01 0.000000000000e+00 -7.373737373737e-01
v 3.131313131313e-01 0.000000000000e+00 -7.373737373737e-01
v 2.727272727273e-01 0.000000000000e+00 -7.171717171717e-01
v 2.929292929293e-01 0.000000000000e+00 -6.969696969697e-01
v 3.333333333333e-01 0.000000000000e+00 -6.969696969697e-01
v 3.131313131313e-01 0.000000000000e+00 -6.969696969697e-01
v 2.727272727273e-01 0.000000000000e+00 -7.373737373737e-01
v 2.525252525253e-01 0.000000000000e+00 -6.969696969697e-01
v 2.727272727273e-01 0.000000000000e+00 -6.969696969697e-01
v 2.525252525253e-01 0.000000000000e+00 -7.171717171717e-01
v 2.525252525253e-01 0.000000000000e+00 -7.373737373737e-01
v 2.929292929293e-01 0.000000000000e+00 -7.171717171717e-01
v 4.545454545455e-01 0.000000000000e+00 -6.161616161616e-01
v 4.747474747475e-01 0.000000000000e+00 -5.959595959596e-01
v 4.747474747475e-01 0.000000000000e+00 -5.555555555556e-01
v 4.343434343434e-01 0.000000000000e+00 -5.959595959596e-01
v 4.747474747475e-01 0.000000000000e+00 -6.161616161616e-01
v 4.949494949495e-01 0.000000000000e+00 -6.161616161616e-01
v 4.949494949495e-01 0.000000000000e+00 -5.959595959596e-01
v 4.545454545455e-01 0.000000000000e+00 -5.959595959596e-01
v 4.949494949495e-01 0.000000000000e+00 -5.555555555556e-01
v 4.545454545455e-01 0.000000000000e+00 -5.555555555556e-01
v 4.343434343434e-01 0.000000000000e+00 -6.161616161616e-01
v 4.343434343434e-01 0.000000000000e+00 -5.555555555556e-01
v 4.545454545455e-01 0.000000000000e+00 -5.757575757576e-01
v 4.949494949495e-01 0.000000000000e+00 -5.757575757576e-01
v 4.343434343434e-01 0.000000000000e+00 -5.757575757576e-01
v 4.747474747475e-01 0.000000000000e+00 -5.757575757576e-01
v 4.343434343434e-01 0.000000000000e+00 -5.151515151515e-01
v 4.949494949495e-01 0.000000000000e+00 -4.949494949495e-01
v 4.545454545455e-01 0.000000000000e+00 -4.949494949495e-01
v 4.747474747475e-01 0.000000000000e+00 -5.151515151515e-01
v 4.949494949495e-01 0.000000000000e+00 -5.353535353535e-01
v 4.141414141414e-01 0.000000000000e+00 -5.353535353535e-01
v 4.141414141414e-01 0.000000000000e+00 -4.949494949495e-01
v 4.343434343434e-01 0.000000000000e+00 -4.949494949495e-01
v 4.343434343434e-01 0.000000000000e+00 -5.353535353535e-01
v 4.141414141414e-01 0.000000000000e+00 -5.151515151515e-01
v 4.747474747475e-01 0.000000000000e+00 -5.353535353535e-01
v 4.545454545455e-01 0.000000000000e+00 -5.151515151515e-01
v 4.949494949495e-01 0.000000000000e+00 -5.151515151515e-01
v 4.545454545455e-01 0.000000000000e+00 -5.353535353535e-01
v 4.747474747475e-01 0.000000000000e+00 -4.949494949495e-01
v 3.737373737374e-01 0.000000000000e+00 -5.151515151515e-01
v 3.333333333333e-01 0.000000000000e+00 -4.949494949495e-01
v 3.131313131313e-01 0.000000000000e+00 -4.949494949495e-01
v 3.333333333333e-01 0.000000000000e+00 -5.151515151515e-01
v 3.131313131313e-01 0.000000000000e+00 -5.353535353535e-01
v 3.131313131313e-01 0.000000000000e+00 -5.151515151515e-01
v 3.535353535354e-01 0.000000000000e+00 -5.151515151515e-01
v 3.737373737374e-01 0.000000000000e+00 -5.353535353535e-01
v 3.939393939394e-01 0.000000000000e+00 -5.151515151515e-01
v 3.737373737374e-01 0.000000000000e+00 -4.949494949495e-01
v 3.535353535354e-01 0.000000000000e+00 -4.949494949495e-01
v 3.939393939394e-01 0.000000000000e+00 -4.949494949495e-01
v 3.535353535354e-01 0.000000000000e+00 -5.353535353535e-01
v 3.333333333333e-01 0.000000000000e+00 -5.353535353535e-01
v 3.333333333333e-01 0.000000000000e+00 -4.747474747475e-01
v 3.737373737374e-01 0.000000000000e+00 -5.959595959596e-01
v 3.939393939394e-01 0.000000000000e+00 -5.959595959596e-01
v 4.141414141414e-01 0.000000000000e+00 -5.959595959596e-01
v 4.141414141414e-01 0.000000000000e+00 -5.555555555556e-01
v 3.737373737374e-01 0.000000000000e+00 -5.555555555556e-01
v 3.939393939394e-01 0.000000000000e+00 -5.555555555556e-01
v 4.141414141414e-01 0.000000000000e+00 -5.757575757576e-01
v 3.737373737374e-01 0.000000000000e+00 -6.161616161616e-01
v 3.939393939394e-01 0.000000000000e+00 -6.363636363636e-01
v 3.939393939394e-01 0.000000000000e+00 -6.161616161616e-01
v 4.141414141414e-01 0.000000000000e+00 -6.161616161616e-01
v 3.737373737374e-01 0.000000000000e+00 -6.363636363636e-01
v 3.939393939394e-01 0.000000000000e+00 -5.757575757576e-01
v 3.737373737374e-01 0.000000000000e+00 -5.757575757576e-01
v 3.939393939394e-01 0.000000000000e+00 -5.353535353535e-01
v 3.333333333333e-01 0.000000000000e+00 -5.757575757576e-01
v 3.131313131313e-01 0.000000000000e+00 -5.959595959596e-01
v 3.333333333333e-01 0.000000000000e+00 -5.959595959596e-01
v 2.929292929293e-01 0.000000000000e+00 -6.161616161616e-01
v 3.131313131313e-01 0.000000000000e+00 -5.757575757576e-01
v 3.535353535354e-01 0.000000000000e+00 -5.757575757576e-01
v 3.535353535354e-01 0.000000000000e+00 -5.555555555556e-01
v 3.333333333333e-01 0.000000000000e+00 -5.555555555556e-01
v 3.131313131313e-01 0.000000000000e+00 -5.555555555556e-01
v 3.333333333333e-01 0.000000000000e+00 -6.161616161616e-01
v 2.929292929293e-01 0.000000000000e+00 -5.555555555556e-01
v 3.535353535354e-01 0.000000000000e+00 -6.161616161616e-01
v 3.131313131313e-01 0.000000000000e+00 -6.161616161616e-01
v 2.929292929293e-01 0.000000000000e+00 -5.959595959596e-01
v 2.929292929293e-01 0.000000000000e+00 -5.757575757576e-01
v 3.535353535354e-01 0.000000000000e+00 -5.959595959596e-01
v 9.090909090909e-02 0.000000000000e+00 -5.151515151515e-01
v 3.030303030303e-02 0.000000000000e+00 -5.151515151515e-01
v 3.030303030303e-02 0.000000000000e+00 -5.555555555556e-01
v 5.050505050505e-02 0.000000000000e+00 -4.949494949495e-01
v 5.050505050505e-02 0.000000000000e+00 -5.151515151515e-01
v 9.090909090909e-02 0.000000000000e+00 -5.353535353535e-01
v 5.050505050505e-02 0.000000000000e+00 -5.353535353535e-01
v 3.030303030303e-02 0.000000000000e+00 -5.353535353535e-01
v 7.070707070707e-02 0.000000000000e+00 -4.949494949495e-01
v 7.070707070707e-02 0.000000000000e+00 -5.555555555556e-01
v 7.070707070707e-02 0.000000000000e+00 -5.353535353535e-01
v 5.050505050505e-02 0.000000000000e+00 -5.555555555556e-01
v 9.090909090909e-02 0.000000000000e+00 -5.555555555556e-01
v 9.090909090909e-02 0.000000000000e+00 -4.949494949495e-01
v 7.070707070707e-02 0.000000000000e+00 -5.151515151515e-01
v 1.313131313131e-01 0.000000000000e+00 -4.949494949495e-01
v 1.313131313131e-01 0.000000000000e+00 -5.353535353535e-01
v 1.111111111111e-01 0.000000000000e+00 -5.151515151515e-01
v 1.515151515152e-01 0.000000000000e+00 -4.949494949495e-01
v 1.515151515152e-01 0.000000000000e+00 -5.151515151515e-01
v 1.515151515152e-01 0.000000000000e+00 -5.353535353535e-01
v 1.515151515152e-01 0.000000000000e+00 -5.555555555556e-01
v 1.111111111111e-01 0.000000000000e+00 -5.555555555556e-01
v 1.515151515152e-01 0.000000000000e+00 -5.757575757576e-01
v 1.313131313131e-01 0.000000000000e+00 -5.151515151515e-01
v 1.111111111111e-01 0.000000000000e+00 -4.949494949495e-01
v 1.313131313131e-01 0.000000000000e+00 -5.555555555556e-01
v 1.111111111111e-01 0.000000000000e+00 -5.757575757576e-01
v 1.313131313131e-01 0.000000000000e+00 -5.757575757576e-01
v 1.111111111111e-01 0.000000000000e+00 -5.353535353535e-01
v 2.121212121212e-01 0.000000000000e+00 -6.161616161616e-01
v 2.323232323232e-01 0.000000000000e+00 -6.161616161616e-01
v 2.525252525253e-01 0.000000000000e+00 -6.161616161616e-01
v 2.727272727273e-01 0.000000000000e+00 -5.757575757576e-01
v 2.323232323232e-01 0.000000000000e+00 -6.363636363636e-01
v 2.525252525253e-01 0.000000000000e+00 -6.363636363636e-01
v 2.121212121212e-01 0.000000000000e+00 -6.363636363636e-01
v 2.727272727273e-01 0.000000000000e+00 -6.363636363636e-01
v 2.727272727273e-01 0.000000000000e+00 -6.161616161616e-01
v 2.727272727273e-01 0.000000000000e+00 -5.959595959596e-01
v 2.323232323232e-01 0.000000000000e+00 -5.757575757576e-01
v 2.525252525253e-01 0.000000000000e+00 -5.959595959596e-01
v 2.323232323232e-01 0.000000000000e+00 -5.959595959596e-01
v 2.121212121212e-01 0.000000000000e+00 -5.959595959596e-01
v 2.525252525253e-01 0.000000000000e+00 -5.757575757576e-01
v 2.323232323232e-01 0.000000000000e+00 -4.949494949495e-01
v 2.525252525253e-01 0.000000000000e+00 -5.555555555556e-01
v 2.929292929293e-01 0.000000000000e+00 -4.949494949495e-01
v 2.727272727273e-01 0.000000000000e+00 -4.949494949495e-01
v 2.525252525253e-01 0.000000000000e+00 -4.949494949495e-01
v 2.323232323232e-01 0.000000000000e+00 -5.555555555556e-01
v 2.727272727273e-01 0.000000000000e+00 -5.151515151515e-01
v 2.323232323232e-01 0.000000000000e+00 -5.353535353535e-01
v 2.929292929293e-01 0.000000000000e+00 -5.151515151515e-01
v 2.525252525253e-01 0.000000000000e+00 -5.353535353535e-01
v 2.727272727273e-01 0.000000000000e+00 -5.353535353535e-01
v 2.727272727273e-01 0.000000000000e+00 -5.555555555556e-01
v 2.929292929293e-01 0.000000000000e+00 -5.353535353535e-01
v 2.323232323232e-01 0.000000000000e+00 -5.151515151515e-01
v 2.525252525253e-01 0.000000000000e+00 -5.151515151515e-01
v 1.717171717172e-01 0.000000000000e+00 -4.949494949495e-01
v 1.717171717172e-01 0.000000000000e+00 -5.353535353535e-01
v 1.919191919192e-01 0.000000000000e+00 -5.353535353535e-01
v 2.121212121212e-01 0.000000000000e+00 -5.151515151515e-01
v 2.121212121212e-01 0.000000000000e+00 -5.353535353535e-01
v 1.919191919192e-01 0.000000000000e+00 -5.555555555556e-01
v 2.121212121212e-01 0.000000000000e+00 -5.555555555556e-01
v 1.919191919192e-01 0.000000000000e+00 -4.949494949495e-01
v 2.121212121212e-01 0.000000000000e+00 -5.757575757576e-01
v 2.121212121212e-01 0.000000000000e+00 -4.949494949495e-01
v 1.717171717172e-01 0.000000000000e+00 -5.151515151515e-01
v 1.919191919192e-01 0.000000000000e+00 -5.151515151515e-01
v 1.717171717172e-01 0.000000000000e+00 -5.555555555556e-01
v 1.717171717172e-01 0.000000000000e+00 -5.757575757576e-01
v 1.919191919192e-01 0.000000000000e+00 -5.757575757576e-01
v 1.515151515152e-01 0.000000000000e+00 -6.161616161616e-01
v 1.515151515152e-01 0.000000000000e+00 -5.959595959596e-01
v 1.111111111111e-01 0.000000000000e+00 -6.363636363636e-01
v 1.313131313131e-01 0.000000000000e+00 -6.363636363636e-01
v 1.717171717172e-01 0.000000000000e+00 -5.959595959596e-01
v 1.111111111111e-01 0.000000000000e+00 -5.959595959596e-01
v 1.111111111111e-01 0.000000000000e+00 -6.161616161616e-01
v 1.313131313131e-01 0.000000000000e+00 -6.161616161616e-01
v 1.313131313131e-01 0.000000000000e+00 -5.959595959596e-01
v 1.717171717172e-01 0.000000000000e+00 -6.363636363636e-01
v 1.919191919192e-01 0.000000000000e+00 -5.959595959596e-01
v 1.919191919192e-01 0.000000000000e+00 -6.363636363636e-01
v 1.919191919192e-01 0.000000000000e+00 -6.161616161616e-01
v 1.717171717172e-01 0.000000000000e+00 -6.161616161616e-01
v 1.515151515152e-01 0.000000000000e+00 -6.363636363636e-01
v 2.323232323232e-01 0.000000000000e+00 -7.171717171717e-01
v 2.323232323232e-01 0.000000000000e+00 -6.969696969697e-01
v 2.121212121212e-01 0.000000000000e+00 -6.969696969697e-01
v 1.919191919192e-01 0.000000000000e+00 -6.969696969697e-01
v 2.323232323232e-01 0.000000000000e+00 -6.767676767677e-01
v 2.121212121212e-01 0.000000000000e+00 -7.171717171717e-01
v 2.121212121212e-01 0.000000000000e+00 -7.373737373737e-01
v 1.919191919192e-01 0.000000000000e+00 -6.565656565657e-01
v 2.121212121212e-01 0.000000000000e+00 -6.565656565657e-01
v 2.323232323232e-01 0.000000000000e+00 -6.565656565657e-01
v 2.323232323232e-01 0.000000000000e+00 -7.373737373737e-01
v 1.919191919192e-01 0.000000000000e+00 -6.767676767677e-01
v 1.919191919192e-01 0.000000000000e+00 -7.171717171717e-01
v 1.919191919192e-01 0.000000000000e+00 -7.373737373737e-01
v 2.121212121212e-01 0.000000000000e+00 -6.767676767677e-01
v 1.313131313131e-01 0.000000000000e+00 -6.969696969697e-01
v 1.515151515152e-01 0.000000000000e+00 -6.969696969697e-01
v 1.111111111111e-01 0.000000000000e+00 -6.969696969697e-01
v 1.515151515152e-01 0.000000000000e+00 -6.767676767677e-01
v 1.717171717172e-01 0.000000000000e+00 -6.969696969697e-01
v 1.717171717172e-01 0.000000000000e+00 -6.565656565657e-01
v 1.515151515152e-01 0.000000000000e+00 -7.171717171717e-01
v 1.515151515152e-01 0.000000000000e+00 -7.373737373737e-01
v 1.313131313131e-01 0.000000000000e+00 -6.767676767677e-01
v 1.515151515152e-01 0.000000000000e+00 -6.565656565657e-01
v 1.313131313131e-01 0.000000000000e+00 -7.373737373737e-01
v 1.717171717172e-01 0.000000000000e+00 -7.171717171717e-01
v 1.717171717172e-01 0.000000000000e+00 -7.373737373737e-01
v 1.717171717172e-01 0.000000000000e+00 -6.767676767677e-01
v 1.313131313131e-01 0.000000000000e+00 -7.171717171717e-01
v 1.313131313131e-01 0.000000000000e+00 -6.565656565657e-01
v 3.030303030303e-02 0.000000000000e+00 -7.373737373737e-01
v 5.050505050505e-02 0.000000000000e+00 -7.373737373737e-01
v 9.090909090909e-02 0.000000000000e+00 -7.373737373737e-01
v 5.050505050505e-02 0.000000000000e+00 -7.575757575758e-01
v 3.030303030303e-02 0.000000000000e+00 -7.575757575758e-01
v 7.070707070707e-02 0.000000000000e+00 -7.373737373737e-01
v 9.090909090909e-02 0.000000000000e+00 -7.575757575758e-01
v 7.070707070707e-02 0.000000000000e+00 -7.575757575758e-01
v 5.050505050505e-02 0.000000000000e+00 -7.171717171717e-01
v 3.030303030303e-02 0.000000000000e+00 -7.171717171717e-01
v 9.090909090909e-02 0.000000000000e+00 -7.171717171717e-01
v 7.070707070707e-02 0.000000000000e+00 -7.171717171717e-01
v 1.111111111111e-01 0.000000000000e+00 -7.373737373737e-01
v 1.111111111111e-01 0.000000000000e+00 -7.171717171717e-01
v 7.070707070707e-02 0.000000000000e+00 -6.161616161616e-01
v 9.090909090909e-02 0.000000000000e+00 -6.161616161616e-01
v 7.070707070707e-02 0.000000000000e+00 -5.959595959596e-01
v 9.090909090909e-02 0.000000000000e+00 -5.959595959596e-01
v 7.070707070707e-02 0.000000000000e+00 -5.757575757576e-01
v 9.090909090909e-02 0.000000000000e+00 -5.757575757576e-01
v 3.030303030303e-02 0.000000000000e+00 -5.757575757576e-01
v 3.030303030303e-02 0.000000000000e+00 -6.363636363636e-01
v 3.030303030303e-02 0.000000000000e+00 -5.959595959596e-01
v 5.050505050505e-02 0.000000000000e+00 -5.959595959596e-01
v 5.050505050505e-02 0.000000000000e+00 -5.757575757576e-01
v 3.030303030303e-02 0.000000000000e+00 -6.161616161616e-01
v 7.070707070707e-02 0.000000000000e+00 -6.363636363636e-01
v 5.050505050505e-02 0.000000000000e+00 -6.363636363636e-01
v 5.050505050505e-02 0.000000000000e+00 -6.161616161616e-01
v 9.090909090909e-02 0.000000000000e+00 -6.969696969697e-01
v 5.050505050505e-02 0.000000000000e+00 -6.969696969697e-01
v 7.070707070707e-02 0.000000000000e+00 -6.969696969697e-01
v 1.111111111111e-01 0.000000000000e+00 -6.767676767677e-01
v 9.090909090909e-02 0.000000000000e+00 -6.565656565657e-01
v 3.030303030303e-02 0.000000000000e+00 -6.565656565657e-01
v 5.050505050505e-02 0.000000000000e+00 -6.565656565657e-01
v 7.070707070707e-02 0.000000000000e+00 -6.565656565657e-01
v 9.090909090909e-02 0.000000000000e+00 -6.363636363636e-01
v 3.030303030303e-02 0.000000000000e+00 -6.767676767677e-01
v 5.050505050505e-02 0.000000000000e+00 -6.767676767677e-01
v 7.070707070707e-02 0.000000000000e+00 -6.767676767677e-01
v 9.090909090909e-02 0.000000000000e+00 -6.767676767677e-01
v 3.030303030303e-02 0.000000000000e+00 -6.969696969697e-01
v 1.111111111111e-01 0.000000000000e+00 -6.565656565657e-01
v 2.525252525253e-01 0.000000000000e+00 -9.595959595960e-01
v 1.717171717172e-01 0.000000000000e+00 -9.797979797980e-01
v 1.919191919192e-01 0.000000000000e+00 -9.797979797980e-01
v 1.717171717172e-01 0.000000000000e+00 -9.595959595960e-01
v 2.121212121212e-01 0.000000000000e+00 -1.000000000000e+00
v 2.121212121212e-01 0.000000000000e+00 -9.595959595960e-01
v 1.919191919192e-01 0.000000000000e+00 -1.000000000000e+00
v 2.121212121212e-01 0.000000000000e+00 -9.797979797980e-01
v 2.323232323232e-01 0.000000000000e+00 -9.797979797980e-01
v 2.323232323232e-01 0.000000000000e+00 -1.000000000000e+00
v 1.717171717172e-01 0.000000000000e+00 -1.000000000000e+00
v 2.525252525253e-01 0.000000000000e+00 -1.000000000000e+00
v 2.323232323232e-01 0.000000000000e+00 -9.595959595960e-01
v 1.919191919192e-01 0.000000000000e+00 -9.595959595960e-01
v 2.525252525253e-01 0.000000000000e+00 -9.797979797980e-01
v 1.717171717172e-01 0.000000000000e+00 -9.393939393939e-01
v 1.919191919192e-01 0.000000000000e+00 -9.393939393939e-01
v 2.121212121212e-01 0.000000000000e+00 -8.989898989899e-01
v 1.717171717172e-01 0.000000000000e+00 -8.989898989899e-01
v 2.525252525253e-01 0.000000000000e+00 -9.393939393939e-01
v 2.525252525253e-01 0.000000000000e+00 -9.191919191919e-01
v 1.717171717172e-01 0.000000000000e+00 -9.191919191919e-01
v 1.919191919192e-01 0.000000000000e+00 -9.191919191919e-01
v 2.525252525253e-01 0.000000000000e+00 -8.989898989899e-01
v 2.121212121212e-01 0.000000000000e+00 -9.191919191919e-01
v 2.323232323232e-01 0.000000000000e+00 -9.393939393939e-01
v 2.323232323232e-01 0.000000000000e+00 -9.191919191919e-01
v 1.919191919192e-01 0.000000000000e+00 -8.989898989899e-01
v 2.323232323232e-01 0.000000000000e+00 -8.989898989899e-01
v 2.121212121212e-01 0.000000000000e+00 -9.393939393939e-01
v 1.515151515152e-01 0.000000000000e+00 -9.393939393939e-01
v 1.515151515152e-01 0.000000000000e+00 -9.191919191919e-01
v 1.313131313131e-01 0.000000000000e+00 -8.989898989899e-01
v 1.313131313131e-01 0.000000000000e+00 -9.797979797980e-01
v 1.515151515152e-01 0.000000000000e+00 -9.797979797980e-01
v 1.515151515152e-01 0.000000000000e+00 -1.000000000000e+00
v 1.313131313131e-01 0.000000000000e+00 -9.595959595960e-01
v 1.111111111111e-01 0.000000000000e+00 -9.797979797980e-01
v 1.515151515152e-01 0.000000000000e+00 -9.595959595960e-01
v 1.313131313131e-01 0.000000000000e+00 -9.393939393939e-01
v 1.111111111111e-01 0.000000000000e+00 -1.000000000000e+00
v 1.313131313131e-01 0.000000000000e+00 -1.000000000000e+00
v 1.313131313131e-01 0.000000000000e+00 -9.191919191919e-01
v 1.515151515152e-01 0.000000000000e+00 -8.989898989899e-01
v 9.090909090909e-02 0.000000000000e+00 -9.797979797980e-01
v 7.070707070707e-02 0.000000000000e+00 -9.797979797980e-01
v 3.030303030303e-02 0.000000000000e+00 -9.797979797980e-01
v 3.030303030303e-02 0.000000000000e+00 -1.000000000000e+00
v 5.050505050505e-02 0.000000000000e+00 -1.000000000000e+00
v 1.111111111111e-01 0.000000000000e+00 -9.595959595960e-01
v 5.050505050505e-02 0.000000000000e+00 -9.595959595960e-01
v 9.090909090909e-02 0.000000000000e+00 -9.393939393939e-01
v 9.090909090909e-02 0.000000000000e+00 -1.000000000000e+00
v 3.030303030303e-02 0.000000000000e+00 -9.595959595960e-01
v 7.070707070707e-02 0.000000000000e+00 -1.000000000000e+00
v 9.090909090909e-02 0.000000000000e+00 -9.595959595960e-01
v 1.111111111111e-01 0.000000000000e+00 -9.393939393939e-01
v 5.050505050505e-02 0.000000000000e+00 -9.797979797980e-01
v 7.070707070707e-02 0.000000000000e+00 -9.595959595960e-01
v 1.111111111111e-01 0.000000000000e+00 -9.191919191919e-01
v 9.090909090909e-02 0.000000000000e+00 -8.989898989899e-01
v 7.070707070707e-02 0.000000000000e+00 -9.191919191919e-01
v 9.090909090909e-02 0.000000000000e+00 -9.191919191919e-01
v 7.070707070707e-02 0.000000000000e+00 -8.787878787879e-01
v 3.030303030303e-02 0.000000000000e+00 -8.989898989899e-01
v 5.050505050505e-02 0.000000000000e+00 -8.989898989899e-01
v 7.070707070707e-02 0.000000000000e+00 -8.989898989899e-01
v 1.111111111111e-01 0.000000000000e+00 -8.989898989899e-01
v 5.050505050505e-02 0.000000000000e+00 -9.393939393939e-01
v 3.030303030303e-02 0.000000000000e+00 -8.787878787879e-01
v 5.050505050505e-02 0.000000000000e+00 -9.191919191919e-01
v 3.030303030303e-02 0.000000000000e+00 -9.191919191919e-01
v 5.050505050505e-02 0.000000000000e+00 -8.787878787879e-01
v 7.070707070707e-02 0.000000000000e+00 -9.393939393939e-01
v 3.030303030303e-02 0.000000000000e+00 -9.393939393939e-01
v 1.111111111111e-01 0.000000000000e+00 -8.181818181818e-01
v 1.313131313131e-01 0.000000000000e+00 -8.585858585859e-01
v 1.111111111111e-01 0.000000000000e+00 -8.585858585859e-01
v 9.090909090909e-02 0.000000000000e+00 -8.585858585859e-01
v 1.313131313131e-01 0.000000000000e+00 -8.787878787879e-01
v 1.313131313131e-01 0.000000000000e+00 -8.383838383838e-01
v 9.090909090909e-02 0.000000000000e+00 -8.181818181818e-01
v 7.070707070707e-02 0.000000000000e+00 -8.585858585859e-01
v 1.111111111111e-01 0.000000000000e+00 -8.383838383838e-01
v 1.111111111111e-01 0.000000000000e+00 -8.787878787879e-01
v 9.090909090909e-02 0.000000000000e+00 -8.787878787879e-01
v 1.515151515152e-01 0.000000000000e+00 -8.383838383838e-01
v 1.515151515152e-01 0.000000000000e+00 -8.787878787879e-01
v 9.090909090909e-02 0.000000000000e+00 -8.383838383838e-01
v 1.515151515152e-01 0.000000000000e+00 -8.585858585859e-01
v 9.090909090909e-02 0.000000000000e+00 -7.979797979798e-01
v 3.030303030303e-02 0.000000000000e+00 -8.181818181818e-01
v 5.050505050505e-02 0.000000000000e+00 -7.777777777778e-01
v 7.070707070707e-02 0.000000000000e+00 -7.777777777778e-01
v 3.030303030303e-02 0.000000000000e+00 -8.585858585859e-01
v 5.050505050505e-02 0.000000000000e+00 -8.585858585859e-01
v 9.090909090909e-02 0.000000000000e+00 -7.777777777778e-01
v 3.030303030303e-02 0.000000000000e+00 -8.383838383838e-01
v 5.050505050505e-02 0.000000000000e+00 -8.383838383838e-01
v 7.070707070707e-02 0.000000000000e+00 -7.979797979798e-01
v 5.050505050505e-02 0.000000000000e+00 -7.979797979798e-01
v 3.030303030303e-02 0.000000000000e+00 -7.979797979798e-01
v 7.070707070707e-02 0.000000000000e+00 -8.383838383838e-01
v 7.070707070707e-02 0.000000000000e+00 -8.181818181818e-01
v 5.050505050505e-02 0.000000000000e+00 -8.181818181818e-01
v 1.515151515152e-01 0.000000000000e+00 -8.181818181818e-01
v 1.717171717172e-01 0.000000000000e+00 -8.181818181818e-01
v 1.111111111111e-01 0.000000000000e+00 -7.777777777778e-01
v 1.313131313131e-01 0.000000000000e+00 -8.181818181818e-01
v 1.111111111111e-01 0.000000000000e+00 -7.979797979798e-01
v 1.717171717172e-01 0.000000000000e+00 -7.777777777778e-01
v 1.717171717172e-01 0.000000000000e+00 -7.575757575758e-01
v 1.515151515152e-01 0.000000000000e+00 -7.575757575758e-01
v 1.515151515152e-01 0.000000000000e+00 -7.777777777778e-01
v 1.313131313131e-01 0.000000000000e+00 -7.777777777778e-01
v 1.313131313131e-01 0.000000000000e+00 -7.575757575758e-01
v 1.717171717172e-01 0.000000000000e+00 -7.979797979798e-01
v 1.313131313131e-01 0.000000000000e+00 -7.979797979798e-01
v 1.111111111111e-01 0.000000000000e+00 -7.575757575758e-01
v 1.515151515152e-01 0.000000000000e+00 -7.979797979798e-01
v 2.121212121212e-01 0.000000000000e+00 -8.181818181818e-01
v 1.919191919192e-01 0.000000000000e+00 -7.777777777778e-01
v 2.323232323232e-01 0.000000000000e+00 -7.575757575758e-01
v 1.919191919192e-01 0.000000000000e+00 -8.181818181818e-01
v 2.121212121212e-01 0.000000000000e+00 -7.777777777778e-01
v 2.525252525253e-01 0.000000000000e+00 -8.181818181818e-01
v 2.525252525253e-01 0.000000000000e+00 -7.979797979798e-01
v 1.919191919192e-01 0.000000000000e+00 -7.979797979798e-01
v 2.323232323232e-01 0.000000000000e+00 -7.979797979798e-01
v 2.121212121212e-01 0.000000000000e+00 -7.979797979798e-01
v 2.323232323232e-01 0.000000000000e+00 -7.777777777778e-01
v 2.121212121212e-01 0.000000000000e+00 -7.575757575758e-01
v 1.919191919192e-01 0.000000000000e+00 -7.575757575758e-01
v 2.323232323232e-01 0.000000000000e+00 -8.181818181818e-01
v 2.525252525253e-01 0.000000000000e+00 -8.383838383838e-01
v 2.121212121212e-01 0.000000000000e+00 -8.787878787879e-01
v 2.323232323232e-01 0.000000000000e+00 -8.787878787879e-01
v 2.525252525253e-01 0.000000000000e+00 -8.787878787879e-01
v 2.121212121212e-01 0.000000000000e+00 -8.383838383838e-01
v 1.717171717172e-01 0.000000000000e+00 -8.787878787879e-01
v 1.919191919192e-01 0.000000000000e+00 -8.383838383838e-01
v 1.919191919192e-01 0.000000000000e+00 -8.585858585859e-01
v 1.717171717172e-01 0.000000000000e+00 -8.585858585859e-01
v 2.121212121212e-01 0.000000000000e+00 -8.585858585859e-01
v 2.323232323232e-01 0.000000000000e+00 -8.383838383838e-01
v 1.717171717172e-01 0.000000000000e+00 -8.383838383838e-01
v 1.919191919192e-01 0.000000000000e+00 -8.787878787879e-01
v 2.525252525253e-01 0.000000000000e+00 -8.585858585859e-01
v 2.323232323232e-01 0.000000000000e+00 -8.585858585859e-01
v 2.727272727273e-01 0.000000000000e+00 -8.585858585859e-01
v 3.131313131313e-01 0.000000000000e+00 -8.383838383838e-01
v 3.535353535354e-01 0.000000000000e+00 -8.585858585859e-01
v 2.929292929293e-01 0.000000000000e+00 -8.181818181818e-01
v 2.727272727273e-01 0.000000000000e+00 -8.181818181818e-01
v 3.131313131313e-01 0.000000000000e+00 -8.181818181818e-01
v 2.929292929293e-01 0.000000000000e+00 -8.585858585859e-01
v 3.333333333333e-01 0.000000000000e+00 -8.585858585859e-01
v 3.131313131313e-01 0.000000000000e+00 -8.585858585859e-01
v 3.737373737374e-01 0.000000000000e+00 -8.585858585859e-01
v 2.727272727273e-01 0.000000000000e+00 -8.383838383838e-01
v 3.333333333333e-01 0.000000000000e+00 -8.181818181818e-01
v 2.929292929293e-01 0.000000000000e+00 -8.383838383838e-01
v 3.535353535354e-01 0.000000000000e+00 -8.383838383838e-01
v 3.333333333333e-01 0.000000000000e+00 -8.383838383838e-01
v 2.727272727273e-01 0.000000000000e+00 -7.979797979798e-01
v 2.929292929293e-01 0.000000000000e+00 -7.979797979798e-01
v 2.525252525253e-01 0.000000000000e+00 -7.575757575758e-01
v 2.525252525253e-01 0.000000000000e+00 -7.777777777778e-01
v 3.131313131313e-01 0.000000000000e+00 -7.777777777778e-01
v 2.727272727273e-01 0.000000000000e+00 -7.575757575758e-01
v 2.929292929293e-01 0.000000000000e+00 -7.575757575758e-01
v 3.333333333333e-01 0.000000000000e+00 -7.777777777778e-01
v 3.131313131313e-01 0.000000000000e+00 -7.979797979798e-01
v 3.333333333333e-01 0.000000000000e+00 -7.979797979798e-01
v 2.929292929293e-01 0.000000000000e+00 -7.777777777778e-01
v 2.727272727273e-01 0.000000000000e+00 -7.777777777778e-01
v 3.131313131313e-01 0.000000000000e+00 -7.575757575758e-01
v 3.333333333333e-01 0.000000000000e+00 -7.575757575758e-01
v 3.939393939394e-01 0.000000000000e+00 -7.575757575758e-01
v 3.939393939394e-01 0.000000000000e+00 -7.777777777778e-01
v 3.939393939394e-01 0.000000000000e+00 -7.979797979798e-01
v 3.535353535354e-01 0.000000000000e+00 -8.181818181818e-01
v 3.737373737374e-01 0.000000000000e+00 -8.181818181818e-01
v 3.737373737374e-01 0.000000000000e+00 -8.383838383838e-01
v 3.939393939394e-01 0.000000000000e+00 -8.383838383838e-01
v 3.535353535354e-01 0.000000000000e+00 -7.979797979798e-01
v 4.141414141414e-01 0.000000000000e+00 -7.979797979798e-01
v 3.939393939394e-01 0.000000000000e+00 -8.181818181818e-01
v 3.737373737374e-01 0.000000000000e+00 -7.777777777778e-01
v 3.535353535354e-01 0.000000000000e+00 -7.777777777778e-01
v 3.535353535354e-01 0.000000000000e+00 -7.575757575758e-01
v 3.737373737374e-01 0.000000000000e+00 -7.575757575758e-01
v 3.737373737374e-01 0.000000000000e+00 -7.979797979798e-01
v 4.141414141414e-01 0.000000000000e+00 -8.787878787879e-01
v 4.949494949495e-01 0.000000000000e+00 -8.585858585859e-01
v 4.949494949495e-01 0.000000000000e+00 -8.383838383838e-01
v 4.545454545455e-01 0.000000000000e+00 -8.383838383838e-01
v 4.747474747475e-01 0.000000000000e+00 -8.383838383838e-01
v 4.747474747475e-01 0.000000000000e+00 -8.585858585859e-01
v 4.545454545455e-01 0.000000000000e+00 -8.181818181818e-01
v 4.545454545455e-01 0.000000000000e+00 -8.585858585859e-01
v 4.141414141414e-01 0.000000000000e+00 -8.181818181818e-01
v 4.343434343434e-01 0.000000000000e+00 -8.181818181818e-01
v 3.939393939394e-01 0.000000000000e+00 -8.585858585859e-01
v 4.141414141414e-01 0.000000000000e+00 -8.585858585859e-01
v 4.343434343434e-01 0.000000000000e+00 -8.585858585859e-01
v 4.141414141414e-01 0.000000000000e+00 -8.383838383838e-01
v 4.343434343434e-01 0.000000000000e+00 -8.383838383838e-01
v 4.545454545455e-01 0.000000000000e+00 -7.575757575758e-01
v 4.949494949495e-01 0.000000000000e+00 -7.777777777778e-01
v 4.949494949495e-01 0.000000000000e+00 -7.979797979798e-01
v 4.141414141414e-01 0.000000000000e+00 -7.777777777778e-01
v 4.949494949495e-01 0.000000000000e+00 -7.575757575758e-01
v 4.747474747475e-01 0.000000000000e+00 -7.979797979798e-01
v 4.343434343434e-01 0.000000000000e+00 -7.777777777778e-01
v 4.747474747475e-01 0.000000000000e+00 -8.181818181818e-01
v 4.545454545455e-01 0.000000000000e+00 -7.777777777778e-01
v 4.747474747475e-01 0.000000000000e+00 -7.575757575758e-01
v 4.949494949495e-01 0.000000000000e+00 -8.181818181818e-01
v 4.343434343434e-01 0.000000000000e+00 -7.979797979798e-01
v 4.141414141414e-01 0.000000000000e+00 -7.575757575758e-01
v 4.545454545455e-01 0.000000000000e+00 -7.979797979798e-01
v 4.747474747475e-01 0.000000000000e+00 -7.777777777778e-01
v 4.343434343434e-01 0.000000000000e+00 -7.575757575758e-01
v 3.939393939394e-01 0.000000000000e+00 -9.393939393939e-01
v 4.141414141414e-01 0.000000000000e+00 -9.191919191919e-01
v 4.141414141414e-01 0.000000000000e+00 -8.989898989899e-01
v 3.939393939394e-01 0.000000000000e+00 -9.595959595960e-01
v 3.939393939394e-01 0.000000000000e+00 -9.797979797980e-01
v 4.141414141414e-01 0.000000000000e+00 -9.595959595960e-01
v 3.939393939394e-01 0.000000000000e+00 -1.000000000000e+00
v 4.141414141414e-01 0.000000000000e+00 -9.797979797980e-01
v 4.343434343434e-01 0.000000000000e+00 -9.191919191919e-01
v 4.343434343434e-01 0.000000000000e+00 -1.000000000000e+00
v 4.343434343434e-01 0.000000000000e+00 -9.797979797980e-01
v 4.141414141414e-01 0.000000000000e+00 -9.393939393939e-01
v 4.343434343434e-01 0.000000000000e+00 -9.595959595960e-01
v 4.141414141414e-01 0.000000000000e+00 -1.000000000000e+00
v 4.343434343434e-01 0.000000000000e+00 -9.393939393939e-01
v 4.545454545455e-01 0.000000000000e+00 -8.787878787879e-01
v 4.747474747475e-01 0.000000000000e+00 -8.787878787879e-01
v 4.949494949495e-01 0.000000000000e+00 -8.787878787879e-01
v 4.949494949495e-01 0.000000000000e+00 -9.191919191919e-01
v 4.747474747475e-01 0.000000000000e+00 -9.191919191919e-01
v 4.343434343434e-01 0.000000000000e+00 -8.787878787879e-01
v 4.545454545455e-01 0.000000000000e+00 -9.191919191919e-01
v 5.151515151515e-01 0.000000000000e+00 -8.787878787879e-01
v 5.151515151515e-01 0.000000000000e+00 -9.191919191919e-01
v 4.343434343434e-01 0.000000000000e+00 -8.989898989899e-01
v 5.151515151515e-01 0.000000000000e+00 -8.989898989899e-01
v 4.747474747475e-01 0.000000000000e+00 -8.989898989899e-01
v 4.545454545455e-01 0.000000000000e+00 -8.989898989899e-01
v 4.949494949495e-01 0.000000000000e+00 -8.989898989899e-01
v 4.545454545455e-01 0.000000000000e+00 -9.595959595960e-01
v 4.747474747475e-01 0.000000000000e+00 -9.393939393939e-01
v 5.151515151515e-01 0.000000000000e+00 -9.797979797980e-01
v 4.545454545455e-01 0.000000000000e+00 -9.393939393939e-01
v 4.747474747475e-01 0.000000000000e+00 -9.595959595960e-01
v 4.949494949495e-01 0.000000000000e+00 -9.595959595960e-01
v 4.747474747475e-01 0.000000000000e+00 -1.000000000000e+00
v 4.949494949495e-01 0.000000000000e+00 -1.000000000000e+00
v 5.151515151515e-01 0.000000000000e+00 -1.000000000000e+00
v 4.545454545455e-01 0.000000000000e+00 -9.797979797980e-01
v 4.747474747475e-01 0.000000000000e+00 -9.797979797980e-01
v 4.949494949495e-01 0.000000000000e+00 -9.797979797980e-01
v 5.151515151515e-01 0.000000000000e+00 -9.595959595960e-01
v 4.545454545455e-01 0.000000000000e+00 -1.000000000000e+00
v 4.949494949495e-01 0.000000000000e+00 -9.393939393939e-01
v 5.151515151515e-01 0.000000000000e+00 -9.393939393939e-01
v 3.939393939394e-01 0.000000000000e+00 -8.989898989899e-01
v 3.131313131313e-01 0.000000000000e+00 -8.989898989899e-01
v 3.333333333333e-01 0.000000000000e+00 -8.787878787879e-01
v 3.535353535354e-01 0.000000000000e+00 -8.787878787879e-01
v 3.737373737374e-01 0.000000000000e+00 -9.191919191919e-01
v 3.939393939394e-01 0.000000000000e+00 -8.787878787879e-01
v 3.737373737374e-01 0.000000000000e+00 -8.787878787879e-01
v 3.535353535354e-01 0.000000000000e+00 -9.191919191919e-01
v 3.333333333333e-01 0.000000000000e+00 -9.191919191919e-01
v 3.737373737374e-01 0.000000000000e+00 -8.989898989899e-01
v 3.333333333333e-01 0.000000000000e+00 -8.989898989899e-01
v 3.939393939394e-01 0.000000000000e+00 -9.191919191919e-01
v 3.131313131313e-01 0.000000000000e+00 -9.191919191919e-01
v 3.131313131313e-01 0.000000000000e+00 -8.787878787879e-01
v 3.535353535354e-01 0.000000000000e+00 -8.989898989899e-01
v 3.131313131313e-01 0.000000000000e+00 -9.595959595960e-01
v 3.131313131313e-01 0.000000000000e+00 -9.797979797980e-01
v 3.535353535354e-01 0.000000000000e+00 -1.000000000000e+00
v 3.131313131313e-01 0.000000000000e+00 -1.000000000000e+00
v 3.737373737374e-01 0.000000000000e+00 -1.000000000000e+00
v 3.737373737374e-01 0.000000000000e+00 -9.595959595960e-01
v 3.333333333333e-01 0.000000000000e+00 -9.797979797980e-01
v 3.535353535354e-01 0.000000000000e+00 -9.797979797980e-01
v 3.333333333333e-01 0.000000000000e+00 -1.000000000000e+00
v 3.737373737374e-01 0.000000000000e+00 -9.393939393939e-01
v 3.535353535354e-01 0.000000000000e+00 -9.393939393939e-01
v 3.737373737374e-01 0.000000000000e+00 -9.797979797980e-01
v 3.333333333333e-01 0.000000000000e+00 -9.393939393939e-01
v 3.535353535354e-01 0.000000000000e+00 -9.595959595960e-01
v 3.333333333333e-01 0.000000000000e+00 -9.595959595960e-01
v 2.929292929293e-01 0.000000000000e+00 -1.000000000000e+00
v 2.929292929293e-01 0.000000000000e+00 -9.797979797980e-01
v 2.929292929293e-01 0.000000000000e+00 -8.787878787879e-01
v 2.727272727273e-01 0.000000000000e+00 -9.393939393939e-01
v 2.929292929293e-01 0.000000000000e+00 -8.989898989899e-01
v 2.929292929293e-01 0.000000000000e+00 -9.191919191919e-01
v 2.727272727273e-01 0.000000000000e+00 -1.000000000000e+00
v 2.727272727273e-01 0.000000000000e+00 -9.595959595960e-01
v 2.727272727273e-01 0.000000000000e+00 -8.787878787879e-01
v 2.727272727273e-01 0.000000000000e+00 -8.989898989899e-01
v 2.727272727273e-01 0.000000000000e+00 -9.191919191919e-01
v 2.727272727273e-01 0.000000000000e+00 -9.797979797980e-01
v 2.929292929293e-01 0.000000000000e+00 -9.595959595960e-01
v 3.131313131313e-01 0.000000000000e+00 -9.393939393939e-01
v 2.929292929293e-01 0.000000000000e+00 -9.393939393939e-01
v 8.383838383838e-01 0.000000000000e+00 -7.171717171717e-01
v 8.585858585859e-01 0.000000000000e+00 -7.373737373737e-01
v 8.585858585859e-01 0.000000000000e+00 -7.171717171717e-01
v 8.181818181818e-01 0.000000000000e+00 -6.969696969697e-01
v 8.383838383838e-01 0.000000000000e+00 -6.969696969697e-01
v 8.181818181818e-01 0.000000000000e+00 -7.373737373737e-01
v 8.181818181818e-01 0.000000000000e+00 -7.171717171717e-01
v 7.979797979798e-01 0.000000000000e+00 -7.373737373737e-01
v 8.383838383838e-01 0.000000000000e+00 -7.373737373737e-01
v 8.787878787879e-01 0.000000000000e+00 -7.373737373737e-01
v 7.979797979798e-01 0.000000000000e+00 -7.171717171717e-01
v 8.585858585859e-01 0.000000000000e+00 -6.969696969697e-01
v 8.787878787879e-01 0.000000000000e+00 -6.969696969697e-01
v 8.787878787879e-01 0.000000000000e+00 -7.171717171717e-01
v 7.777777777778e-01 0.000000000000e+00 -7.373737373737e-01
v 7.575757575758e-01 0.000000000000e+00 -6.969696969697e-01
v 7.777777777778e-01 0.000000000000e+00 -7.171717171717e-01
v 7.979797979798e-01 0.000000000000e+00 -6.363636363636e-01
v 7.777777777778e-01 0.000000000000e+00 -6.363636363636e-01
v 7.575757575758e-01 0.000000000000e+00 -6.565656565657e-01
v 7.777777777778e-01 0.000000000000e+00 -6.767676767677e-01
v 7.777777777778e-01 0.000000000000e+00 -6.969696969697e-01
v 7.979797979798e-01 0.000000000000e+00 -6.969696969697e-01
v 7.575757575758e-01 0.000000000000e+00 -6.363636363636e-01
v 7.575757575758e-01 0.000000000000e+00 -7.171717171717e-01
v 7.575757575758e-01 0.000000000000e+00 -7.373737373737e-01
v 7.575757575758e-01 0.000000000000e+00 -6.767676767677e-01
v 7.979797979798e-01 0.000000000000e+00 -6.767676767677e-01
v 7.777777777778e-01 0.000000000000e+00 -6.565656565657e-01
v 7.979797979798e-01 0.000000000000e+00 -6.565656565657e-01
v 8.585858585859e-01 0.000000000000e+00 -6.363636363636e-01
v 8.787878787879e-01 0.000000000000e+00 -6.767676767677e-01
v 8.787878787879e-01 0.000000000000e+00 -6.565656565657e-01
v 8.585858585859e-01 0.000000000000e+00 -6.565656565657e-01
v 8.383838383838e-01 0.000000000000e+00 -6.767676767677e-01
v 8.383838383838e-01 0.000000000000e+00 -6.363636363636e-01
v 8.585858585859e-01 0.000000000000e+00 -6.767676767677e-01
v 8.585858585859e-01 0.000000000000e+00 -6.161616161616e-01
v 8.787878787879e-01 0.000000000000e+00 -6.363636363636e-01
v 8.383838383838e-01 0.000000000000e+00 -6.565656565657e-01
v 8.383838383838e-01 0.000000000000e+00 -6.161616161616e-01
v 8.181818181818e-01 0.000000000000e+00 -6.363636363636e-01
v 8.787878787879e-01 0.000000000000e+00 -6.161616161616e-01
v 8.181818181818e-01 0.000000000000e+00 -6.565656565657e-01
v 8.181818181818e-01 0.000000000000e+00 -6.767676767677e-01
v 7.777777777778e-01 0.000000000000e+00 -5.757575757576e-01
v 8.181818181818e-01 0.000000000000e+00 -6.161616161616e-01
v 7.979797979798e-01 0.000000000000e+00 -6.161616161616e-01
v 7.777777777778e-01 0.000000000000e+00 -6.161616161616e-01
v 8.181818181818e-01 0.000000000000e+00 -5.959595959596e-01
v 8.181818181818e-01 0.000000000000e+00 -5.757575757576e-01
v 7.979797979798e-01 0.000000000000e+00 -5.757575757576e-01
v 7.777777777778e-01 0.000000000000e+00 -5.959595959596e-01
v 7.777777777778e-01 0.000000000000e+00 -5.353535353535e-01
v 7.777777777778e-01 0.000000000000e+00 -5.151515151515e-01
v 7.979797979798e-01 0.000000000000e+00 -5.151515151515e-01
v 7.777777777778e-01 0.000000000000e+00 -5.555555555556e-01
v 7.979797979798e-01 0.000000000000e+00 -5.555555555556e-01
v 7.979797979798e-01 0.000000000000e+00 -5.353535353535e-01
v 7.979797979798e-01 0.000000000000e+00 -5.959595959596e-01
v 8.383838383838e-01 0.000000000000e+00 -5.959595959596e-01
v 8.585858585859e-01 0.000000000000e+00 -5.555555555556e-01
v 8.383838383838e-01 0.000000000000e+00 -5.151515151515e-01
v 8.585858585859e-01 0.000000000000e+00 -5.757575757576e-01
v 8.181818181818e-01 0.000000000000e+00 -5.151515151515e-01
v 8.383838383838e-01 0.000000000000e+00 -5.353535353535e-01
v 8.181818181818e-01 0.000000000000e+00 -5.555555555556e-01
v 8.181818181818e-01 0.000000000000e+00 -5.353535353535e-01
v 8.787878787879e-01 0.000000000000e+00 -5.757575757576e-01
v 8.787878787879e-01 0.000000000000e+00 -5.555555555556e-01
v 8.383838383838e-01 0.000000000000e+00 -5.555555555556e-01
v 8.585858585859e-01 0.000000000000e+00 -5.959595959596e-01
v 8.383838383838e-01 0.000000000000e+00 -5.757575757576e-01
v 8.787878787879e-01 0.000000000000e+00 -5.959595959596e-01
v 8.585858585859e-01 0.000000000000e+00 -5.353535353535e-01
v 8.585858585859e-01 0.000000000000e+00 -5.151515151515e-01
v 8.989898989899e-01 0.000000000000e+00 -7.373737373737e-01
v 9.191919191919e-01 0.000000000000e+00 -7.373737373737e-01
v 9.191919191919e-01 0.000000000000e+00 -6.565656565657e-01
v 9.191919191919e-01 0.000000000000e+00 -6.767676767677e-01
v 9.393939393939e-01 0.000000000000e+00 -6.969696969697e-01
v 9.191919191919e-01 0.000000000000e+00 -6.969696969697e-01
v 9.393939393939e-01 0.000000000000e+00 -6.767676767677e-01
v 9.393939393939e-01 0.000000000000e+00 -7.171717171717e-01
v 8.989898989899e-01 0.000000000000e+00 -6.969696969697e-01
v 9.393939393939e-01 0.000000000000e+00 -7.373737373737e-01
v 8.989898989899e-01 0.000000000000e+00 -6.565656565657e-01
v 8.989898989899e-01 0.000000000000e+00 -7.171717171717e-01
v 9.393939393939e-01 0.000000000000e+00 -6.565656565657e-01
v 8.989898989899e-01 0.000000000000e+00 -6.767676767677e-01
v 9.191919191919e-01 0.000000000000e+00 -7.171717171717e-01
v 1.000000000000e+00 0.000000000000e+00 -7.373737373737e-01
v 9.797979797980e-01 0.000000000000e+00 -6.767676767677e-01
v 9.797979797980e-01 0.000000000000e+00 -7.171717171717e-01
v 9.595959595960e-01 0.000000000000e+00 -7.373737373737e-01
v 9.797979797980e-01 0.000000000000e+00 -7.373737373737e-01
v 1.000000000000e+00 0.000000000000e+00 -7.171717171717e-01
v 9.595959595960e-01 0.000000000000e+00 -7.171717171717e-01
v 9.595959595960e-01 0.000000000000e+00 -6.767676767677e-01
v 1.000000000000e+00 0.000000000000e+00 -6.767676767677e-01
v 9.595959595960e-01 0.000000000000e+00 -6.969696969697e-01
v 1.000000000000e+00 0.000000000000e+00 -6.969696969697e-01
v 9.797979797980e-01 0.000000000000e+00 -6.969696969697e-01
v 9.595959595960e-01 0.000000000000e+00 -6.565656565657e-01
v 9.797979797980e-01 0.000000000000e+00 -6.565656565657e-01
v 1.000000000000e+00 0.000000000000e+00 -6.565656565657e-01
v 9.595959595960e-01 0.000000000000e+00 -5.151515151515e-01
v 9.393939393939e-01 0.000000000000e+00 -5.353535353535e-01
v 9.191919191919e-01 0.000000000000e+00 -5.353535353535e-01
v 9.393939393939e-01 0.000000000000e+00 -5.151515151515e-01
v 1.000000000000e+00 0.000000000000e+00 -5.353535353535e-01
v 8.989898989899e-01 0.000000000000e+00 -5.353535353535e-01
v 8.989898989899e-01 0.000000000000e+00 -5.151515151515e-01
v 8.787878787879e-01 0.000000000000e+00 -5.151515151515e-01
v 9.191919191919e-01 0.000000000000e+00 -5.151515151515e-01
v 1.000000000000e+00 0.000000000000e+00 -5.151515151515e-01
v 9.595959595960e-01 0.000000000000e+00 -5.353535353535e-01
v 8.787878787879e-01 0.000000000000e+00 -5.353535353535e-01
v 9.797979797980e-01 0.000000000000e+00 -5.151515151515e-01
v 9.797979797980e-01 0.000000000000e+00 -5.353535353535e-01
v 9.595959595960e-01 0.000000000000e+00 -5.757575757576e-01
v 9.595959595960e-01 0.000000000000e+00 -5.555555555556e-01
v 1.000000000000e+00 0.000000000000e+00 -5.757575757576e-01
v 9.797979797980e-01 0.000000000000e+00 -5.555555555556e-01
v 1.000000000000e+00 0.000000000000e+00 -5.555555555556e-01
v 9.595959595960e-01 0.000000000000e+00 -5.959595959596e-01
v 9.797979797980e-01 0.000000000000e+00 -6.161616161616e-01
v 9.595959595960e-01 0.000000000000e+00 -6.161616161616e-01
v 1.000000000000e+00 0.000000000000e+00 -5.959595959596e-01
v 9.595959595960e-01 0.000000000000e+00 -6.363636363636e-01
v 9.797979797980e-01 0.000000000000e+00 -6.363636363636e-01
v 9.797979797980e-01 0.000000000000e+00 -5.959595959596e-01
v 1.000000000000e+00 0.000000000000e+00 -6.161616161616e-01
v 9.797979797980e-01 0.000000000000e+00 -5.757575757576e-01
v 1.000000000000e+00 0.000000000000e+00 -6.363636363636e-01
v 9.393939393939e-01 0.000000000000e+00 -5.555555555556e-01
v 9.191919191919e-01 0.000000000000e+00 -5.959595959596e-01
v 9.393939393939e-01 0.000000000000e+00 -5.757575757576e-01
v 9.191919191919e-01 0.000000000000e+00 -5.757575757576e-01
v 9.393939393939e-01 0.000000000000e+00 -6.161616161616e-01
v 9.191919191919e-01 0.000000000000e+00 -6.161616161616e-01
v 8.989898989899e-01 0.000000000000e+00 -6.161616161616e-01
v 9.393939393939e-01 0.000000000000e+00 -6.363636363636e-01
v 9.191919191919e-01 0.000000000000e+00 -6.363636363636e-01
v 8.989898989899e-01 0.000000000000e+00 -6.363636363636e-01
v 9.393939393939e-01 0.000000000000e+00 -5.959595959596e-01
v 9.191919191919e-01 0.000000000000e+00 -5.555555555556e-01
v 8.989898989899e-01 0.000000000000e+00 -5.757575757576e-01
v 8.989898989899e-01 0.000000000000e+00 -5.555555555556e-01
v 8.989898989899e-01 0.000000000000e+00 -5.959595959596e-01
v 5.757575757576e-01 0.000000000000e+00 -5.555555555556e-01
v 6.161616161616e-01 0.000000000000e+00 -5.151515151515e-01
v 5.757575757576e-01 0.000000000000e+00 -5.151515151515e-01
v 5.757575757576e-01 0.000000000000e+00 -5.757575757576e-01
v 6.161616161616e-01 0.000000000000e+00 -5.353535353535e-01
v 5.757575757576e-01 0.000000000000e+00 -4.949494949495e-01
v 6.161616161616e-01 0.000000000000e+00 -5.555555555556e-01
v 6.161616161616e-01 0.000000000000e+00 -5.757575757576e-01
v 6.161616161616e-01 0.000000000000e+00 -4.949494949495e-01
v 5.959595959596e-01 0.000000000000e+00 -4.949494949495e-01
v 5.959595959596e-01 0.000000000000e+00 -5.555555555556e-01
v 5.959595959596e-01 0.000000000000e+00 -5.757575757576e-01
v 5.959595959596e-01 0.000000000000e+00 -5.151515151515e-01
v 5.959595959596e-01 0.000000000000e+00 -5.353535353535e-01
v 5.757575757576e-01 0.000000000000e+00 -5.353535353535e-01
v 5.555555555556e-01 0.000000000000e+00 -4.949494949495e-01
v 5.151515151515e-01 0.000000000000e+00 -4.949494949495e-01
v 5.555555555556e-01 0.000000000000e+00 -5.757575757576e-01
v 5.555555555556e-01 0.000000000000e+00 -5.151515151515e-01
v 5.151515151515e-01 0.000000000000e+00 -5.353535353535e-01
v 5.151515151515e-01 0.000000000000e+00 -5.555555555556e-01
v 5.151515151515e-01 0.000000000000e+00 -5.757575757576e-01
v 5.353535353535e-01 0.000000000000e+00 -5.757575757576e-01
v 5.353535353535e-01 0.000000000000e+00 -5.555555555556e-01
v 5.353535353535e-01 0.000000000000e+00 -5.353535353535e-01
v 5.353535353535e-01 0.000000000000e+00 -5.151515151515e-01
v 5.555555555556e-01 0.000000000000e+00 -5.353535353535e-01
v 5.353535353535e-01 0.000000000000e+00 -4.949494949495e-01
v 5.151515151515e-01 0.000000000000e+00 -5.151515151515e-01
v 5.555555555556e-01 0.000000000000e+00 -5.555555555556e-01
v 6.969696969697e-01 0.000000000000e+00 -5.757575757576e-01
v 7.171717171717e-01 0.000000000000e+00 -5.959595959596e-01
v 7.575757575758e-01 0.000000000000e+00 -5.959595959596e-01
v 7.171717171717e-01 0.000000000000e+00 -5.757575757576e-01
v 7.373737373737e-01 0.000000000000e+00 -5.959595959596e-01
v 6.969696969697e-01 0.000000000000e+00 -5.959595959596e-01
v 7.373737373737e-01 0.000000000000e+00 -6.161616161616e-01
v 7.575757575758e-01 0.000000000000e+00 -5.757575757576e-01
v 7.575757575758e-01 0.000000000000e+00 -5.555555555556e-01
v 7.373737373737e-01 0.000000000000e+00 -5.757575757576e-01
v 7.171717171717e-01 0.000000000000e+00 -6.161616161616e-01
v 7.575757575758e-01 0.000000000000e+00 -6.161616161616e-01
v 7.373737373737e-01 0.000000000000e+00 -5.555555555556e-01
v 6.969696969697e-01 0.000000000000e+00 -6.161616161616e-01
v 6.767676767677e-01 0.000000000000e+00 -5.151515151515e-01
v 6.969696969697e-01 0.000000000000e+00 -5.151515151515e-01
v 6.767676767677e-01 0.000000000000e+00 -4.949494949495e-01
v 6.969696969697e-01 0.000000000000e+00 -4.949494949495e-01
v 7.171717171717e-01 0.000000000000e+00 -4.949494949495e-01
v 6.969696969697e-01 0.000000000000e+00 -5.353535353535e-01
v 6.969696969697e-01 0.000000000000e+00 -5.555555555556e-01
v 7.171717171717e-01 0.000000000000e+00 -5.353535353535e-01
v 7.575757575758e-01 0.000000000000e+00 -5.353535353535e-01
v 7.373737373737e-01 0.000000000000e+00 -5.353535353535e-01
v 7.171717171717e-01 0.000000000000e+00 -5.151515151515e-01
v 7.575757575758e-01 0.000000000000e+00 -5.151515151515e-01
v 7.171717171717e-01 0.000000000000e+00 -5.555555555556e-01
v 7.373737373737e-01 0.000000000000e+00 -5.151515151515e-01
v 7.373737373737e-01 0.000000000000e+00 -4.949494949495e-01
v 6.363636363636e-01 0.000000000000e+00 -5.555555555556e-01
v 6.565656565657e-01 0.000000000000e+00 -4.949494949495e-01
v 6.363636363636e-01 0.000000000000e+00 -5.757575757576e-01
v 6.363636363636e-01 0.000000000000e+00 -4.949494949495e-01
v 6.767676767677e-01 0.000000000000e+00 -5.555555555556e-01
v 6.565656565657e-01 0.000000000000e+00 -5.555555555556e-01
v 6.363636363636e-01 0.000000000000e+00 -5.959595959596e-01
v 6.565656565657e-01 0.000000000000e+00 -5.757575757576e-01
v 6.767676767677e-01 0.000000000000e+00 -5.959595959596e-01
v 6.363636363636e-01 0.000000000000e+00 -5.151515151515e-01
v 6.565656565657e-01 0.000000000000e+00 -5.959595959596e-01
v 6.363636363636e-01 0.000000000000e+00 -5.353535353535e-01
v 6.565656565657e-01 0.000000000000e+00 -5.151515151515e-01
v 6.565656565657e-01 0.000000000000e+00 -5.353535353535e-01
v 6.767676767677e-01 0.000000000000e+00 -5.757575757576e-01
v 6.767676767677e-01 0.000000000000e+00 -5.353535353535e-01
v 6.363636363636e-01 0.000000000000e+00 -7.373737373737e-01
v 6.565656565657e-01 0.000000000000e+00 -7.373737373737e-01
v 6.565656565657e-01 0.000000000000e+00 -6.969696969697e-01
v 6.363636363636e-01 0.000000000000e+00 -6.969696969697e-01
v 6.565656565657e-01 0.000000000000e+00 -7.171717171717e-01
v 6.363636363636e-01 0.000000000000e+00 -7.171717171717e-01
v 6.767676767677e-01 0.000000000000e+00 -7.373737373737e-01
v 6.767676767677e-01 0.000000000000e+00 -7.171717171717e-01
v 6.363636363636e-01 0.000000000000e+00 -7.575757575758e-01
v 6.565656565657e-01 0.000000000000e+00 -7.575757575758e-01
v 6.161616161616e-01 0.000000000000e+00 -7.171717171717e-01
v 6.161616161616e-01 0.000000000000e+00 -7.575757575758e-01
v 5.959595959596e-01 0.000000000000e+00 -7.171717171717e-01
v 5.959595959596e-01 0.000000000000e+00 -7.373737373737e-01
v 5.959595959596e-01 0.000000000000e+00 -7.575757575758e-01
v 6.161616161616e-01 0.000000000000e+00 -7.373737373737e-01
v 6.565656565657e-01 0.000000000000e+00 -6.363636363636e-01
v 6.767676767677e-01 0.000000000000e+00 -6.969696969697e-01
v 6.969696969697e-01 0.000000000000e+00 -6.767676767677e-01
v 6.767676767677e-01 0.000000000000e+00 -6.767676767677e-01
v 6.969696969697e-01 0.000000000000e+00 -6.565656565657e-01
v 6.363636363636e-01 0.000000000000e+00 -6.767676767677e-01
v 6.767676767677e-01 0.000000000000e+00 -6.565656565657e-01
v 6.767676767677e-01 0.000000000000e+00 -6.161616161616e-01
v 6.565656565657e-01 0.000000000000e+00 -6.565656565657e-01
v 6.969696969697e-01 0.000000000000e+00 -6.363636363636e-01
v 6.767676767677e-01 0.000000000000e+00 -6.363636363636e-01
v 6.565656565657e-01 0.000000000000e+00 -6.161616161616e-01
v 6.565656565657e-01 0.000000000000e+00 -6.767676767677e-01
v 6.363636363636e-01 0.000000000000e+00 -6.161616161616e-01
v 6.363636363636e-01 0.000000000000e+00 -6.363636363636e-01
v 6.363636363636e-01 0.000000000000e+00 -6.565656565657e-01
v 7.373737373737e-01 0.000000000000e+00 -6.565656565657e-01
v 7.171717171717e-01 0.000000000000e+00 -6.565656565657e-01
v 7.171717171717e-01 0.000000000000e+00 -6.363636363636e-01
v 6.969696969697e-01 0.000000000000e+00 -6.969696969697e-01
v 7.373737373737e-01 0.000000000000e+00 -6.363636363636e-01
v 7.171717171717e-01 0.000000000000e+00 -7.171717171717e-01
v 7.171717171717e-01 0.000000000000e+00 -6.767676767677e-01
v 7.373737373737e-01 0.000000000000e+00 -7.171717171717e-01
v 6.969696969697e-01 0.000000000000e+00 -7.373737373737e-01
v 6.969696969697e-01 0.000000000000e+00 -7.171717171717e-01
v 7.373737373737e-01 0.000000000000e+00 -6.767676767677e-01
v 7.171717171717e-01 0.000000000000e+00 -7.373737373737e-01
v 7.373737373737e-01 0.000000000000e+00 -7.373737373737e-01
v 7.373737373737e-01 0.000000000000e+00 -6.969696969697e-01
v 7.171717171717e-01 0.000000000000e+00 -6.969696969697e-01
v 5.757575757576e-01 0.000000000000e+00 -7.171717171717e-01
v 5.757575757576e-01 0.000000000000e+00 -7.373737373737e-01
v 5.353535353535e-01 0.000000000000e+00 -7.373737373737e-01
v 5.555555555556e-01 0.000000000000e+00 -6.767676767677e-01
v 5.353535353535e-01 0.000000000000e+00 -6.767676767677e-01
v 5.555555555556e-01 0.000000000000e+00 -6.969696969697e-01
v 5.151515151515e-01 0.000000000000e+00 -7.171717171717e-01
v 5.353535353535e-01 0.000000000000e+00 -7.171717171717e-01
v 5.151515151515e-01 0.000000000000e+00 -7.373737373737e-01
v 5.151515151515e-01 0.000000000000e+00 -6.969696969697e-01
v 5.151515151515e-01 0.000000000000e+00 -6.767676767677e-01
v 5.555555555556e-01 0.000000000000e+00 -7.373737373737e-01
v 5.555555555556e-01 0.000000000000e+00 -7.171717171717e-01
v 5.353535353535e-01 0.000000000000e+00 -6.969696969697e-01
v 5.757575757576e-01 0.000000000000e+00 -6.969696969697e-01
v 5.555555555556e-01 0.000000000000e+00 -5.959595959596e-01
v 5.151515151515e-01 0.000000000000e+00 -6.363636363636e-01
v 5.353535353535e-01 0.000000000000e+00 -5.959595959596e-01
v 5.353535353535e-01 0.000000000000e+00 -6.363636363636e-01
v 5.555555555556e-01 0.000000000000e+00 -6.161616161616e-01
v 5.757575757576e-01 0.000000000000e+00 -5.959595959596e-01
v 5.757575757576e-01 0.000000000000e+00 -6.161616161616e-01
v 5.353535353535e-01 0.000000000000e+00 -6.565656565657e-01
v 5.353535353535e-01 0.000000000000e+00 -6.161616161616e-01
v 5.151515151515e-01 0.000000000000e+00 -6.565656565657e-01
v 5.151515151515e-01 0.000000000000e+00 -6.161616161616e-01
v 5.151515151515e-01 0.000000000000e+00 -5.959595959596e-01
v 5.555555555556e-01 0.000000000000e+00 -6.565656565657e-01
v 5.555555555556e-01 0.000000000000e+00 -6.363636363636e-01
v 5.959595959596e-01 0.000000000000e+00 -6.969696969697e-01
v 5.959595959596e-01 0.000000000000e+00 -5.959595959596e-01
v 5.757575757576e-01 0.000000000000e+00 -6.363636363636e-01
v 6.161616161616e-01 0.000000000000e+00 -5.959595959596e-01
v 6.161616161616e-01 0.000000000000e+00 -6.161616161616e-01
v 5.959595959596e-01 0.000000000000e+00 -6.161616161616e-01
v 5.757575757576e-01 0.000000000000e+00 -6.565656565657e-01
v 6.161616161616e-01 0.000000000000e+00 -6.363636363636e-01
v 5.959595959596e-01 0.000000000000e+00 -6.565656565657e-01
v 6.161616161616e-01 0.000000000000e+00 -6.565656565657e-01
v 5.959595959596e-01 0.000000000000e+00 -6.767676767677e-01
v 5.757575757576e-01 0.000000000000e+00 -6.767676767677e-01
v 6.161616161616e-01 0.000000000000e+00 -6.969696969697e-01
v 6.161616161616e-01 0.000000000000e+00 -6.767676767677e-01
v 5.959595959596e-01 0.000000000000e+00 -6.363636363636e-01
v 8.787878787879e-01 0.000000000000e+00 -9.191919191919e-01
v 8.787878787879e-01 0.000000000000e+00 -9.393939393939e-01
v 8.989898989899e-01 0.000000000000e+00 -9.797979797980e-01
v 8.989898989899e-01 0.000000000000e+00 -9.393939393939e-01
v 8.787878787879e-01 0.000000000000e+00 -9.797979797980e-01
v 8.989898989899e-01 0.000000000000e+00 -9.595959595960e-01
v 8.989898989899e-01 0.000000000000e+00 -1.000000000000e+00
v 8.787878787879e-01 0.000000000000e+00 -1.000000000000e+00
v 8.585858585859e-01 0.000000000000e+00 -9.797979797980e-01
v 8.585858585859e-01 0.000000000000e+00 -9.393939393939e-01
v 8.585858585859e-01 0.000000000000e+00 -9.595959595960e-01
v 8.787878787879e-01 0.000000000000e+00 -9.595959595960e-01
v 8.585858585859e-01 0.000000000000e+00 -9.191919191919e-01
v 8.585858585859e-01 0.000000000000e+00 -1.000000000000e+00
v 8.181818181818e-01 0.000000000000e+00 -9.797979797980e-01
v 8.383838383838e-01 0.000000000000e+00 -9.191919191919e-01
v 8.383838383838e-01 0.000000000000e+00 -9.393939393939e-01
v 8.181818181818e-01 0.000000000000e+00 -9.393939393939e-01
v 8.181818181818e-01 0.000000000000e+00 -9.191919191919e-01
v 8.383838383838e-01 0.000000000000e+00 -9.595959595960e-01
v 8.181818181818e-01 0.000000000000e+00 -1.000000000000e+00
v 7.979797979798e-01 0.000000000000e+00 -9.393939393939e-01
v 7.979797979798e-01 0.000000000000e+00 -9.191919191919e-01
v 7.979797979798e-01 0.000000000000e+00 -9.797979797980e-01
v 7.979797979798e-01 0.000000000000e+00 -1.000000000000e+00
v 8.383838383838e-01 0.000000000000e+00 -1.000000000000e+00
v 7.979797979798e-01 0.000000000000e+00 -9.595959595960e-01
v 8.181818181818e-01 0.000000000000e+00 -9.595959595960e-01
v 8.383838383838e-01 0.000000000000e+00 -9.797979797980e-01
v 9.595959595960e-01 0.000000000000e+00 -9.595959595960e-01
v 9.191919191919e-01 0.000000000000e+00 -9.797979797980e-01
v 9.393939393939e-01 0.000000000000e+00 -9.797979797980e-01
v 9.595959595960e-01 0.000000000000e+00 -9.797979797980e-01
v 9.797979797980e-01 0.000000000000e+00 -1.000000000000e+00
v 9.797979797980e-01 0.000000000000e+00 -9.797979797980e-01
v 9.595959595960e-01 0.000000000000e+00 -1.000000000000e+00
v 1.000000000000e+00 0.000000000000e+00 -1.000000000000e+00
v 1.000000000000e+00 0.000000000000e+00 -9.595959595960e-01
v 9.797979797980e-01 0.000000000000e+00 -9.595959595960e-01
v 9.191919191919e-01 0.000000000000e+00 -1.000000000000e+00
v 1.000000000000e+00 0.000000000000e+00 -9.797979797980e-01
v 9.393939393939e-01 0.000000000000e+00 -1.000000000000e+00
v 9.393939393939e-01 0.000000000000e+00 -9.595959595960e-01
v 9.191919191919e-01 0.000000000000e+00 -9.595959595960e-01
v 9.797979797980e-01 0.000000000000e+00 -8.787878787879e-01
v 9.595959595960e-01 0.000000000000e+00 -8.787878787879e-01
v 1.000000000000e+00 0.000000000000e+00 -8.989898989899e-01
v 9.797979797980e-01 0.000000000000e+00 -8.989898989899e-01
v 9.595959595960e-01 0.000000000000e+00 -8.989898989899e-01
v 9.797979797980e-01 0.000000000000e+00 -9.393939393939e-01
v 1.000000000000e+00 0.000000000000e+00 -8.787878787879e-01
v 1.000000000000e+00 0.000000000000e+00 -9.393939393939e-01
v 1.000000000000e+00 0.000000000000e+00 -9.191919191919e-01
v 9.797979797980e-01 0.000000000000e+00 -9.191919191919e-01
v 9.797979797980e-01 0.000000000000e+00 -8.383838383838e-01
v 1.000000000000e+00 0.000000000000e+00 -8.383838383838e-01
v 9.595959595960e-01 0.000000000000e+00 -8.585858585859e-01
v 9.797979797980e-01 0.000000000000e+00 -8.585858585859e-01
v 1.000000000000e+00 0.000000000000e+00 -8.585858585859e-01
v 8.989898989899e-01 0.000000000000e+00 -8.787878787879e-01
v 9.191919191919e-01 0.000000000000e+00 -8.787878787879e-01
v 8.989898989899e-01 0.000000000000e+00 -9.191919191919e-01
v 8.787878787879e-01 0.000000000000e+00 -8.787878787879e-01
v 9.191919191919e-01 0.000000000000e+00 -8.989898989899e-01
v 9.393939393939e-01 0.000000000000e+00 -9.191919191919e-01
v 9.393939393939e-01 0.000000000000e+00 -8.787878787879e-01
v 8.989898989899e-01 0.000000000000e+00 -8.989898989899e-01
v 9.595959595960e-01 0.000000000000e+00 -9.393939393939e-01
v 9.595959595960e-01 0.000000000000e+00 -9.191919191919e-01
v 9.191919191919e-01 0.000000000000e+00 -9.191919191919e-01
v 9.393939393939e-01 0.000000000000e+00 -9.393939393939e-01
v 8.787878787879e-01 0.000000000000e+00 -8.989898989899e-01
v 9.191919191919e-01 0.000000000000e+00 -9.393939393939e-01
v 9.393939393939e-01 0.000000000000e+00 -8.989898989899e-01
v 9.595959595960e-01 0.000000000000e+00 -8.383838383838e-01
v 9.191919191919e-01 0.000000000000e+00 -8.585858585859e-01
v 9.393939393939e-01 0.000000000000e+00 -7.979797979798e-01
v 9.191919191919e-01 0.000000000000e+00 -8.383838383838e-01
v 8.989898989899e-01 0.000000000000e+00 -8.585858585859e-01
v 9.393939393939e-01 0.000000000000e+00 -8.181818181818e-01
v 9.595959595960e-01 0.000000000000e+00 -8.181818181818e-01
v 9.191919191919e-01 0.000000000000e+00 -7.979797979798e-01
v 8.989898989899e-01 0.000000000000e+00 -8.383838383838e-01
v 9.595959595960e-01 0.000000000000e+00 -7.979797979798e-01
v 9.393939393939e-01 0.000000000000e+00 -8.383838383838e-01
v 9.393939393939e-01 0.000000000000e+00 -8.585858585859e-01
v 8.989898989899e-01 0.000000000000e+00 -7.979797979798e-01
v 8.989898989899e-01 0.000000000000e+00 -8.181818181818e-01
v 9.191919191919e-01 0.000000000000e+00 -8.181818181818e-01
v 9.797979797980e-01 0.000000000000e+00 -7.575757575758e-01
v 1.000000000000e+00 0.000000000000e+00 -7.575757575758e-01
v 8.989898989899e-01 0.000000000000e+00 -7.575757575758e-01
v 9.191919191919e-01 0.000000000000e+00 -7.777777777778e-01
v 9.191919191919e-01 0.000000000000e+00 -7.575757575758e-01
v 9.393939393939e-01 0.000000000000e+00 -7.777777777778e-01
v 1.000000000000e+00 0.000000000000e+00 -7.777777777778e-01
v 9.595959595960e-01 0.000000000000e+00 -7.575757575758e-01
v 9.797979797980e-01 0.000000000000e+00 -7.777777777778e-01
v 9.595959595960e-01 0.000000000000e+00 -7.777777777778e-01
v 9.797979797980e-01 0.000000000000e+00 -8.181818181818e-01
v 9.393939393939e-01 0.000000000000e+00 -7.575757575758e-01
v 9.797979797980e-01 0.000000000000e+00 -7.979797979798e-01
v 8.989898989899e-01 0.000000000000e+00 -7.777777777778e-01
v 1.000000000000e+00 0.000000000000e+00 -8.181818181818e-01
v 1.000000000000e+00 0.000000000000e+00 -7.979797979798e-01
v 7.777777777778e-01 0.000000000000e+00 -8.787878787879e-01
v 7.777777777778e-01 0.000000000000e+00 -8.585858585859e-01
v 8.383838383838e-01 0.000000000000e+00 -8.787878787879e-01
v 7.979797979798e-01 0.000000000000e+00 -8.989898989899e-01
v 8.181818181818e-01 0.000000000000e+00 -8.787878787879e-01
v 8.383838383838e-01 0.000000000000e+00 -8.989898989899e-01
v 8.181818181818e-01 0.000000000000e+00 -8.989898989899e-01
v 8.585858585859e-01 0.000000000000e+00 -8.989898989899e-01
v 7.979797979798e-01 0.000000000000e+00 -8.787878787879e-01
v 7.979797979798e-01 0.000000000000e+00 -8.383838383838e-01
v 8.181818181818e-01 0.000000000000e+00 -8.383838383838e-01
v 7.979797979798e-01 0.000000000000e+00 -8.585858585859e-01
v 8.383838383838e-01 0.000000000000e+00 -8.585858585859e-01
v 8.585858585859e-01 0.000000000000e+00 -8.787878787879e-01
v 8.181818181818e-01 0.000000000000e+00 -8.585858585859e-01
v 8.585858585859e-01 0.000000000000e+00 -8.383838383838e-01
v 8.787878787879e-01 0.000000000000e+00 -8.383838383838e-01
v 8.787878787879e-01 0.000000000000e+00 -8.181818181818e-01
v 8.383838383838e-01 0.000000000000e+00 -8.383838383838e-01
v 8.585858585859e-01 0.000000000000e+00 -8.181818181818e-01
v 8.585858585859e-01 0.000000000000e+00 -7.979797979798e-01
v 8.383838383838e-01 0.000000000000e+00 -8.181818181818e-01
v 8.585858585859e-01 0.000000000000e+00 -8.585858585859e-01
v 8.585858585859e-01 0.000000000000e+00 -7.575757575758e-01
v 8.585858585859e-01 0.000000000000e+00 -7.777777777778e-01
v 8.787878787879e-01 0.000000000000e+00 -7.575757575758e-01
v 8.787878787879e-01 0.000000000000e+00 -7.979797979798e-01
v 8.787878787879e-01 0.000000000000e+00 -7.777777777778e-01
v 8.787878787879e-01 0.000000000000e+00 -8.585858585859e-01
v 8.181818181818e-01 0.000000000000e+00 -7.777777777778e-01
v 7.979797979798e-01 0.000000000000e+00 -7.979797979798e-01
v 8.181818181818e-01 0.000000000000e+00 -7.979797979798e-01
v 7.777777777778e-01 0.000000000000e+00 -8.181818181818e-01
v 7.777777777778e-01 0.000000000000e+00 -7.979797979798e-01
v 8.383838383838e-01 0.000000000000e+00 -7.979797979798e-01
v 8.383838383838e-01 0.000000000000e+00 -7.777777777778e-01
v 7.777777777778e-01 0.000000000000e+00 -7.575757575758e-01
v 7.979797979798e-01 0.000000000000e+00 -7.575757575758e-01
v 8.181818181818e-01 0.000000000000e+00 -7.575757575758e-01
v 8.383838383838e-01 0.000000000000e+00 -7.575757575758e-01
v 7.979797979798e-01 0.000000000000e+00 -8.181818181818e-01
v 7.777777777778e-01 0.000000000000e+00 -7.777777777778e-01
v 8.181818181818e-01 0.000000000000e+00 -8.181818181818e-01
v 7.979797979798e-01 0.000000000000e+00 -7.777777777778e-01
v 7.777777777778e-01 0.000000000000e+00 -8.989898989899e-01
v 7.777777777778e-01 0.000000000000e+00 -1.000000000000e+00
v 7.575757575758e-01 0.000000000000e+00 -9.797979797980e-01
v 7.777777777778e-01 0.000000000000e+00 -9.191919191919e-01
v 7.575757575758e-01 0.000000000000e+00 -9.595959595960e-01
v 7.777777777778e-01 0.000000000000e+00 -9.595959595960e-01
v 7.575757575758e-01 0.000000000000e+00 -8.989898989899e-01
v 7.373737373737e-01 0.000000000000e+00 -9.191919191919e-01
v 7.373737373737e-01 0.000000000000e+00 -9.393939393939e-01
v 7.575757575758e-01 0.000000000000e+00 -9.393939393939e-01
v 7.575757575758e-01 0.000000000000e+00 -8.787878787879e-01
v 7.777777777778e-01 0.000000000000e+00 -9.393939393939e-01
v 7.777777777778e-01 0.000000000000e+00 -9.797979797980e-01
v 7.575757575758e-01 0.000000000000e+00 -1.000000000000e+00
v 7.575757575758e-01 0.000000000000e+00 -9.191919191919e-01
v 7.373737373737e-01 0.000000000000e+00 -9.595959595960e-01
v 7.171717171717e-01 0.000000000000e+00 -1.000000000000e+00
v 6.969696969697e-01 0.000000000000e+00 -9.595959595960e-01
v 6.767676767677e-01 0.000000000000e+00 -9.595959595960e-01
v 6.767676767677e-01 0.000000000000e+00 -9.393939393939e-01
v 6.969696969697e-01 0.000000000000e+00 -9.393939393939e-01
v 7.373737373737e-01 0.000000000000e+00 -9.797979797980e-01
v 7.171717171717e-01 0.000000000000e+00 -9.595959595960e-01
v 7.373737373737e-01 0.000000000000e+00 -1.000000000000e+00
v 7.171717171717e-01 0.000000000000e+00 -9.393939393939e-01
v 7.171717171717e-01 0.000000000000e+00 -9.797979797980e-01
v 6.969696969697e-01 0.000000000000e+00 -1.000000000000e+00
v 6.969696969697e-01 0.000000000000e+00 -9.797979797980e-01
v 6.767676767677e-01 0.000000000000e+00 -9.797979797980e-01
v 6.767676767677e-01 0.000000000000e+00 -1.000000000000e+00
v 6.969696969697e-01 0.000000000000e+00 -8.989898989899e-01
v 6.767676767677e-01 0.000000000000e+00 -9.191919191919e-01
v 7.373737373737e-01 0.000000000000e+00 -8.989898989899e-01
v 7.171717171717e-01 0.000000000000e+00 -9.191919191919e-01
v 6.969696969697e-01 0.000000000000e+00 -8.383838383838e-01
v 6.767676767677e-01 0.000000000000e+00 -8.383838383838e-01
v 6.969696969697e-01 0.000000000000e+00 -8.787878787879e-01
v 6.767676767677e-01 0.000000000000e+00 -8.989898989899e-01
v 6.767676767677e-01 0.000000000000e+00 -8.585858585859e-01
v 6.969696969697e-01 0.000000000000e+00 -8.585858585859e-01
v 7.373737373737e-01 0.000000000000e+00 -8.787878787879e-01
v 7.171717171717e-01 0.000000000000e+00 -8.787878787879e-01
v 6.767676767677e-01 0.000000000000e+00 -8.787878787879e-01
v 7.171717171717e-01 0.000000000000e+00 -8.585858585859e-01
v 7.171717171717e-01 0.000000000000e+00 -8.989898989899e-01
v 6.969696969697e-01 0.000000000000e+00 -9.191919191919e-01
v 6.565656565657e-01 0.000000000000e+00 -7.979797979798e-01
v 6.767676767677e-01 0.000000000000e+00 -7.979797979798e-01
v 6.969696969697e-01 0.000000000000e+00 -7.979797979798e-01
v 6.969696969697e-01 0.000000000000e+00 -7.777777777778e-01
v 7.171717171717e-01 0.000000000000e+00 -7.575757575758e-01
v 7.171717171717e-01 0.000000000000e+00 -7.777777777778e-01
v 7.171717171717e-01 0.000000000000e+00 -7.979797979798e-01
v 6.767676767677e-01 0.000000000000e+00 -7.575757575758e-01
v 6.767676767677e-01 0.000000000000e+00 -7.777777777778e-01
v 6.767676767677e-01 0.000000000000e+00 -8.181818181818e-01
v 6.565656565657e-01 0.000000000000e+00 -7.777777777778e-01
v 6.969696969697e-01 0.000000000000e+00 -7.575757575758e-01
v 6.969696969697e-01 0.000000000000e+00 -8.181818181818e-01
v 6.565656565657e-01 0.000000000000e+00 -8.181818181818e-01
v 7.575757575758e-01 0.000000000000e+00 -7.979797979798e-01
v 7.575757575758e-01 0.000000000000e+00 -8.181818181818e-01
v 7.373737373737e-01 0.000000000000e+00 -7.979797979798e-01
v 7.373737373737e-01 0.000000000000e+00 -8.585858585859e-01
v 7.575757575758e-01 0.000000000000e+00 -7.777777777778e-01
v 7.777777777778e-01 0.000000000000e+00 -8.383838383838e-01
v 7.373737373737e-01 0.000000000000e+00 -7.777777777778e-01
v 7.373737373737e-01 0.000000000000e+00 -7.575757575758e-01
v 7.373737373737e-01 0.000000000000e+00 -8.181818181818e-01
v 7.171717171717e-01 0.000000000000e+00 -8.181818181818e-01
v 7.575757575758e-01 0.000000000000e+00 -7.575757575758e-01
v 7.575757575758e-01 0.000000000000e+00 -8.585858585859e-01
v 7.171717171717e-01 0.000000000000e+00 -8.383838383838e-01
v 7.373737373737e-01 0.000000000000e+00 -8.383838383838e-01
v 7.575757575758e-01 0.000000000000e+00 -8.383838383838e-01
v 5.757575757576e-01 0.000000000000e+00 -9.191919191919e-01
v 5.555555555556e-01 0.000000000000e+00 -8.989898989899e-01
v 5.757575757576e-01 0.000000000000e+00 -8.989898989899e-01
v 5.757575757576e-01 0.000000000000e+00 -9.595959595960e-01
v 5.353535353535e-01 0.000000000000e+00 -9.393939393939e-01
v 5.757575757576e-01 0.000000000000e+00 -9.393939393939e-01
v 5.353535353535e-01 0.000000000000e+00 -8.989898989899e-01
v 5.555555555556e-01 0.000000000000e+00 -9.797979797980e-01
v 5.353535353535e-01 0.000000000000e+00 -9.595959595960e-01
v 5.555555555556e-01 0.000000000000e+00 -9.595959595960e-01
v 5.353535353535e-01 0.000000000000e+00 -1.000000000000e+00
v 5.555555555556e-01 0.000000000000e+00 -9.191919191919e-01
v 5.353535353535e-01 0.000000000000e+00 -9.797979797980e-01
v 5.353535353535e-01 0.000000000000e+00 -9.191919191919e-01
v 5.555555555556e-01 0.000000000000e+00 -1.000000000000e+00
v 5.555555555556e-01 0.000000000000e+00 -9.393939393939e-01
v 5.959595959596e-01 0.000000000000e+00 -9.595959595960e-01
v 6.565656565657e-01 0.000000000000e+00 -9.797979797980e-01
v 6.161616161616e-01 0.000000000000e+00 -9.595959595960e-01
v 6.565656565657e-01 0.000000000000e+00 -9.595959595960e-01
v 6.565656565657e-01 0.000000000000e+00 -1.000000000000e+00
v 5.959595959596e-01 0.000000000000e+00 -9.797979797980e-01
v 6.363636363636e-01 0.000000000000e+00 -9.595959595960e-01
v 5.757575757576e-01 0.000000000000e+00 -9.797979797980e-01
v 6.161616161616e-01 0.000000000000e+00 -9.797979797980e-01
v 5.959595959596e-01 0.000000000000e+00 -1.000000000000e+00
v 6.161616161616e-01 0.000000000000e+00 -1.000000000000e+00
v 6.363636363636e-01 0.000000000000e+00 -1.000000000000e+00
v 6.363636363636e-01 0.000000000000e+00 -9.797979797980e-01
v 5.757575757576e-01 0.000000000000e+00 -1.000000000000e+00
v 5.959595959596e-01 0.000000000000e+00 -8.989898989899e-01
v 6.161616161616e-01 0.000000000000e+00 -8.989898989899e-01
v 6.565656565657e-01 0.000000000000e+00 -8.787878787879e-01
v 6.161616161616e-01 0.000000000000e+00 -8.787878787879e-01
v 6.565656565657e-01 0.000000000000e+00 -8.989898989899e-01
v 6.363636363636e-01 0.000000000000e+00 -8.787878787879e-01
v 6.565656565657e-01 0.000000000000e+00 -9.191919191919e-01
v 6.565656565657e-01 0.000000000000e+00 -9.393939393939e-01
v 5.959595959596e-01 0.000000000000e+00 -9.191919191919e-01
v 6.363636363636e-01 0.000000000000e+00 -9.393939393939e-01
v 5.959595959596e-01 0.000000000000e+00 -9.393939393939e-01
v 6.161616161616e-01 0.000000000000e+00 -9.191919191919e-01
v 6.363636363636e-01 0.000000000000e+00 -9.191919191919e-01
v 6.161616161616e-01 0.000000000000e+00 -9.393939393939e-01
v 6.363636363636e-01 0.000000000000e+00 -8.989898989899e-01
v 6.363636363636e-01 0.000000000000e+00 -7.777777777778e-01
v 6.363636363636e-01 0.000000000000e+00 -7.979797979798e-01
v 6.565656565657e-01 0.000000000000e+00 -8.383838383838e-01
v 6.565656565657e-01 0.000000000000e+00 -8.585858585859e-01
v 6.161616161616e-01 0.000000000000e+00 -8.585858585859e-01
v 6.161616161616e-01 0.000000000000e+00 -8.383838383838e-01
v 6.363636363636e-01 0.000000000000e+00 -8.383838383838e-01
v 6.161616161616e-01 0.000000000000e+00 -7.979797979798e-01
v 5.959595959596e-01 0.000000000000e+00 -7.979797979798e-01
v 6.161616161616e-01 0.000000000000e+00 -7.777777777778e-01
v 6.161616161616e-01 0.000000000000e+00 -8.181818181818e-01
v 5.959595959596e-01 0.000000000000e+00 -7.777777777778e-01
v 6.363636363636e-01 0.000000000000e+00 -8.181818181818e-01
v 5.959595959596e-01 0.000000000000e+00 -8.181818181818e-01
v 6.363636363636e-01 0.000000000000e+00 -8.585858585859e-01
v 5.353535353535e-01 0.000000000000e+00 -7.777777777778e-01
v 5.151515151515e-01 0.000000000000e+00 -7.575757575758e-01
v 5.757575757576e-01 0.000000000000e+00 -7.979797979798e-01
v 5.555555555556e-01 0.000000000000e+00 -7.979797979798e-01
v 5.555555555556e-01 0.000000000000e+00 -7.777777777778e-01
v 5.353535353535e-01 0.000000000000e+00 -7.575757575758e-01
v 5.555555555556e-01 0.000000000000e+00 -7.575757575758e-01
v 5.757575757576e-01 0.000000000000e+00 -7.777777777778e-01
v 5.353535353535e-01 0.000000000000e+00 -7.979797979798e-01
v 5.757575757576e-01 0.000000000000e+00 -7.575757575758e-01
v 5.151515151515e-01 0.000000000000e+00 -8.181818181818e-01
v 5.353535353535e-01 0.000000000000e+00 -8.181818181818e-01
v 5.757575757576e-01 0.000000000000e+00 -8.181818181818e-01
v 5.555555555556e-01 0.000000000000e+00 -8.181818181818e-01
v 5.151515151515e-01 0.000000000000e+00 -7.979797979798e-01
v 5.151515151515e-01 0.000000000000e+00 -7.777777777778e-01
v 5.151515151515e-01 0.000000000000e+00 -8.585858585859e-01
v 5.757575757576e-01 0.000000000000e+00 -8.787878787879e-01
v 5.959595959596e-01 0.000000000000e+00 -8.383838383838e-01
v 5.353535353535e-01 0.000000000000e+00 -8.585858585859e-01
v 5.353535353535e-01 0.000000000000e+00 -8.383838383838e-01
v 5.757575757576e-01 0.000000000000e+00 -8.383838383838e-01
v 5.151515151515e-01 0.000000000000e+00 -8.383838383838e-01
v 5.555555555556e-01 0.000000000000e+00 -8.585858585859e-01
v 5.959595959596e-01 0.000000000000e+00 -8.787878787879e-01
v 5.353535353535e-01 0.000000000000e+00 -8.787878787879e-01
v 5.757575757576e-01 0.000000000000e+00 -8.585858585859e-01
v 5.555555555556e-01 0.000000000000e+00 -8.787878787879e-01
v 5.959595959596e-01 0.000000000000e+00 -8.585858585859e-01
v 5.555555555556e-01 0.000000000000e+00 -8.383838383838e-01
v -7.171717171717e-01 0.000000000000e+00 7.373737373737e-01
v -7.373737373737e-01 0.000000000000e+00 7.777777777778e-01
v -6.767676767677e-01 0.000000000000e+00 7.373737373737e-01
v -6.969696969697e-01 0.000000000000e+00 7.373737373737e-01
v -6.767676767677e-01 0.000000000000e+00 7.575757575758e-01
v -6.969696969697e-01 0.000000000000e+00 7.575757575758e-01
v -6.969696969697e-01 0.000000000000e+00 8.181818181818e-01
v -7.171717171717e-01 0.000000000000e+00 7.777777777778e-01
v -7.171717171717e-01 0.000000000000e+00 7.575757575758e-01
v -6.969696969697e-01 0.000000000000e+00 7.979797979798e-01
v -7.373737373737e-01 0.000000000000e+00 7.575757575758e-01
v -7.373737373737e-01 0.000000000000e+00 7.373737373737e-01
v -7.171717171717e-01 0.000000000000e+00 7.979797979798e-01
v -6.969696969697e-01 0.000000000000e+00 7.777777777778e-01
v -6.969696969697e-01 0.000000000000e+00 7.171717171717e-01
v -7.777777777778e-01 0.000000000000e+00 7.777777777778e-01
v -7.979797979798e-01 0.000000000000e+00 7.979797979798e-01
v -7.575757575758e-01 0.000000000000e+00 7.979797979798e-01
v -7.171717171717e-01 0.000000000000e+00 8.181818181818e-01
v -7.373737373737e-01 0.000000000000e+00 8.181818181818e-01
v -7.575757575758e-01 0.000000000000e+00 8.181818181818e-01
v -7.575757575758e-01 0.000000000000e+00 7.777777777778e-01
v -7.979797979798e-01 0.000000000000e+00 7.777777777778e-01
v -7.373737373737e-01 0.000000000000e+00 7.979797979798e-01
v -7.373737373737e-01 0.000000000000e+00 8.383838383838e-01
v -7.171717171717e-01 0.000000000000e+00 8.383838383838e-01
v -7.777777777778e-01 0.000000000000e+00 7.979797979798e-01
v -7.575757575758e-01 0.000000000000e+00 7.575757575758e-01
v -7.979797979798e-01 0.000000000000e+00 7.575757575758e-01
v -7.777777777778e-01 0.000000000000e+00 7.575757575758e-01
v -5.959595959596e-01 0.000000000000e+00 7.373737373737e-01
v -6.161616161616e-01 0.000000000000e+00 7.373737373737e-01
v -6.161616161616e-01 0.000000000000e+00 7.171717171717e-01
v -6.565656565657e-01 0.000000000000e+00 7.373737373737e-01
v -5.757575757576e-01 0.000000000000e+00 7.575757575758e-01
v -5.959595959596e-01 0.000000000000e+00 7.575757575758e-01
v -5.757575757576e-01 0.000000000000e+00 7.373737373737e-01
v -5.555555555556e-01 0.000000000000e+00 7.777777777778e-01
v -5.757575757576e-01 0.000000000000e+00 7.777777777778e-01
v -5.555555555556e-01 0.000000000000e+00 7.373737373737e-01
v -5.555555555556e-01 0.000000000000e+00 7.575757575758e-01
v -6.363636363636e-01 0.000000000000e+00 7.373737373737e-01
v -6.161616161616e-01 0.000000000000e+00 7.575757575758e-01
v -6.161616161616e-01 0.000000000000e+00 7.777777777778e-01
v -5.959595959596e-01 0.000000000000e+00 7.777777777778e-01
v -6.363636363636e-01 0.000000000000e+00 7.575757575758e-01
v -6.565656565657e-01 0.000000000000e+00 7.575757575758e-01
v -6.161616161616e-01 0.000000000000e+00 8.181818181818e-01
v -6.565656565657e-01 0.000000000000e+00 8.383838383838e-01
v -6.767676767677e-01 0.000000000000e+00 8.383838383838e-01
v -6.565656565657e-01 0.000000000000e+00 7.979797979798e-01
v -6.363636363636e-01 0.000000000000e+00 8.181818181818e-01
v -6.363636363636e-01 0.000000000000e+00 7.979797979798e-01
v -6.565656565657e-01 0.000000000000e+00 8.181818181818e-01
v -6.767676767677e-01 0.000000000000e+00 8.181818181818e-01
v -6.767676767677e-01 0.000000000000e+00 7.979797979798e-01
v -6.565656565657e-01 0.000000000000e+00 7.777777777778e-01
v -6.767676767677e-01 0.000000000000e+00 7.777777777778e-01
v -6.363636363636e-01 0.000000000000e+00 7.777777777778e-01
v -6.161616161616e-01 0.000000000000e+00 7.979797979798e-01
v -5.757575757576e-01 0.000000000000e+00 8.585858585859e-01
v -5.757575757576e-01 0.000000000000e+00 7.979797979798e-01
v -6.161616161616e-01 0.000000000000e+00 8.383838383838e-01
v -6.161616161616e-01 0.000000000000e+00 8.585858585859e-01
v -5.959595959596e-01 0.000000000000e+00 7.979797979798e-01
v -5.555555555556e-01 0.000000000000e+00 7.979797979798e-01
v -5.555555555556e-01 0.000000000000e+00 8.585858585859e-01
v -5.555555555556e-01 0.000000000000e+00 8.383838383838e-01
v -5.555555555556e-01 0.000000000000e+00 8.181818181818e-01
v -5.959595959596e-01 0.000000000000e+00 8.383838383838e-01
v -5.757575757576e-01 0.000000000000e+00 8.383838383838e-01
v -5.757575757576e-01 0.000000000000e+00 8.181818181818e-01
v -5.959595959596e-01 0.000000000000e+00 8.181818181818e-01
v -6.363636363636e-01 0.000000000000e+00 8.585858585859e-01
v -6.363636363636e-01 0.000000000000e+00 8.383838383838e-01
v -5.959595959596e-01 0.000000000000e+00 8.585858585859e-01
v -5.757575757576e-01 0.000000000000e+00 9.191919191919e-01
v -5.555555555556e-01 0.000000000000e+00 9.191919191919e-01
v -6.363636363636e-01 0.000000000000e+00 8.989898989899e-01
v -5.757575757576e-01 0.000000000000e+00 8.787878787879e-01
v -5.959595959596e-01 0.000000000000e+00 8.787878787879e-01
v -6.161616161616e-01 0.000000000000e+00 8.787878787879e-01
v -5.555555555556e-01 0.000000000000e+00 8.787878787879e-01
v -6.161616161616e-01 0.000000000000e+00 9.191919191919e-01
v -6.161616161616e-01 0.000000000000e+00 8.989898989899e-01
v -6.363636363636e-01 0.000000000000e+00 8.787878787879e-01
v -5.757575757576e-01 0.000000000000e+00 8.989898989899e-01
v -5.555555555556e-01 0.000000000000e+00 8.989898989899e-01
v -5.959595959596e-01 0.000000000000e+00 9.191919191919e-01
v -5.959595959596e-01 0.000000000000e+00 8.989898989899e-01
v -5.555555555556e-01 0.000000000000e+00 1.000000000000e+00
v -5.757575757576e-01 0.000000000000e+00 1.000000000000e+00
v -5.959595959596e-01 0.000000000000e+00 1.000000000000e+00
v -5.757575757576e-01 0.000000000000e+00 9.797979797980e-01
v -5.555555555556e-01 0.000000000000e+00 9.595959595960e-01
v -6.161616161616e-01 0.000000000000e+00 1.000000000000e+00
v -5.757575757576e-01 0.000000000000e+00 9.595959595960e-01
v -5.555555555556e-01 0.000000000000e+00 9.797979797980e-01
v -5.757575757576e-01 0.000000000000e+00 9.393939393939e-01
v -6.161616161616e-01 0.000000000000e+00 9.393939393939e-01
v -5.959595959596e-01 0.000000000000e+00 9.393939393939e-01
v -6.161616161616e-01 0.000000000000e+00 9.797979797980e-01
v -5.959595959596e-01 0.000000000000e+00 9.797979797980e-01
v -5.959595959596e-01 0.000000000000e+00 9.595959595960e-01
v -6.161616161616e-01 0.000000000000e+00 9.595959595960e-01
v -6.565656565657e-01 0.000000000000e+00 8.585858585859e-01
v -6.767676767677e-01 0.000000000000e+00 8.989898989899e-01
v -7.373737373737e-01 0.000000000000e+00 8.989898989899e-01
v -6.969696969697e-01 0.000000000000e+00 8.989898989899e-01
v -7.171717171717e-01 0.000000000000e+00 8.585858585859e-01
v -7.373737373737e-01 0.000000000000e+00 8.585858585859e-01
v -7.373737373737e-01 0.000000000000e+00 8.787878787879e-01
v -6.969696969697e-01 0.000000000000e+00 8.585858585859e-01
v -6.969696969697e-01 0.000000000000e+00 8.383838383838e-01
v -6.767676767677e-01 0.000000000000e+00 8.585858585859e-01
v -7.171717171717e-01 0.000000000000e+00 8.989898989899e-01
v -6.767676767677e-01 0.000000000000e+00 8.787878787879e-01
v -6.969696969697e-01 0.000000000000e+00 8.787878787879e-01
v -7.171717171717e-01 0.000000000000e+00 8.787878787879e-01
v -6.565656565657e-01 0.000000000000e+00 8.989898989899e-01
v -6.565656565657e-01 0.000000000000e+00 8.787878787879e-01
v -6.565656565657e-01 0.000000000000e+00 9.393939393939e-01
v -6.363636363636e-01 0.000000000000e+00 9.393939393939e-01
v -6.565656565657e-01 0.000000000000e+00 1.000000000000e+00
v -6.363636363636e-01 0.000000000000e+00 9.797979797980e-01
v -6.363636363636e-01 0.000000000000e+00 9.595959595960e-01
v -6.363636363636e-01 0.000000000000e+00 1.000000000000e+00
v -6.767676767677e-01 0.000000000000e+00 9.393939393939e-01
v -6.767676767677e-01 0.000000000000e+00 9.191919191919e-01
v -6.767676767677e-01 0.000000000000e+00 1.000000000000e+00
v -6.363636363636e-01 0.000000000000e+00 9.191919191919e-01
v -6.767676767677e-01 0.000000000000e+00 9.797979797980e-01
v -6.565656565657e-01 0.000000000000e+00 9.797979797980e-01
v -6.767676767677e-01 0.000000000000e+00 9.595959595960e-01
v -6.565656565657e-01 0.000000000000e+00 9.595959595960e-01
v -6.565656565657e-01 0.000000000000e+00 9.191919191919e-01
v -7.171717171717e-01 0.000000000000e+00 9.393939393939e-01
v -6.969696969697e-01 0.000000000000e+00 9.393939393939e-01
v -7.171717171717e-01 0.000000000000e+00 9.797979797980e-01
v -7.373737373737e-01 0.000000000000e+00 9.191919191919e-01
v -7.171717171717e-01 0.000000000000e+00 9.191919191919e-01
v -7.171717171717e-01 0.000000000000e+00 9.595959595960e-01
v -7.373737373737e-01 0.000000000000e+00 9.393939393939e-01
v -7.373737373737e-01 0.000000000000e+00 9.595959595960e-01
v -6.969696969697e-01 0.000000000000e+00 9.595959595960e-01
v -7.171717171717e-01 0.000000000000e+00 1.000000000000e+00
v -6.969696969697e-01 0.000000000000e+00 9.191919191919e-01
v -7.373737373737e-01 0.000000000000e+00 1.000000000000e+00
v -7.373737373737e-01 0.000000000000e+00 9.797979797980e-01
v -6.969696969697e-01 0.000000000000e+00 1.000000000000e+00
v -6.969696969697e-01 0.000000000000e+00 9.797979797980e-01
v -9.393939393939e-01 0.000000000000e+00 8.585858585859e-01
v -8.989898989899e-01 0.000000000000e+00 8.585858585859e-01
v -9.191919191919e-01 0.000000000000e+00 8.383838383838e-01
v -9.191919191919e-01 0.000000000000e+00 7.979797979798e-01
v -9.191919191919e-01 0.000000000000e+00 8.585858585859e-01
v -8.989898989899e-01 0.000000000000e+00 7.979797979798e-01
v -8.989898989899e-01 0.000000000000e+00 7.777777777778e-01
v -8.989898989899e-01 0.000000000000e+00 8.181818181818e-01
v -9.393939393939e-01 0.000000000000e+00 8.383838383838e-01
v -9.191919191919e-01 0.000000000000e+00 7.777777777778e-01
v -9.393939393939e-01 0.000000000000e+00 7.777777777778e-01
v -8.989898989899e-01 0.000000000000e+00 8.383838383838e-01
v -9.393939393939e-01 0.000000000000e+00 7.979797979798e-01
v -9.393939393939e-01 0.000000000000e+00 8.181818181818e-01
v -9.191919191919e-01 0.000000000000e+00 8.181818181818e-01
v -9.595959595960e-01 0.000000000000e+00 7.777777777778e-01
v -9.797979797980e-01 0.000000000000e+00 8.585858585859e-01
v -1.000000000000e+00 0.000000000000e+00 8.181818181818e-01
v -1.000000000000e+00 0.000000000000e+00 7.777777777778e-01
v -9.595959595960e-01 0.000000000000e+00 7.979797979798e-01
v -9.797979797980e-01 0.000000000000e+00 8.383838383838e-01
v -1.000000000000e+00 0.000000000000e+00 8.383838383838e-01
v -9.797979797980e-01 0.000000000000e+00 7.777777777778e-01
v -9.595959595960e-01 0.000000000000e+00 8.585858585859e-01
v -9.797979797980e-01 0.000000000000e+00 8.181818181818e-01
v -9.595959595960e-01 0.000000000000e+00 8.383838383838e-01
v -9.797979797980e-01 0.000000000000e+00 7.979797979798e-01
v -1.000000000000e+00 0.000000000000e+00 8.585858585859e-01
v -9.595959595960e-01 0.000000000000e+00 8.181818181818e-01
v -1.000000000000e+00 0.000000000000e+00 7.979797979798e-01
v -8.787878787879e-01 0.000000000000e+00 9.595959595960e-01
v -9.393939393939e-01 0.000000000000e+00 1.000000000000e+00
v -8.989898989899e-01 0.000000000000e+00 1.000000000000e+00
v -8.787878787879e-01 0.000000000000e+00 9.797979797980e-01
v -8.787878787879e-01 0.000000000000e+00 9.393939393939e-01
v -8.787878787879e-01 0.000000000000e+00 1.000000000000e+00
v -8.989898989899e-01 0.000000000000e+00 9.797979797980e-01
v -9.191919191919e-01 0.000000000000e+00 9.797979797980e-01
v -9.191919191919e-01 0.000000000000e+00 1.000000000000e+00
v -9.393939393939e-01 0.000000000000e+00 9.393939393939e-01
v -9.191919191919e-01 0.000000000000e+00 9.393939393939e-01
v -8.989898989899e-01 0.000000000000e+00 9.393939393939e-01
v -8.989898989899e-01 0.000000000000e+00 9.595959595960e-01
v -9.191919191919e-01 0.000000000000e+00 9.595959595960e-01
v -9.393939393939e-01 0.000000000000e+00 9.595959595960e-01
v -9.393939393939e-01 0.000000000000e+00 9.797979797980e-01
v -1.000000000000e+00 0.000000000000e+00 8.787878787879e-01
v -9.797979797980e-01 0.000000000000e+00 8.787878787879e-01
v -9.393939393939e-01 0.000000000000e+00 8.989898989899e-01
v -8.989898989899e-01 0.000000000000e+00 8.989898989899e-01
v -9.595959595960e-01 0.000000000000e+00 8.989898989899e-01
v -9.797979797980e-01 0.000000000000e+00 8.989898989899e-01
v -1.000000000000e+00 0.000000000000e+00 8.989898989899e-01
v -9.595959595960e-01 0.000000000000e+00 8.787878787879e-01
v -9.191919191919e-01 0.000000000000e+00 8.989898989899e-01
v -9.393939393939e-01 0.000000000000e+00 9.191919191919e-01
v -9.191919191919e-01 0.000000000000e+00 9.191919191919e-01
v -8.989898989899e-01 0.000000000000e+00 9.191919191919e-01
v -9.393939393939e-01 0.000000000000e+00 8.787878787879e-01
v -9.191919191919e-01 0.000000000000e+00 8.787878787879e-01
v -8.989898989899e-01 0.000000000000e+00 8.787878787879e-01
v -1.000000000000e+00 0.000000000000e+00 9.595959595960e-01
v -9.797979797980e-01 0.000000000000e+00 9.797979797980e-01
v -1.000000000000e+00 0.000000000000e+00 9.797979797980e-01
v -9.595959595960e-01 0.000000000000e+00 9.797979797980e-01
v -9.797979797980e-01 0.000000000000e+00 9.595959595960e-01
v -9.595959595960e-01 0.000000000000e+00 9.595959595960e-01
v -9.595959595960e-01 0.000000000000e+00 9.191919191919e-01
v -9.595959595960e-01 0.000000000000e+00 9.393939393939e-01
v -9.797979797980e-01 0.000000000000e+00 9.393939393939e-01
v -1.000000000000e+00 0.000000000000e+00 9.393939393939e-01
v -9.595959595960e-01 0.000000000000e+00 1.000000000000e+00
v -9.797979797980e-01 0.000000000000e+00 1.000000000000e+00
v -9.797979797980e-01 0.000000000000e+00 9.191919191919e-01
v -1.000000000000e+00 0.000000000000e+00 1.000000000000e+00
v -1.000000000000e+00 0.000000000000e+00 9.191919191919e-01
v -7.575757575758e-01 0.000000000000e+00 9.797979797980e-01
v -7.979797979798e-01 0.000000000000e+00 9.191919191919e-01
v -7.777777777778e-01 0.000000000000e+00 9.191919191919e-01
v -7.575757575758e-01 0.000000000000e+00 9.191919191919e-01
v -7.979797979798e-01 0.000000000000e+00 1.000000000000e+00
v -7.777777777778e-01 0.000000000000e+00 9.797979797980e-01
v -7.777777777778e-01 0.000000000000e+00 1.000000000000e+00
v -7.979797979798e-01 0.000000000000e+00 9.797979797980e-01
v -7.979797979798e-01 0.000000000000e+00 9.393939393939e-01
v -7.575757575758e-01 0.000000000000e+00 1.000000000000e+00
v -7.979797979798e-01 0.000000000000e+00 9.595959595960e-01
v -7.575757575758e-01 0.000000000000e+00 9.393939393939e-01
v -7.777777777778e-01 0.000000000000e+00 9.393939393939e-01
v -7.777777777778e-01 0.000000000000e+00 9.595959595960e-01
v -7.575757575758e-01 0.000000000000e+00 9.595959595960e-01
v -8.383838383838e-01 0.000000000000e+00 9.797979797980e-01
v -8.181818181818e-01 0.000000000000e+00 1.000000000000e+00
v -8.383838383838e-01 0.000000000000e+00 1.000000000000e+00
v -8.585858585859e-01 0.000000000000e+00 1.000000000000e+00
v -8.383838383838e-01 0.000000000000e+00 9.595959595960e-01
v -8.181818181818e-01 0.000000000000e+00 9.595959595960e-01
v -8.181818181818e-01 0.000000000000e+00 9.797979797980e-01
v -8.383838383838e-01 0.000000000000e+00 9.393939393939e-01
v -8.181818181818e-01 0.000000000000e+00 9.393939393939e-01
v -8.585858585859e-01 0.000000000000e+00 9.393939393939e-01
v -8.181818181818e-01 0.000000000000e+00 9.191919191919e-01
v -8.383838383838e-01 0.000000000000e+00 9.191919191919e-01
v -8.585858585859e-01 0.000000000000e+00 9.595959595960e-01
v -8.585858585859e-01 0.000000000000e+00 9.797979797980e-01
v -8.181818181818e-01 0.000000000000e+00 7.777777777778e-01
v -8.787878787879e-01 0.000000000000e+00 7.979797979798e-01
v -8.181818181818e-01 0.000000000000e+00 7.979797979798e-01
v -8.585858585859e-01 0.000000000000e+00 7.777777777778e-01
v -8.383838383838e-01 0.000000000000e+00 7.777777777778e-01
v -8.787878787879e-01 0.000000000000e+00 8.383838383838e-01
v -8.787878787879e-01 0.000000000000e+00 7.777777777778e-01
v -8.787878787879e-01 0.000000000000e+00 8.181818181818e-01
v -8.585858585859e-01 0.000000000000e+00 8.181818181818e-01
v -8.585858585859e-01 0.000000000000e+00 8.383838383838e-01
v -8.383838383838e-01 0.000000000000e+00 8.383838383838e-01
v -8.383838383838e-01 0.000000000000e+00 8.181818181818e-01
v -8.383838383838e-01 0.000000000000e+00 7.979797979798e-01
v -8.585858585859e-01 0.000000000000e+00 7.979797979798e-01
v -8.181818181818e-01 0.000000000000e+00 8.181818181818e-01
v -7.777777777778e-01 0.000000000000e+00 8.585858585859e-01
v -7.575757575758e-01 0.000000000000e+00 8.585858585859e-01
v -7.777777777778e-01 0.000000000000e+00 8.787878787879e-01
v -7.777777777778e-01 0.000000000000e+00 8.181818181818e-01
v -7.575757575758e-01 0.000000000000e+00 8.383838383838e-01
v -7.979797979798e-01 0.000000000000e+00 8.787878787879e-01
v -8.181818181818e-01 0.000000000000e+00 8.383838383838e-01
v -7.979797979798e-01 0.000000000000e+00 8.585858585859e-01
v -7.979797979798e-01 0.000000000000e+00 8.181818181818e-01
v -7.777777777778e-01 0.000000000000e+00 8.383838383838e-01
v -7.979797979798e-01 0.000000000000e+00 8.383838383838e-01
v -7.575757575758e-01 0.000000000000e+00 8.787878787879e-01
v -7.979797979798e-01 0.000000000000e+00 8.989898989899e-01
v -7.777777777778e-01 0.000000000000e+00 8.989898989899e-01
v -7.575757575758e-01 0.000000000000e+00 8.989898989899e-01
v -8.787878787879e-01 0.000000000000e+00 8.989898989899e-01
v -8.181818181818e-01 0.000000000000e+00 8.787878787879e-01
v -8.383838383838e-01 0.000000000000e+00 8.787878787879e-01
v -8.585858585859e-01 0.000000000000e+00 8.787878787879e-01
v -8.383838383838e-01 0.000000000000e+00 8.989898989899e-01
v -8.585858585859e-01 0.000000000000e+00 8.989898989899e-01
v -8.181818181818e-01 0.000000000000e+00 8.989898989899e-01
v -8.787878787879e-01 0.000000000000e+00 8.787878787879e-01
v -8.585858585859e-01 0.000000000000e+00 9.191919191919e-01
v -8.787878787879e-01 0.000000000000e+00 8.585858585859e-01
v -8.585858585859e-01 0.000000000000e+00 8.585858585859e-01
v -8.383838383838e-01 0.000000000000e+00 8.585858585859e-01
v -8.181818181818e-01 0.000000000000e+00 8.585858585859e-01
v -8.787878787879e-01 0.000000000000e+00 9.191919191919e-01
v -8.181818181818e-01 0.000000000000e+00 6.969696969697e-01
v -8.181818181818e-01 0.000000000000e+00 6.565656565657e-01
v -8.383838383838e-01 0.000000000000e+00 6.161616161616e-01
v -8.585858585859e-01 0.000000000000e+00 6.969696969697e-01
v -8.383838383838e-01 0.000000000000e+00 6.969696969697e-01
v -8.181818181818e-01 0.000000000000e+00 6.363636363636e-01
v -8.585858585859e-01 0.000000000000e+00 6.161616161616e-01
v -8.181818181818e-01 0.000000000000e+00 6.161616161616e-01
v -8.181818181818e-01 0.000000000000e+00 6.767676767677e-01
v -8.383838383838e-01 0.000000000000e+00 6.767676767677e-01
v -8.585858585859e-01 0.000000000000e+00 6.767676767677e-01
v -8.383838383838e-01 0.000000000000e+00 6.363636363636e-01
v -8.383838383838e-01 0.000000000000e+00 6.565656565657e-01
v -8.585858585859e-01 0.000000000000e+00 6.565656565657e-01
v -8.585858585859e-01 0.000000000000e+00 6.363636363636e-01
v -8.585858585859e-01 0.000000000000e+00 7.373737373737e-01
v -8.383838383838e-01 0.000000000000e+00 7.575757575758e-01
v -8.787878787879e-01 0.000000000000e+00 7.575757575758e-01
v -8.787878787879e-01 0.000000000000e+00 7.171717171717e-01
v -8.787878787879e-01 0.000000000000e+00 7.373737373737e-01
v -8.585858585859e-01 0.000000000000e+00 7.575757575758e-01
v -7.979797979798e-01 0.000000000000e+00 7.171717171717e-01
v -8.181818181818e-01 0.000000000000e+00 7.171717171717e-01
v -8.383838383838e-01 0.000000000000e+00 7.171717171717e-01
v -8.585858585859e-01 0.000000000000e+00 7.171717171717e-01
v -8.181818181818e-01 0.000000000000e+00 7.575757575758e-01
v -7.979797979798e-01 0.000000000000e+00 7.373737373737e-01
v -8.181818181818e-01 0.000000000000e+00 7.373737373737e-01
v -8.383838383838e-01 0.000000000000e+00 7.373737373737e-01
v -1.000000000000e+00 0.000000000000e+00 7.373737373737e-01
v -9.191919191919e-01 0.000000000000e+00 7.575757575758e-01
v -9.393939393939e-01 0.000000000000e+00 7.373737373737e-01
v -9.595959595960e-01 0.000000000000e+00 7.373737373737e-01
v -8.989898989899e-01 0.000000000000e+00 7.575757575758e-01
v -9.797979797980e-01 0.000000000000e+00 7.575757575758e-01
v -8.989898989899e-01 0.000000000000e+00 7.373737373737e-01
v -9.191919191919e-01 0.000000000000e+00 7.373737373737e-01
v -8.989898989899e-01 0.000000000000e+00 7.171717171717e-01
v -9.191919191919e-01 0.000000000000e+00 7.171717171717e-01
v -9.595959595960e-01 0.000000000000e+00 7.575757575758e-01
v -1.000000000000e+00 0.000000000000e+00 7.575757575758e-01
v -9.393939393939e-01 0.000000000000e+00 7.171717171717e-01
v -9.797979797980e-01 0.000000000000e+00 7.373737373737e-01
v -9.393939393939e-01 0.000000000000e+00 7.575757575758e-01
v -9.797979797980e-01 0.000000000000e+00 6.767676767677e-01
v -1.000000000000e+00 0.000000000000e+00 6.767676767677e-01
v -1.000000000000e+00 0.000000000000e+00 6.363636363636e-01
v -1.000000000000e+00 0.000000000000e+00 6.565656565657e-01
v -9.797979797980e-01 0.000000000000e+00 6.565656565657e-01
v -9.797979797980e-01 0.000000000000e+00 7.171717171717e-01
v -9.595959595960e-01 0.000000000000e+00 6.363636363636e-01
v -9.797979797980e-01 0.000000000000e+00 6.969696969697e-01
v -9.595959595960e-01 0.000000000000e+00 6.565656565657e-01
v -1.000000000000e+00 0.000000000000e+00 7.171717171717e-01
v -9.595959595960e-01 0.000000000000e+00 7.171717171717e-01
v -1.000000000000e+00 0.000000000000e+00 6.969696969697e-01
v -9.797979797980e-01 0.000000000000e+00 6.363636363636e-01
v -9.595959595960e-01 0.000000000000e+00 6.969696969697e-01
v -9.595959595960e-01 0.000000000000e+00 6.767676767677e-01
v -8.989898989899e-01 0.000000000000e+00 6.767676767677e-01
v -9.191919191919e-01 0.000000000000e+00 6.363636363636e-01
v -8.787878787879e-01 0.000000000000e+00 6.565656565657e-01
v -8.787878787879e-01 0.000000000000e+00 6.767676767677e-01
v -8.787878787879e-01 0.000000000000e+00 6.363636363636e-01
v -9.393939393939e-01 0.000000000000e+00 6.363636363636e-01
v -8.989898989899e-01 0.000000000000e+00 6.969696969697e-01
v -9.393939393939e-01 0.000000000000e+00 6.565656565657e-01
v -8.787878787879e-01 0.000000000000e+00 6.969696969697e-01
v -9.191919191919e-01 0.000000000000e+00 6.767676767677e-01
v -8.989898989899e-01 0.000000000000e+00 6.363636363636e-01
v -9.393939393939e-01 0.000000000000e+00 6.767676767677e-01
v -9.393939393939e-01 0.000000000000e+00 6.969696969697e-01
v -9.191919191919e-01 0.000000000000e+00 6.969696969697e-01
v -9.191919191919e-01 0.000000000000e+00 6.565656565657e-01
v -8.989898989899e-01 0.000000000000e+00 6.565656565657e-01
v -8.585858585859e-01 0.000000000000e+00 4.747474747475e-01
v -8.585858585859e-01 0.000000000000e+00 4.949494949495e-01
v -8.383838383838e-01 0.000000000000e+00 4.949494949495e-01
v -9.191919191919e-01 0.000000000000e+00 4.747474747475e-01
v -8.787878787879e-01 0.000000000000e+00 4.949494949495e-01
v -8.989898989899e-01 0.000000000000e+00 4.949494949495e-01
v -8.787878787879e-01 0.000000000000e+00 4.747474747475e-01
v -9.191919191919e-01 0.000000000000e+00 4.949494949495e-01
v -8.989898989899e-01 0.000000000000e+00 5.353535353535e-01
v -9.191919191919e-01 0.000000000000e+00 5.151515151515e-01
v -8.989898989899e-01 0.000000000000e+00 4.747474747475e-01
v -8.787878787879e-01 0.000000000000e+00 5.151515151515e-01
v -8.989898989899e-01 0.000000000000e+00 5.151515151515e-01
v -9.191919191919e-01 0.000000000000e+00 5.353535353535e-01
v -8.383838383838e-01 0.000000000000e+00 4.747474747475e-01
v -8.585858585859e-01 0.000000000000e+00 5.353535353535e-01
v -8.787878787879e-01 0.000000000000e+00 5.353535353535e-01
v -8.383838383838e-01 0.000000000000e+00 5.555555555556e-01
v -8.383838383838e-01 0.000000000000e+00 5.959595959596e-01
v -8.383838383838e-01 0.000000000000e+00 5.757575757576e-01
v -8.383838383838e-01 0.000000000000e+00 5.353535353535e-01
v -8.181818181818e-01 0.000000000000e+00 5.555555555556e-01
v -7.979797979798e-01 0.000000000000e+00 5.555555555556e-01
v -8.585858585859e-01 0.000000000000e+00 5.151515151515e-01
v -8.383838383838e-01 0.000000000000e+00 5.151515151515e-01
v -8.181818181818e-01 0.000000000000e+00 5.959595959596e-01
v -8.181818181818e-01 0.000000000000e+00 5.757575757576e-01
v -7.979797979798e-01 0.000000000000e+00 5.757575757576e-01
v -8.585858585859e-01 0.000000000000e+00 5.555555555556e-01
v -8.787878787879e-01 0.000000000000e+00 5.555555555556e-01
v -9.191919191919e-01 0.000000000000e+00 5.555555555556e-01
v -8.989898989899e-01 0.000000000000e+00 5.555555555556e-01
v -9.393939393939e-01 0.000000000000e+00 5.757575757576e-01
v -9.393939393939e-01 0.000000000000e+00 6.161616161616e-01
v -8.787878787879e-01 0.000000000000e+00 5.959595959596e-01
v -9.191919191919e-01 0.000000000000e+00 6.161616161616e-01
v -9.191919191919e-01 0.000000000000e+00 5.757575757576e-01
v -8.585858585859e-01 0.000000000000e+00 5.959595959596e-01
v -8.989898989899e-01 0.000000000000e+00 6.161616161616e-01
v -8.585858585859e-01 0.000000000000e+00 5.757575757576e-01
v -8.787878787879e-01 0.000000000000e+00 5.757575757576e-01
v -8.989898989899e-01 0.000000000000e+00 5.757575757576e-01
v -9.393939393939e-01 0.000000000000e+00 5.959595959596e-01
v -8.989898989899e-01 0.000000000000e+00 5.959595959596e-01
v -8.787878787879e-01 0.000000000000e+00 6.161616161616e-01
v -9.191919191919e-01 0.000000000000e+00 5.959595959596e-01
v -9.595959595960e-01 0.000000000000e+00 5.757575757576e-01
v -1.000000000000e+00 0.000000000000e+00 5.353535353535e-01
v -9.595959595960e-01 0.000000000000e+00 5.555555555556e-01
v -9.797979797980e-01 0.000000000000e+00 5.555555555556e-01
v -1.000000000000e+00 0.000000000000e+00 5.555555555556e-01
v -9.595959595960e-01 0.000000000000e+00 5.959595959596e-01
v -1.000000000000e+00 0.000000000000e+00 6.161616161616e-01
v -9.595959595960e-01 0.000000000000e+00 6.161616161616e-01
v -9.797979797980e-01 0.000000000000e+00 5.353535353535e-01
v -1.000000000000e+00 0.000000000000e+00 5.959595959596e-01
v -1.000000000000e+00 0.000000000000e+00 5.757575757576e-01
v -9.797979797980e-01 0.000000000000e+00 6.161616161616e-01
v -9.797979797980e-01 0.000000000000e+00 5.757575757576e-01
v -9.797979797980e-01 0.000000000000e+00 5.959595959596e-01
v -9.393939393939e-01 0.000000000000e+00 5.555555555556e-01
v -1.000000000000e+00 0.000000000000e+00 5.151515151515e-01
v -9.595959595960e-01 0.000000000000e+00 4.747474747475e-01
v -1.000000000000e+00 0.000000000000e+00 4.747474747475e-01
v -9.797979797980e-01 0.000000000000e+00 4.747474747475e-01
v -9.393939393939e-01 0.000000000000e+00 4.747474747475e-01
v -1.000000000000e+00 0.000000000000e+00 4.949494949495e-01
v -9.797979797980e-01 0.000000000000e+00 4.949494949495e-01
v -9.595959595960e-01 0.000000000000e+00 4.949494949495e-01
v -9.595959595960e-01 0.000000000000e+00 5.353535353535e-01
v -9.393939393939e-01 0.000000000000e+00 4.949494949495e-01
v -9.393939393939e-01 0.000000000000e+00 5.353535353535e-01
v -9.393939393939e-01 0.000000000000e+00 5.151515151515e-01
v -9.595959595960e-01 0.000000000000e+00 5.151515151515e-01
v -9.797979797980e-01 0.000000000000e+00 5.151515151515e-01
v -5.959595959596e-01 0.000000000000e+00 5.757575757576e-01
v -5.757575757576e-01 0.000000000000e+00 5.757575757576e-01
v -5.757575757576e-01 0.000000000000e+00 5.353535353535e-01
v -6.161616161616e-01 0.000000000000e+00 5.757575757576e-01
v -5.959595959596e-01 0.000000000000e+00 5.555555555556e-01
v -5.757575757576e-01 0.000000000000e+00 5.555555555556e-01
v -6.363636363636e-01 0.000000000000e+00 5.353535353535e-01
v -6.363636363636e-01 0.000000000000e+00 5.757575757576e-01
v -5.959595959596e-01 0.000000000000e+00 5.353535353535e-01
v -6.565656565657e-01 0.000000000000e+00 5.353535353535e-01
v -6.161616161616e-01 0.000000000000e+00 5.555555555556e-01
v -6.363636363636e-01 0.000000000000e+00 5.555555555556e-01
v -6.565656565657e-01 0.000000000000e+00 5.555555555556e-01
v -6.565656565657e-01 0.000000000000e+00 5.757575757576e-01
v -6.161616161616e-01 0.000000000000e+00 5.353535353535e-01
v -6.161616161616e-01 0.000000000000e+00 4.747474747475e-01
v -5.757575757576e-01 0.000000000000e+00 5.151515151515e-01
v -6.565656565657e-01 0.000000000000e+00 5.151515151515e-01
v -6.565656565657e-01 0.000000000000e+00 4.747474747475e-01
v -6.565656565657e-01 0.000000000000e+00 4.949494949495e-01
v -6.363636363636e-01 0.000000000000e+00 4.949494949495e-01
v -6.363636363636e-01 0.000000000000e+00 4.747474747475e-01
v -6.363636363636e-01 0.000000000000e+00 5.151515151515e-01
v -6.161616161616e-01 0.000000000000e+00 5.151515151515e-01
v -5.959595959596e-01 0.000000000000e+00 4.747474747475e-01
v -5.757575757576e-01 0.000000000000e+00 4.747474747475e-01
v -5.757575757576e-01 0.000000000000e+00 4.949494949495e-01
v -6.161616161616e-01 0.000000000000e+00 4.949494949495e-01
v -5.959595959596e-01 0.000000000000e+00 4.949494949495e-01
v -5.959595959596e-01 0.000000000000e+00 5.151515151515e-01
v -7.373737373737e-01 0.000000000000e+00 5.353535353535e-01
v -6.969696969697e-01 0.000000000000e+00 5.757575757576e-01
v -6.767676767677e-01 0.000000000000e+00 5.757575757576e-01
v -7.575757575758e-01 0.000000000000e+00 5.757575757576e-01
v -7.373737373737e-01 0.000000000000e+00 5.757575757576e-01
v -7.171717171717e-01 0.000000000000e+00 5.353535353535e-01
v -6.969696969697e-01 0.000000000000e+00 5.555555555556e-01
v -7.373737373737e-01 0.000000000000e+00 5.555555555556e-01
v -6.969696969697e-01 0.000000000000e+00 5.353535353535e-01
v -7.777777777778e-01 0.000000000000e+00 5.757575757576e-01
v -6.767676767677e-01 0.000000000000e+00 5.555555555556e-01
v -7.171717171717e-01 0.000000000000e+00 5.555555555556e-01
v -7.171717171717e-01 0.000000000000e+00 5.757575757576e-01
v -6.767676767677e-01 0.000000000000e+00 5.353535353535e-01
v -6.767676767677e-01 0.000000000000e+00 4.747474747475e-01
v -7.373737373737e-01 0.000000000000e+00 4.747474747475e-01
v -7.575757575758e-01 0.000000000000e+00 4.747474747475e-01
v -6.767676767677e-01 0.000000000000e+00 5.151515151515e-01
v -7.171717171717e-01 0.000000000000e+00 4.949494949495e-01
v -7.373737373737e-01 0.000000000000e+00 4.949494949495e-01
v -7.575757575758e-01 0.000000000000e+00 4.949494949495e-01
v -6.969696969697e-01 0.000000000000e+00 4.949494949495e-01
v -6.767676767677e-01 0.000000000000e+00 4.949494949495e-01
v -6.969696969697e-01 0.000000000000e+00 4.747474747475e-01
v -6.969696969697e-01 0.000000000000e+00 5.151515151515e-01
v -7.171717171717e-01 0.000000000000e+00 5.151515151515e-01
v -7.373737373737e-01 0.000000000000e+00 5.151515151515e-01
v -7.575757575758e-01 0.000000000000e+00 5.151515151515e-01
v -7.171717171717e-01 0.000000000000e+00 4.747474747475e-01
v -7.575757575758e-01 0.000000000000e+00 5.555555555556e-01
v -7.777777777778e-01 0.000000000000e+00 4.747474747475e-01
v -7.777777777778e-01 0.000000000000e+00 5.151515151515e-01
v -8.181818181818e-01 0.000000000000e+00 5.353535353535e-01
v -7.777777777778e-01 0.000000000000e+00 5.555555555556e-01
v -7.979797979798e-01 0.000000000000e+00 4.747474747475e-01
v -8.181818181818e-01 0.000000000000e+00 4.747474747475e-01
v -7.979797979798e-01 0.000000000000e+00 5.353535353535e-01
v -7.777777777778e-01 0.000000000000e+00 5.353535353535e-01
v -7.777777777778e-01 0.000000000000e+00 4.949494949495e-01
v -7.979797979798e-01 0.000000000000e+00 4.949494949495e-01
v -8.181818181818e-01 0.000000000000e+00 4.949494949495e-01
v -8.181818181818e-01 0.000000000000e+00 5.151515151515e-01
v -7.575757575758e-01 0.000000000000e+00 5.353535353535e-01
v -7.979797979798e-01 0.000000000000e+00 5.151515151515e-01
v -5.757575757576e-01 0.000000000000e+00 6.161616161616e-01
v -5.757575757576e-01 0.000000000000e+00 6.363636363636e-01
v -5.555555555556e-01 0.000000000000e+00 6.363636363636e-01
v -5.757575757576e-01 0.000000000000e+00 5.959595959596e-01
v -5.959595959596e-01 0.000000000000e+00 6.161616161616e-01
v -6.161616161616e-01 0.000000000000e+00 6.161616161616e-01
v -6.363636363636e-01 0.000000000000e+00 6.161616161616e-01
v -6.161616161616e-01 0.000000000000e+00 5.959595959596e-01
v -5.959595959596e-01 0.000000000000e+00 5.959595959596e-01
v -6.565656565657e-01 0.000000000000e+00 5.959595959596e-01
v -5.959595959596e-01 0.000000000000e+00 6.363636363636e-01
v -6.161616161616e-01 0.000000000000e+00 6.363636363636e-01
v -5.555555555556e-01 0.000000000000e+00 6.161616161616e-01
v -6.363636363636e-01 0.000000000000e+00 5.959595959596e-01
v -6.565656565657e-01 0.000000000000e+00 6.161616161616e-01
v -5.959595959596e-01 0.000000000000e+00 6.969696969697e-01
v -6.161616161616e-01 0.000000000000e+00 6.969696969697e-01
v -5.555555555556e-01 0.000000000000e+00 6.767676767677e-01
v -5.757575757576e-01 0.000000000000e+00 6.767676767677e-01
v -6.161616161616e-01 0.000000000000e+00 6.767676767677e-01
v -5.555555555556e-01 0.000000000000e+00 6.565656565657e-01
v -5.757575757576e-01 0.000000000000e+00 6.565656565657e-01
v -5.959595959596e-01 0.000000000000e+00 6.565656565657e-01
v -6.161616161616e-01 0.000000000000e+00 6.565656565657e-01
v -5.757575757576e-01 0.000000000000e+00 7.171717171717e-01
v -5.959595959596e-01 0.000000000000e+00 7.171717171717e-01
v -5.757575757576e-01 0.000000000000e+00 6.969696969697e-01
v -5.555555555556e-01 0.000000000000e+00 7.171717171717e-01
v -5.555555555556e-01 0.000000000000e+00 6.969696969697e-01
v -5.959595959596e-01 0.000000000000e+00 6.767676767677e-01
v -6.767676767677e-01 0.000000000000e+00 6.767676767677e-01
v -6.565656565657e-01 0.000000000000e+00 6.565656565657e-01
v -6.767676767677e-01 0.000000000000e+00 6.565656565657e-01
v -6.767676767677e-01 0.000000000000e+00 6.969696969697e-01
v -6.363636363636e-01 0.000000000000e+00 6.363636363636e-01
v -6.363636363636e-01 0.000000000000e+00 6.565656565657e-01
v -6.767676767677e-01 0.000000000000e+00 7.171717171717e-01
v -6.363636363636e-01 0.000000000000e+00 7.171717171717e-01
v -6.363636363636e-01 0.000000000000e+00 6.767676767677e-01
v -6.565656565657e-01 0.000000000000e+00 6.363636363636e-01
v -6.363636363636e-01 0.000000000000e+00 6.969696969697e-01
v -6.565656565657e-01 0.000000000000e+00 6.969696969697e-01
v -6.565656565657e-01 0.000000000000e+00 7.171717171717e-01
v -6.565656565657e-01 0.000000000000e+00 6.767676767677e-01
v -6.767676767677e-01 0.000000000000e+00 5.959595959596e-01
v -6.767676767677e-01 0.000000000000e+00 6.161616161616e-01
v -6.969696969697e-01 0.000000000000e+00 6.565656565657e-01
v -6.767676767677e-01 0.000000000000e+00 6.363636363636e-01
v -6.969696969697e-01 0.000000000000e+00 6.363636363636e-01
v -7.171717171717e-01 0.000000000000e+00 6.161616161616e-01
v -7.373737373737e-01 0.000000000000e+00 6.565656565657e-01
v -7.171717171717e-01 0.000000000000e+00 6.565656565657e-01
v -7.171717171717e-01 0.000000000000e+00 5.959595959596e-01
v -7.373737373737e-01 0.000000000000e+00 6.161616161616e-01
v -7.373737373737e-01 0.000000000000e+00 5.959595959596e-01
v -7.373737373737e-01 0.000000000000e+00 6.363636363636e-01
v -7.171717171717e-01 0.000000000000e+00 6.363636363636e-01
v -6.969696969697e-01 0.000000000000e+00 5.959595959596e-01
v -6.969696969697e-01 0.000000000000e+00 6.161616161616e-01
v -7.777777777778e-01 0.000000000000e+00 6.363636363636e-01
v -7.575757575758e-01 0.000000000000e+00 6.161616161616e-01
v -7.979797979798e-01 0.000000000000e+00 6.161616161616e-01
v -7.575757575758e-01 0.000000000000e+00 5.959595959596e-01
v -7.575757575758e-01 0.000000000000e+00 6.363636363636e-01
v -7.575757575758e-01 0.000000000000e+00 6.565656565657e-01
v -7.979797979798e-01 0.000000000000e+00 5.959595959596e-01
v -7.777777777778e-01 0.000000000000e+00 5.959595959596e-01
v -7.979797979798e-01 0.000000000000e+00 6.767676767677e-01
v -7.777777777778e-01 0.000000000000e+00 6.161616161616e-01
v -7.777777777778e-01 0.000000000000e+00 6.767676767677e-01
v -7.979797979798e-01 0.000000000000e+00 6.363636363636e-01
v -7.979797979798e-01 0.000000000000e+00 6.565656565657e-01
v -7.777777777778e-01 0.000000000000e+00 6.565656565657e-01
v -7.979797979798e-01 0.000000000000e+00 6.969696969697e-01
v -7.575757575758e-01 0.000000000000e+00 7.171717171717e-01
v -7.171717171717e-01 0.000000000000e+00 6.969696969697e-01
v -7.373737373737e-01 0.000000000000e+00 6.969696969697e-01
v -7.373737373737e-01 0.000000000000e+00 7.171717171717e-01
v -6.969696969697e-01 0.000000000000e+00 6.767676767677e-01
v -7.171717171717e-01 0.000000000000e+00 7.171717171717e-01
v -7.777777777778e-01 0.000000000000e+00 7.171717171717e-01
v -7.777777777778e-01 0.000000000000e+00 6.969696969697e-01
v -7.575757575758e-01 0.000000000000e+00 6.969696969697e-01
v -7.373737373737e-01 0.000000000000e+00 6.767676767677e-01
v -7.777777777778e-01 0.000000000000e+00 7.373737373737e-01
v -7.575757575758e-01 0.000000000000e+00 6.767676767677e-01
v -7.575757575758e-01 0.000000000000e+00 7.373737373737e-01
v -6.969696969697e-01 0.000000000000e+00 6.969696969697e-01
v -7.171717171717e-01 0.000000000000e+00 6.767676767677e-01
v -7.070707070707e-02 0.000000000000e+00 7.171717171717e-01
v -9.090909090909e-02 0.000000000000e+00 7.575757575758e-01
v -7.070707070707e-02 0.000000000000e+00 7.575757575758e-01
v -7.070707070707e-02 0.000000000000e+00 7.373737373737e-01
v -5.050505050505e-02 0.000000000000e+00 7.575757575758e-01
v -7.070707070707e-02 0.000000000000e+00 7.777777777778e-01
v -5.050505050505e-02 0.000000000000e+00 7.777777777778e-01
v -7.070707070707e-02 0.000000000000e+00 6.969696969697e-01
v -9.090909090909e-02 0.000000000000e+00 7.373737373737e-01
v -5.050505050505e-02 0.000000000000e+00 7.373737373737e-01
v -9.090909090909e-02 0.000000000000e+00 7.171717171717e-01
v -5.050505050505e-02 0.000000000000e+00 6.969696969697e-01
v -5.050505050505e-02 0.000000000000e+00 7.171717171717e-01
v -9.090909090909e-02 0.000000000000e+00 6.969696969697e-01
v -1.111111111111e-01 0.000000000000e+00 7.171717171717e-01
v -1.515151515152e-01 0.000000000000e+00 7.373737373737e-01
v -1.717171717172e-01 0.000000000000e+00 7.373737373737e-01
v -1.111111111111e-01 0.000000000000e+00 6.969696969697e-01
v -1.111111111111e-01 0.000000000000e+00 7.373737373737e-01
v -1.515151515152e-01 0.000000000000e+00 6.969696969697e-01
v -1.717171717172e-01 0.000000000000e+00 6.969696969697e-01
v -1.515151515152e-01 0.000000000000e+00 7.575757575758e-01
v -1.717171717172e-01 0.000000000000e+00 7.575757575758e-01
v -1.313131313131e-01 0.000000000000e+00 7.575757575758e-01
v -1.717171717172e-01 0.000000000000e+00 7.171717171717e-01
v -1.313131313131e-01 0.000000000000e+00 7.373737373737e-01
v -1.313131313131e-01 0.000000000000e+00 6.969696969697e-01
v -1.515151515152e-01 0.000000000000e+00 7.171717171717e-01
v -1.313131313131e-01 0.000000000000e+00 7.171717171717e-01
v -1.111111111111e-01 0.000000000000e+00 7.575757575758e-01
v -2.525252525253e-01 0.000000000000e+00 6.363636363636e-01
v -2.727272727273e-01 0.000000000000e+00 6.363636363636e-01
v -2.929292929293e-01 0.000000000000e+00 6.363636363636e-01
v -2.727272727273e-01 0.000000000000e+00 6.565656565657e-01
v -2.929292929293e-01 0.000000000000e+00 6.767676767677e-01
v -2.727272727273e-01 0.000000000000e+00 6.767676767677e-01
v -2.525252525253e-01 0.000000000000e+00 6.767676767677e-01
v -2.525252525253e-01 0.000000000000e+00 6.565656565657e-01
v -3.131313131313e-01 0.000000000000e+00 6.363636363636e-01
v -3.131313131313e-01 0.000000000000e+00 6.565656565657e-01
v -3.131313131313e-01 0.000000000000e+00 6.767676767677e-01
v -2.929292929293e-01 0.000000000000e+00 6.565656565657e-01
v -2.929292929293e-01 0.000000000000e+00 6.161616161616e-01
v -2.727272727273e-01 0.000000000000e+00 6.161616161616e-01
v -2.323232323232e-01 0.000000000000e+00 6.565656565657e-01
v -2.323232323232e-01 0.000000000000e+00 7.171717171717e-01
v -1.919191919192e-01 0.000000000000e+00 7.575757575758e-01
v -2.121212121212e-01 0.000000000000e+00 6.767676767677e-01
v -2.121212121212e-01 0.000000000000e+00 6.565656565657e-01
v -1.919191919192e-01 0.000000000000e+00 7.171717171717e-01
v -2.323232323232e-01 0.000000000000e+00 6.767676767677e-01
v -1.919191919192e-01 0.000000000000e+00 7.373737373737e-01
v -2.121212121212e-01 0.000000000000e+00 7.373737373737e-01
v -2.121212121212e-01 0.000000000000e+00 7.171717171717e-01
v -2.121212121212e-01 0.000000000000e+00 6.969696969697e-01
v -2.323232323232e-01 0.000000000000e+00 7.373737373737e-01
v -1.919191919192e-01 0.000000000000e+00 6.969696969697e-01
v -2.323232323232e-01 0.000000000000e+00 7.575757575758e-01
v -2.323232323232e-01 0.000000000000e+00 6.969696969697e-01
v -2.121212121212e-01 0.000000000000e+00 7.575757575758e-01
v -2.929292929293e-01 0.000000000000e+00 7.171717171717e-01
v -3.131313131313e-01 0.000000000000e+00 7.373737373737e-01
v -2.727272727273e-01 0.000000000000e+00 7.575757575758e-01
v -2.929292929293e-01 0.000000000000e+00 7.575757575758e-01
v -3.131313131313e-01 0.000000000000e+00 7.575757575758e-01
v -2.727272727273e-01 0.000000000000e+00 6.969696969697e-01
v -2.727272727273e-01 0.000000000000e+00 7.171717171717e-01
v -2.727272727273e-01 0.000000000000e+00 7.373737373737e-01
v -2.929292929293e-01 0.000000000000e+00 7.373737373737e-01
v -2.929292929293e-01 0.000000000000e+00 6.969696969697e-01
v -3.131313131313e-01 0.000000000000e+00 6.969696969697e-01
v -2.525252525253e-01 0.000000000000e+00 7.373737373737e-01
v -2.525252525253e-01 0.000000000000e+00 7.171717171717e-01
v -3.131313131313e-01 0.000000000000e+00 7.171717171717e-01
v -2.525252525253e-01 0.000000000000e+00 6.969696969697e-01
v -1.111111111111e-01 0.000000000000e+00 6.767676767677e-01
v -1.111111111111e-01 0.000000000000e+00 6.565656565657e-01
v -9.090909090909e-02 0.000000000000e+00 6.161616161616e-01
v -7.070707070707e-02 0.000000000000e+00 6.363636363636e-01
v -1.111111111111e-01 0.000000000000e+00 6.363636363636e-01
v -5.050505050505e-02 0.000000000000e+00 6.363636363636e-01
v -9.090909090909e-02 0.000000000000e+00 6.565656565657e-01
v -9.090909090909e-02 0.000000000000e+00 6.767676767677e-01
v -9.090909090909e-02 0.000000000000e+00 6.363636363636e-01
v -5.050505050505e-02 0.000000000000e+00 6.767676767677e-01
v -1.111111111111e-01 0.000000000000e+00 6.161616161616e-01
v -7.070707070707e-02 0.000000000000e+00 6.767676767677e-01
v -7.070707070707e-02 0.000000000000e+00 6.565656565657e-01
v -5.050505050505e-02 0.000000000000e+00 6.565656565657e-01
v -1.111111111111e-01 0.000000000000e+00 5.959595959596e-01
v -5.050505050505e-02 0.000000000000e+00 5.555555555556e-01
v -1.111111111111e-01 0.000000000000e+00 5.757575757576e-01
v -7.070707070707e-02 0.000000000000e+00 5.959595959596e-01
v -5.050505050505e-02 0.000000000000e+00 5.959595959596e-01
v -9.090909090909e-02 0.000000000000e+00 5.555555555556e-01
v -7.070707070707e-02 0.000000000000e+00 5.555555555556e-01
v -9.090909090909e-02 0.000000000000e+00 5.757575757576e-01
v -1.111111111111e-01 0.000000000000e+00 5.555555555556e-01
v -9.090909090909e-02 0.000000000000e+00 5.959595959596e-01
v -5.050505050505e-02 0.000000000000e+00 5.757575757576e-01
v -5.050505050505e-02 0.000000000000e+00 6.161616161616e-01
v -7.070707070707e-02 0.000000000000e+00 5.757575757576e-01
v -7.070707070707e-02 0.000000000000e+00 6.161616161616e-01
v -1.313131313131e-01 0.000000000000e+00 6.363636363636e-01
v -1.515151515152e-01 0.000000000000e+00 6.161616161616e-01
v -1.313131313131e-01 0.000000000000e+00 6.161616161616e-01
v -1.919191919192e-01 0.000000000000e+00 6.767676767677e-01
v -1.717171717172e-01 0.000000000000e+00 6.767676767677e-01
v -1.515151515152e-01 0.000000000000e+00 6.565656565657e-01
v -1.919191919192e-01 0.000000000000e+00 6.161616161616e-01
v -1.717171717172e-01 0.000000000000e+00 6.565656565657e-01
v -1.515151515152e-01 0.000000000000e+00 6.767676767677e-01
v -1.313131313131e-01 0.000000000000e+00 6.767676767677e-01
v -1.919191919192e-01 0.000000000000e+00 6.565656565657e-01
v -1.919191919192e-01 0.000000000000e+00 6.363636363636e-01
v -1.515151515152e-01 0.000000000000e+00 6.363636363636e-01
v -1.313131313131e-01 0.000000000000e+00 6.565656565657e-01
v -1.717171717172e-01 0.000000000000e+00 6.363636363636e-01
v -1.717171717172e-01 0.000000000000e+00 6.161616161616e-01
v -1.313131313131e-01 0.000000000000e+00 5.757575757576e-01
v -1.515151515152e-01 0.000000000000e+00 5.959595959596e-01
v -1.313131313131e-01 0.000000000000e+00 5.555555555556e-01
v -1.717171717172e-01 0.000000000000e+00 5.959595959596e-01
v -1.717171717172e-01 0.000000000000e+00 5.757575757576e-01
v -2.121212121212e-01 0.000000000000e+00 5.757575757576e-01
v -1.919191919192e-01 0.000000000000e+00 5.757575757576e-01
v -2.121212121212e-01 0.000000000000e+00 5.555555555556e-01
v -1.919191919192e-01 0.000000000000e+00 5.959595959596e-01
v -1.919191919192e-01 0.000000000000e+00 5.555555555556e-01
v -1.717171717172e-01 0.000000000000e+00 5.555555555556e-01
v -1.515151515152e-01 0.000000000000e+00 5.555555555556e-01
v -1.313131313131e-01 0.000000000000e+00 5.959595959596e-01
v -1.515151515152e-01 0.000000000000e+00 5.757575757576e-01
v -2.323232323232e-01 0.000000000000e+00 6.161616161616e-01
v -2.323232323232e-01 0.000000000000e+00 5.757575757576e-01
v -2.121212121212e-01 0.000000000000e+00 5.959595959596e-01
v -2.525252525253e-01 0.000000000000e+00 5.757575757576e-01
v -2.525252525253e-01 0.000000000000e+00 6.161616161616e-01
v -2.727272727273e-01 0.000000000000e+00 5.757575757576e-01
v -2.525252525253e-01 0.000000000000e+00 5.959595959596e-01
v -2.525252525253e-01 0.000000000000e+00 5.555555555556e-01
v -2.727272727273e-01 0.000000000000e+00 5.555555555556e-01
v -2.727272727273e-01 0.000000000000e+00 5.959595959596e-01
v -2.323232323232e-01 0.000000000000e+00 6.363636363636e-01
v -2.121212121212e-01 0.000000000000e+00 6.363636363636e-01
v -2.323232323232e-01 0.000000000000e+00 5.555555555556e-01
v -2.323232323232e-01 0.000000000000e+00 5.959595959596e-01
v -2.121212121212e-01 0.000000000000e+00 6.161616161616e-01
v -7.070707070707e-02 0.000000000000e+00 1.000000000000e+00
v -9.090909090909e-02 0.000000000000e+00 9.797979797980e-01
v -7.070707070707e-02 0.000000000000e+00 9.595959595960e-01
v -5.050505050505e-02 0.000000000000e+00 9.595959595960e-01
v -5.050505050505e-02 0.000000000000e+00 9.797979797980e-01
v -9.090909090909e-02 0.000000000000e+00 9.393939393939e-01
v -5.050505050505e-02 0.000000000000e+00 1.000000000000e+00
v -9.090909090909e-02 0.000000000000e+00 1.000000000000e+00
v -7.070707070707e-02 0.000000000000e+00 9.393939393939e-01
v -5.050505050505e-02 0.000000000000e+00 9.393939393939e-01
v -7.070707070707e-02 0.000000000000e+00 9.797979797980e-01
v -7.070707070707e-02 0.000000000000e+00 9.191919191919e-01
v -9.090909090909e-02 0.000000000000e+00 9.595959595960e-01
v -5.050505050505e-02 0.000000000000e+00 9.191919191919e-01
v -9.090909090909e-02 0.000000000000e+00 9.191919191919e-01
v -1.515151515152e-01 0.000000000000e+00 9.191919191919e-01
v -1.515151515152e-01 0.000000000000e+00 9.393939393939e-01
v -1.515151515152e-01 0.000000000000e+00 1.000000000000e+00
v -1.515151515152e-01 0.000000000000e+00 9.797979797980e-01
v -1.313131313131e-01 0.000000000000e+00 1.000000000000e+00
v -1.313131313131e-01 0.000000000000e+00 9.191919191919e-01
v -1.111111111111e-01 0.000000000000e+00 9.797979797980e-01
v -1.111111111111e-01 0.000000000000e+00 9.393939393939e-01
v -1.111111111111e-01 0.000000000000e+00 1.000000000000e+00
v -1.111111111111e-01 0.000000000000e+00 9.595959595960e-01
v -1.313131313131e-01 0.000000000000e+00 9.595959595960e-01
v -1.313131313131e-01 0.000000000000e+00 9.393939393939e-01
v -1.515151515152e-01 0.000000000000e+00 9.595959595960e-01
v -1.313131313131e-01 0.000000000000e+00 9.797979797980e-01
v -1.111111111111e-01 0.000000000000e+00 9.191919191919e-01
v -1.313131313131e-01 0.000000000000e+00 7.979797979798e-01
v -1.515151515152e-01 0.000000000000e+00 7.979797979798e-01
v -1.313131313131e-01 0.000000000000e+00 8.181818181818e-01
v -1.717171717172e-01 0.000000000000e+00 8.383838383838e-01
v -1.515151515152e-01 0.000000000000e+00 8.585858585859e-01
v -1.515151515152e-01 0.000000000000e+00 7.777777777778e-01
v -1.515151515152e-01 0.000000000000e+00 8.383838383838e-01
v -1.313131313131e-01 0.000000000000e+00 8.585858585859e-01
v -1.313131313131e-01 0.000000000000e+00 7.777777777778e-01
v -1.717171717172e-01 0.000000000000e+00 7.777777777778e-01
v -1.313131313131e-01 0.000000000000e+00 8.383838383838e-01
v -1.717171717172e-01 0.000000000000e+00 8.181818181818e-01
v -1.717171717172e-01 0.000000000000e+00 8.585858585859e-01
v -1.717171717172e-01 0.000000000000e+00 7.979797979798e-01
v -1.515151515152e-01 0.000000000000e+00 8.181818181818e-01
v -9.090909090909e-02 0.000000000000e+00 7.979797979798e-01
v -5.050505050505e-02 0.000000000000e+00 8.181818181818e-01
v -5.050505050505e-02 0.000000000000e+00 8.383838383838e-01
v -9.090909090909e-02 0.000000000000e+00 8.181818181818e-01
v -1.111111111111e-01 0.000000000000e+00 8.181818181818e-01
v -1.111111111111e-01 0.000000000000e+00 8.383838383838e-01
v -5.050505050505e-02 0.000000000000e+00 7.979797979798e-01
v -9.090909090909e-02 0.000000000000e+00 7.777777777778e-01
v -1.111111111111e-01 0.000000000000e+00 7.979797979798e-01
v -9.090909090909e-02 0.000000000000e+00 8.383838383838e-01
v -7.070707070707e-02 0.000000000000e+00 7.979797979798e-01
v -1.111111111111e-01 0.000000000000e+00 7.777777777778e-01
v -7.070707070707e-02 0.000000000000e+00 8.383838383838e-01
v -7.070707070707e-02 0.000000000000e+00 8.181818181818e-01
v -7.070707070707e-02 0.000000000000e+00 8.585858585859e-01
v -9.090909090909e-02 0.000000000000e+00 8.787878787879e-01
v -5.050505050505e-02 0.000000000000e+00 8.585858585859e-01
v -9.090909090909e-02 0.000000000000e+00 8.989898989899e-01
v -1.111111111111e-01 0.000000000000e+00 8.989898989899e-01
v -1.313131313131e-01 0.000000000000e+00 8.989898989899e-01
v -1.111111111111e-01 0.000000000000e+00 8.787878787879e-01
v -1.515151515152e-01 0.000000000000e+00 8.787878787879e-01
v -1.313131313131e-01 0.000000000000e+00 8.787878787879e-01
v -9.090909090909e-02 0.000000000000e+00 8.585858585859e-01
v -1.515151515152e-01 0.000000000000e+00 8.989898989899e-01
v -1.111111111111e-01 0.000000000000e+00 8.585858585859e-01
v -5.050505050505e-02 0.000000000000e+00 8.989898989899e-01
v -5.050505050505e-02 0.000000000000e+00 8.787878787879e-01
v -7.070707070707e-02 0.000000000000e+00 8.989898989899e-01
v -7.070707070707e-02 0.000000000000e+00 8.787878787879e-01
v -2.323232323232e-01 0.000000000000e+00 8.585858585859e-01
v -1.919191919192e-01 0.000000000000e+00 8.585858585859e-01
v -1.919191919192e-01 0.000000000000e+00 8.181818181818e-01
v -1.919191919192e-01 0.000000000000e+00 7.777777777778e-01
v -1.919191919192e-01 0.000000000000e+00 7.979797979798e-01
v -2.121212121212e-01 0.000000000000e+00 7.777777777778e-01
v -2.323232323232e-01 0.000000000000e+00 8.787878787879e-01
v -2.121212121212e-01 0.000000000000e+00 8.585858585859e-01
v -2.121212121212e-01 0.000000000000e+00 8.787878787879e-01
v -2.121212121212e-01 0.000000000000e+00 8.181818181818e-01
v -2.121212121212e-01 0.000000000000e+00 8.383838383838e-01
v -2.121212121212e-01 0.000000000000e+00 7.979797979798e-01
v -1.717171717172e-01 0.000000000000e+00 8.787878787879e-01
v -1.919191919192e-01 0.000000000000e+00 8.787878787879e-01
v -1.919191919192e-01 0.000000000000e+00 8.383838383838e-01
v -3.131313131313e-01 0.000000000000e+00 8.585858585859e-01
v -3.131313131313e-01 0.000000000000e+00 8.787878787879e-01
v -2.929292929293e-01 0.000000000000e+00 8.585858585859e-01
v -2.727272727273e-01 0.000000000000e+00 8.585858585859e-01
v -2.727272727273e-01 0.000000000000e+00 8.383838383838e-01
v -2.929292929293e-01 0.000000000000e+00 8.383838383838e-01
v -3.131313131313e-01 0.000000000000e+00 8.383838383838e-01
v -2.525252525253e-01 0.000000000000e+00 8.585858585859e-01
v -2.727272727273e-01 0.000000000000e+00 8.787878787879e-01
v -3.131313131313e-01 0.000000000000e+00 8.181818181818e-01
v -2.525252525253e-01 0.000000000000e+00 8.787878787879e-01
v -3.131313131313e-01 0.000000000000e+00 8.989898989899e-01
v -2.929292929293e-01 0.000000000000e+00 8.181818181818e-01
v -2.727272727273e-01 0.000000000000e+00 8.989898989899e-01
v -2.929292929293e-01 0.000000000000e+00 8.787878787879e-01
v -2.929292929293e-01 0.000000000000e+00 8.989898989899e-01
v -2.525252525253e-01 0.000000000000e+00 7.777777777778e-01
v -2.727272727273e-01 0.000000000000e+00 7.979797979798e-01
v -2.323232323232e-01 0.000000000000e+00 7.777777777778e-01
v -2.323232323232e-01 0.000000000000e+00 7.979797979798e-01
v -2.525252525253e-01 0.000000000000e+00 8.181818181818e-01
v -2.323232323232e-01 0.000000000000e+00 8.181818181818e-01
v -2.525252525253e-01 0.000000000000e+00 8.383838383838e-01
v -2.525252525253e-01 0.000000000000e+00 7.979797979798e-01
v -2.727272727273e-01 0.000000000000e+00 8.181818181818e-01
v -3.131313131313e-01 0.000000000000e+00 7.979797979798e-01
v -2.727272727273e-01 0.000000000000e+00 7.777777777778e-01
v -2.323232323232e-01 0.000000000000e+00 8.383838383838e-01
v -2.929292929293e-01 0.000000000000e+00 7.979797979798e-01
v -2.929292929293e-01 0.000000000000e+00 7.777777777778e-01
v -2.525252525253e-01 0.000000000000e+00 7.575757575758e-01
v -3.131313131313e-01 0.000000000000e+00 7.777777777778e-01
v -2.929292929293e-01 0.000000000000e+00 9.191919191919e-01
v -3.131313131313e-01 0.000000000000e+00 9.393939393939e-01
v -3.131313131313e-01 0.000000000000e+00 9.797979797980e-01
v -2.727272727273e-01 0.000000000000e+00 9.595959595960e-01
v -2.929292929293e-01 0.000000000000e+00 9.393939393939e-01
v -3.131313131313e-01 0.000000000000e+00 9.191919191919e-01
v -2.929292929293e-01 0.000000000000e+00 1.000000000000e+00
v -2.929292929293e-01 0.000000000000e+00 9.595959595960e-01
v -2.727272727273e-01 0.000000000000e+00 9.393939393939e-01
v -3.131313131313e-01 0.000000000000e+00 1.000000000000e+00
v -2.929292929293e-01 0.000000000000e+00 9.797979797980e-01
v -2.727272727273e-01 0.000000000000e+00 9.191919191919e-01
v -2.727272727273e-01 0.000000000000e+00 1.000000000000e+00
v -3.131313131313e-01 0.000000000000e+00 9.595959595960e-01
v -2.727272727273e-01 0.000000000000e+00 9.797979797980e-01
v -1.919191919192e-01 0.000000000000e+00 9.595959595960e-01
v -2.525252525253e-01 0.000000000000e+00 9.797979797980e-01
v -2.525252525253e-01 0.000000000000e+00 1.000000000000e+00
v -2.323232323232e-01 0.000000000000e+00 1.000000000000e+00
v -2.121212121212e-01 0.000000000000e+00 1.000000000000e+00
v -1.717171717172e-01 0.000000000000e+00 9.797979797980e-01
v -1.919191919192e-01 0.000000000000e+00 9.797979797980e-01
v -2.121212121212e-01 0.000000000000e+00 9.797979797980e-01
v -1.717171717172e-01 0.000000000000e+00 1.000000000000e+00
v -1.919191919192e-01 0.000000000000e+00 9.393939393939e-01
v -1.717171717172e-01 0.000000000000e+00 9.393939393939e-01
v -1.717171717172e-01 0.000000000000e+00 9.595959595960e-01
v -2.323232323232e-01 0.000000000000e+00 9.797979797980e-01
v -1.919191919192e-01 0.000000000000e+00 1.000000000000e+00
v -2.121212121212e-01 0.000000000000e+00 9.595959595960e-01
v -2.525252525253e-01 0.000000000000e+00 8.989898989899e-01
v -1.717171717172e-01 0.000000000000e+00 9.191919191919e-01
v -2.323232323232e-01 0.000000000000e+00 9.191919191919e-01
v -2.323232323232e-01 0.000000000000e+00 9.393939393939e-01
v -1.919191919192e-01 0.000000000000e+00 9.191919191919e-01
v -2.525252525253e-01 0.000000000000e+00 9.595959595960e-01
v -2.323232323232e-01 0.000000000000e+00 9.595959595960e-01
v -2.525252525253e-01 0.000000000000e+00 9.191919191919e-01
v -2.121212121212e-01 0.000000000000e+00 9.393939393939e-01
v -1.919191919192e-01 0.000000000000e+00 8.989898989899e-01
v -2.121212121212e-01 0.000000000000e+00 9.191919191919e-01
v -2.121212121212e-01 0.000000000000e+00 8.989898989899e-01
v -1.717171717172e-01 0.000000000000e+00 8.989898989899e-01
v -2.525252525253e-01 0.000000000000e+00 9.393939393939e-01
v -2.323232323232e-01 0.000000000000e+00 8.989898989899e-01
v -4.949494949495e-01 0.000000000000e+00 4.747474747475e-01
v -4.747474747475e-01 0.000000000000e+00 4.747474747475e-01
v -5.151515151515e-01 0.000000000000e+00 4.747474747475e-01
v -5.555555555556e-01 0.000000000000e+00 4.747474747475e-01
v -4.747474747475e-01 0.000000000000e+00 4.949494949495e-01
v -5.353535353535e-01 0.000000000000e+00 4.747474747475e-01
v -5.353535353535e-01 0.000000000000e+00 4.949494949495e-01
v -5.151515151515e-01 0.000000000000e+00 4.949494949495e-01
v -5.555555555556e-01 0.000000000000e+00 5.151515151515e-01
v -4.949494949495e-01 0.000000000000e+00 4.949494949495e-01
v -5.151515151515e-01 0.000000000000e+00 5.151515151515e-01
v -4.949494949495e-01 0.000000000000e+00 5.151515151515e-01
v -5.353535353535e-01 0.000000000000e+00 5.151515151515e-01
v -5.555555555556e-01 0.000000000000e+00 4.949494949495e-01
v -4.545454545455e-01 0.000000000000e+00 5.353535353535e-01
v -4.343434343434e-01 0.000000000000e+00 5.151515151515e-01
v -4.343434343434e-01 0.000000000000e+00 5.353535353535e-01
v -4.747474747475e-01 0.000000000000e+00 5.555555555556e-01
v -4.141414141414e-01 0.000000000000e+00 4.545454545455e-01
v -4.343434343434e-01 0.000000000000e+00 4.949494949495e-01
v -4.545454545455e-01 0.000000000000e+00 4.949494949495e-01
v -4.343434343434e-01 0.000000000000e+00 4.747474747475e-01
v -4.141414141414e-01 0.000000000000e+00 4.747474747475e-01
v -4.747474747475e-01 0.000000000000e+00 5.151515151515e-01
v -4.545454545455e-01 0.000000000000e+00 4.747474747475e-01
v -4.747474747475e-01 0.000000000000e+00 5.353535353535e-01
v -4.343434343434e-01 0.000000000000e+00 4.545454545455e-01
v -4.545454545455e-01 0.000000000000e+00 5.151515151515e-01
v -4.545454545455e-01 0.000000000000e+00 5.555555555556e-01
v -5.353535353535e-01 0.000000000000e+00 5.555555555556e-01
v -5.353535353535e-01 0.000000000000e+00 5.353535353535e-01
v -5.555555555556e-01 0.000000000000e+00 5.353535353535e-01
v -5.151515151515e-01 0.000000000000e+00 5.757575757576e-01
v -4.949494949495e-01 0.000000000000e+00 5.353535353535e-01
v -5.151515151515e-01 0.000000000000e+00 5.353535353535e-01
v -4.949494949495e-01 0.000000000000e+00 5.757575757576e-01
v -5.151515151515e-01 0.000000000000e+00 5.959595959596e-01
v -4.949494949495e-01 0.000000000000e+00 5.555555555556e-01
v -5.151515151515e-01 0.000000000000e+00 5.555555555556e-01
v -5.353535353535e-01 0.000000000000e+00 5.959595959596e-01
v -5.353535353535e-01 0.000000000000e+00 5.757575757576e-01
v -5.555555555556e-01 0.000000000000e+00 5.757575757576e-01
v -5.555555555556e-01 0.000000000000e+00 5.959595959596e-01
v -5.555555555556e-01 0.000000000000e+00 5.555555555556e-01
v -4.949494949495e-01 0.000000000000e+00 5.959595959596e-01
v -5.151515151515e-01 0.000000000000e+00 6.161616161616e-01
v -4.747474747475e-01 0.000000000000e+00 6.363636363636e-01
v -5.353535353535e-01 0.000000000000e+00 6.161616161616e-01
v -4.949494949495e-01 0.000000000000e+00 6.161616161616e-01
v -5.151515151515e-01 0.000000000000e+00 6.363636363636e-01
v -4.747474747475e-01 0.000000000000e+00 6.161616161616e-01
v -4.545454545455e-01 0.000000000000e+00 6.161616161616e-01
v -5.353535353535e-01 0.000000000000e+00 6.363636363636e-01
v -4.545454545455e-01 0.000000000000e+00 5.757575757576e-01
v -4.545454545455e-01 0.000000000000e+00 5.959595959596e-01
v -4.545454545455e-01 0.000000000000e+00 6.363636363636e-01
v -4.747474747475e-01 0.000000000000e+00 5.959595959596e-01
v -4.747474747475e-01 0.000000000000e+00 5.757575757576e-01
v -4.949494949495e-01 0.000000000000e+00 6.363636363636e-01
v -4.545454545455e-01 0.000000000000e+00 6.767676767677e-01
v -4.747474747475e-01 0.000000000000e+00 6.969696969697e-01
v -5.353535353535e-01 0.000000000000e+00 6.969696969697e-01
v -4.545454545455e-01 0.000000000000e+00 6.969696969697e-01
v -5.151515151515e-01 0.000000000000e+00 6.969696969697e-01
v -4.545454545455e-01 0.000000000000e+00 6.565656565657e-01
v -5.353535353535e-01 0.000000000000e+00 6.767676767677e-01
v -5.353535353535e-01 0.000000000000e+00 6.565656565657e-01
v -5.151515151515e-01 0.000000000000e+00 6.565656565657e-01
v -4.949494949495e-01 0.000000000000e+00 6.969696969697e-01
v -4.747474747475e-01 0.000000000000e+00 6.767676767677e-01
v -4.949494949495e-01 0.000000000000e+00 6.767676767677e-01
v -4.949494949495e-01 0.000000000000e+00 6.565656565657e-01
v -4.747474747475e-01 0.000000000000e+00 6.565656565657e-01
v -5.151515151515e-01 0.000000000000e+00 6.767676767677e-01
v -3.535353535354e-01 0.000000000000e+00 6.161616161616e-01
v -3.535353535354e-01 0.000000000000e+00 6.969696969697e-01
v -3.737373737374e-01 0.000000000000e+00 6.363636363636e-01
v -3.535353535354e-01 0.000000000000e+00 6.363636363636e-01
v -3.737373737374e-01 0.000000000000e+00 6.565656565657e-01
v -3.535353535354e-01 0.000000000000e+00 6.767676767677e-01
v -3.535353535354e-01 0.000000000000e+00 6.565656565657e-01
v -3.333333333333e-01 0.000000000000e+00 6.969696969697e-01
v -3.333333333333e-01 0.000000000000e+00 6.565656565657e-01
v -3.333333333333e-01 0.000000000000e+00 6.161616161616e-01
v -3.333333333333e-01 0.000000000000e+00 6.767676767677e-01
v -3.737373737374e-01 0.000000000000e+00 6.767676767677e-01
v -3.737373737374e-01 0.000000000000e+00 6.161616161616e-01
v -3.333333333333e-01 0.000000000000e+00 6.363636363636e-01
v -3.737373737374e-01 0.000000000000e+00 6.969696969697e-01
v -3.939393939394e-01 0.000000000000e+00 6.767676767677e-01
v -4.343434343434e-01 0.000000000000e+00 6.161616161616e-01
v -4.141414141414e-01 0.000000000000e+00 6.363636363636e-01
v -3.939393939394e-01 0.000000000000e+00 6.565656565657e-01
v -3.939393939394e-01 0.000000000000e+00 6.363636363636e-01
v -4.343434343434e-01 0.000000000000e+00 6.565656565657e-01
v -4.141414141414e-01 0.000000000000e+00 6.161616161616e-01
v -4.141414141414e-01 0.000000000000e+00 6.767676767677e-01
v -4.343434343434e-01 0.000000000000e+00 6.767676767677e-01
v -4.141414141414e-01 0.000000000000e+00 6.565656565657e-01
v -4.343434343434e-01 0.000000000000e+00 6.969696969697e-01
v -3.939393939394e-01 0.000000000000e+00 6.161616161616e-01
v -3.939393939394e-01 0.000000000000e+00 6.969696969697e-01
v -4.343434343434e-01 0.000000000000e+00 6.363636363636e-01
v -4.141414141414e-01 0.000000000000e+00 6.969696969697e-01
v -3.535353535354e-01 0.000000000000e+00 5.757575757576e-01
v -3.333333333333e-01 0.000000000000e+00 5.555555555556e-01
v -3.333333333333e-01 0.000000000000e+00 5.757575757576e-01
v -3.131313131313e-01 0.000000000000e+00 6.161616161616e-01
v -3.131313131313e-01 0.000000000000e+00 5.555555555556e-01
v -2.929292929293e-01 0.000000000000e+00 5.555555555556e-01
v -3.131313131313e-01 0.000000000000e+00 5.353535353535e-01
v -3.333333333333e-01 0.000000000000e+00 5.353535353535e-01
v -3.333333333333e-01 0.000000000000e+00 5.959595959596e-01
v -3.131313131313e-01 0.000000000000e+00 5.757575757576e-01
v -3.131313131313e-01 0.000000000000e+00 5.959595959596e-01
v -2.929292929293e-01 0.000000000000e+00 5.959595959596e-01
v -2.929292929293e-01 0.000000000000e+00 5.757575757576e-01
v -3.535353535354e-01 0.000000000000e+00 5.555555555556e-01
v -3.535353535354e-01 0.000000000000e+00 5.959595959596e-01
v -3.737373737374e-01 0.000000000000e+00 5.757575757576e-01
v -3.939393939394e-01 0.000000000000e+00 5.353535353535e-01
v -3.737373737374e-01 0.000000000000e+00 5.353535353535e-01
v -4.141414141414e-01 0.000000000000e+00 5.353535353535e-01
v -4.141414141414e-01 0.000000000000e+00 5.757575757576e-01
v -4.343434343434e-01 0.000000000000e+00 5.555555555556e-01
v -4.343434343434e-01 0.000000000000e+00 5.959595959596e-01
v -4.141414141414e-01 0.000000000000e+00 5.959595959596e-01
v -3.737373737374e-01 0.000000000000e+00 5.555555555556e-01
v -4.141414141414e-01 0.000000000000e+00 5.555555555556e-01
v -4.343434343434e-01 0.000000000000e+00 5.757575757576e-01
v -3.939393939394e-01 0.000000000000e+00 5.555555555556e-01
v -3.939393939394e-01 0.000000000000e+00 5.959595959596e-01
v -3.737373737374e-01 0.000000000000e+00 5.959595959596e-01
v -3.939393939394e-01 0.000000000000e+00 5.757575757576e-01
v -4.141414141414e-01 0.000000000000e+00 5.151515151515e-01
v -3.939393939394e-01 0.000000000000e+00 5.151515151515e-01
v -4.141414141414e-01 0.000000000000e+00 4.949494949495e-01
v -3.535353535354e-01 0.000000000000e+00 5.151515151515e-01
v -3.333333333333e-01 0.000000000000e+00 5.151515151515e-01
v -3.535353535354e-01 0.000000000000e+00 5.353535353535e-01
v -3.737373737374e-01 0.000000000000e+00 5.151515151515e-01
v -3.535353535354e-01 0.000000000000e+00 4.747474747475e-01
v -3.737373737374e-01 0.000000000000e+00 4.747474747475e-01
v -3.939393939394e-01 0.000000000000e+00 4.747474747475e-01
v -3.333333333333e-01 0.000000000000e+00 4.949494949495e-01
v -3.333333333333e-01 0.000000000000e+00 4.747474747475e-01
v -3.535353535354e-01 0.000000000000e+00 4.949494949495e-01
v -3.737373737374e-01 0.000000000000e+00 4.949494949495e-01
v -3.939393939394e-01 0.000000000000e+00 4.949494949495e-01
v -3.939393939394e-01 0.000000000000e+00 9.191919191919e-01
v -4.141414141414e-01 0.000000000000e+00 9.393939393939e-01
v -4.141414141414e-01 0.000000000000e+00 8.787878787879e-01
v -3.535353535354e-01 0.000000000000e+00 9.191919191919e-01
v -3.737373737374e-01 0.000000000000e+00 8.787878787879e-01
v -3.939393939394e-01 0.000000000000e+00 9.393939393939e-01
v -3.737373737374e-01 0.000000000000e+00 9.191919191919e-01
v -3.939393939394e-01 0.000000000000e+00 8.787878787879e-01
v -3.333333333333e-01 0.000000000000e+00 9.191919191919e-01
v -4.141414141414e-01 0.000000000000e+00 9.191919191919e-01
v -3.939393939394e-01 0.000000000000e+00 8.989898989899e-01
v -4.141414141414e-01 0.000000000000e+00 8.989898989899e-01
v -3.737373737374e-01 0.000000000000e+00 8.989898989899e-01
v -3.535353535354e-01 0.000000000000e+00 8.989898989899e-01
v -3.333333333333e-01 0.000000000000e+00 8.989898989899e-01
v -3.333333333333e-01 0.000000000000e+00 9.797979797980e-01
v -3.939393939394e-01 0.000000000000e+00 9.797979797980e-01
v -3.737373737374e-01 0.000000000000e+00 9.797979797980e-01
v -3.737373737374e-01 0.000000000000e+00 1.000000000000e+00
v -3.939393939394e-01 0.000000000000e+00 1.000000000000e+00
v -3.535353535354e-01 0.000000000000e+00 9.595959595960e-01
v -3.333333333333e-01 0.000000000000e+00 1.000000000000e+00
v -3.535353535354e-01 0.000000000000e+00 1.000000000000e+00
v -3.535353535354e-01 0.000000000000e+00 9.797979797980e-01
v -3.333333333333e-01 0.000000000000e+00 9.595959595960e-01
v -3.333333333333e-01 0.000000000000e+00 9.393939393939e-01
v -3.737373737374e-01 0.000000000000e+00 9.393939393939e-01
v -3.535353535354e-01 0.000000000000e+00 9.393939393939e-01
v -3.939393939394e-01 0.000000000000e+00 9.595959595960e-01
v -3.737373737374e-01 0.000000000000e+00 9.595959595960e-01
v -4.545454545455e-01 0.000000000000e+00 9.393939393939e-01
v -4.141414141414e-01 0.000000000000e+00 1.000000000000e+00
v -4.545454545455e-01 0.000000000000e+00 9.797979797980e-01
v -4.747474747475e-01 0.000000000000e+00 9.595959595960e-01
v -4.545454545455e-01 0.000000000000e+00 9.595959595960e-01
v -4.141414141414e-01 0.000000000000e+00 9.595959595960e-01
v -4.747474747475e-01 0.000000000000e+00 9.797979797980e-01
v -4.545454545455e-01 0.000000000000e+00 1.000000000000e+00
v -4.343434343434e-01 0.000000000000e+00 9.393939393939e-01
v -4.141414141414e-01 0.000000000000e+00 9.797979797980e-01
v -4.343434343434e-01 0.000000000000e+00 9.797979797980e-01
v -4.343434343434e-01 0.000000000000e+00 9.595959595960e-01
v -4.747474747475e-01 0.000000000000e+00 1.000000000000e+00
v -4.747474747475e-01 0.000000000000e+00 9.393939393939e-01
v -4.343434343434e-01 0.000000000000e+00 1.000000000000e+00
v -4.747474747475e-01 0.000000000000e+00 8.989898989899e-01
v -4.545454545455e-01 0.000000000000e+00 9.191919191919e-01
v -4.747474747475e-01 0.000000000000e+00 8.787878787879e-01
v -4.343434343434e-01 0.000000000000e+00 8.787878787879e-01
v -4.545454545455e-01 0.000000000000e+00 8.989898989899e-01
v -4.343434343434e-01 0.000000000000e+00 8.989898989899e-01
v -4.343434343434e-01 0.000000000000e+00 9.191919191919e-01
v -5.353535353535e-01 0.000000000000e+00 8.787878787879e-01
v -4.949494949495e-01 0.000000000000e+00 8.989898989899e-01
v -4.949494949495e-01 0.000000000000e+00 8.787878787879e-01
v -5.151515151515e-01 0.000000000000e+00 8.989898989899e-01
v -4.747474747475e-01 0.000000000000e+00 9.191919191919e-01
v -4.949494949495e-01 0.000000000000e+00 9.191919191919e-01
v -5.353535353535e-01 0.000000000000e+00 8.989898989899e-01
v -4.545454545455e-01 0.000000000000e+00 8.787878787879e-01
v -5.151515151515e-01 0.000000000000e+00 8.787878787879e-01
v -5.353535353535e-01 0.000000000000e+00 1.000000000000e+00
v -5.353535353535e-01 0.000000000000e+00 9.191919191919e-01
v -5.151515151515e-01 0.000000000000e+00 1.000000000000e+00
v -5.151515151515e-01 0.000000000000e+00 9.393939393939e-01
v -5.151515151515e-01 0.000000000000e+00 9.191919191919e-01
v -5.151515151515e-01 0.000000000000e+00 9.595959595960e-01
v -5.353535353535e-01 0.000000000000e+00 9.595959595960e-01
v -4.949494949495e-01 0.000000000000e+00 9.797979797980e-01
v -4.949494949495e-01 0.000000000000e+00 1.000000000000e+00
v -4.949494949495e-01 0.000000000000e+00 9.393939393939e-01
v -4.949494949495e-01 0.000000000000e+00 9.595959595960e-01
v -5.555555555556e-01 0.000000000000e+00 9.393939393939e-01
v -5.353535353535e-01 0.000000000000e+00 9.393939393939e-01
v -5.353535353535e-01 0.000000000000e+00 9.797979797980e-01
v -5.151515151515e-01 0.000000000000e+00 9.797979797980e-01
v -5.353535353535e-01 0.000000000000e+00 8.181818181818e-01
v -5.151515151515e-01 0.000000000000e+00 8.383838383838e-01
v -4.747474747475e-01 0.000000000000e+00 8.383838383838e-01
v -4.545454545455e-01 0.000000000000e+00 8.181818181818e-01
v -5.151515151515e-01 0.000000000000e+00 8.585858585859e-01
v -4.545454545455e-01 0.000000000000e+00 8.383838383838e-01
v -4.949494949495e-01 0.000000000000e+00 8.383838383838e-01
v -4.545454545455e-01 0.000000000000e+00 8.585858585859e-01
v -4.747474747475e-01 0.000000000000e+00 8.181818181818e-01
v -5.353535353535e-01 0.000000000000e+00 8.585858585859e-01
v -4.949494949495e-01 0.000000000000e+00 8.181818181818e-01
v -4.747474747475e-01 0.000000000000e+00 8.585858585859e-01
v -4.949494949495e-01 0.000000000000e+00 8.585858585859e-01
v -5.151515151515e-01 0.000000000000e+00 8.181818181818e-01
v -5.353535353535e-01 0.000000000000e+00 8.383838383838e-01
v -4.949494949495e-01 0.000000000000e+00 7.373737373737e-01
v -5.151515151515e-01 0.000000000000e+00 7.777777777778e-01
v -4.949494949495e-01 0.000000000000e+00 7.171717171717e-01
v -5.353535353535e-01 0.000000000000e+00 7.777777777778e-01
v -4.949494949495e-01 0.000000000000e+00 7.979797979798e-01
v -4.949494949495e-01 0.000000000000e+00 7.777777777778e-01
v -5.151515151515e-01 0.000000000000e+00 7.373737373737e-01
v -4.949494949495e-01 0.000000000000e+00 7.575757575758e-01
v -5.151515151515e-01 0.000000000000e+00 7.979797979798e-01
v -5.353535353535e-01 0.000000000000e+00 7.373737373737e-01
v -5.151515151515e-01 0.000000000000e+00 7.575757575758e-01
v -5.353535353535e-01 0.000000000000e+00 7.171717171717e-01
v -5.353535353535e-01 0.000000000000e+00 7.979797979798e-01
v -5.151515151515e-01 0.000000000000e+00 7.171717171717e-01
v -5.353535353535e-01 0.000000000000e+00 7.575757575758e-01
v -4.747474747475e-01 0.000000000000e+00 7.777777777778e-01
v -4.545454545455e-01 0.000000000000e+00 7.777777777778e-01
v -4.343434343434e-01 0.000000000000e+00 7.777777777778e-01
v -4.545454545455e-01 0.000000000000e+00 7.979797979798e-01
v -4.747474747475e-01 0.000000000000e+00 7.171717171717e-01
v -4.747474747475e-01 0.000000000000e+00 7.575757575758e-01
v -4.747474747475e-01 0.000000000000e+00 7.373737373737e-01
v -4.545454545455e-01 0.000000000000e+00 7.373737373737e-01
v -4.343434343434e-01 0.000000000000e+00 7.373737373737e-01
v -4.343434343434e-01 0.000000000000e+00 7.575757575758e-01
v -4.545454545455e-01 0.000000000000e+00 7.171717171717e-01
v -4.545454545455e-01 0.000000000000e+00 7.575757575758e-01
v -4.343434343434e-01 0.000000000000e+00 7.171717171717e-01
v -4.343434343434e-01 0.000000000000e+00 7.979797979798e-01
v -4.747474747475e-01 0.000000000000e+00 7.979797979798e-01
v -4.343434343434e-01 0.000000000000e+00 8.181818181818e-01
v -3.333333333333e-01 0.000000000000e+00 8.787878787879e-01
v -3.939393939394e-01 0.000000000000e+00 8.383838383838e-01
v -3.333333333333e-01 0.000000000000e+00 8.585858585859e-01
v -3.737373737374e-01 0.000000000000e+00 8.383838383838e-01
v -4.141414141414e-01 0.000000000000e+00 8.585858585859e-01
v -3.535353535354e-01 0.000000000000e+00 8.585858585859e-01
v -4.343434343434e-01 0.000000000000e+00 8.585858585859e-01
v -4.141414141414e-01 0.000000000000e+00 8.383838383838e-01
v -3.737373737374e-01 0.000000000000e+00 8.585858585859e-01
v -3.939393939394e-01 0.000000000000e+00 8.585858585859e-01
v -3.535353535354e-01 0.000000000000e+00 8.787878787879e-01
v -4.343434343434e-01 0.000000000000e+00 8.383838383838e-01
v -3.333333333333e-01 0.000000000000e+00 8.383838383838e-01
v -3.535353535354e-01 0.000000000000e+00 8.383838383838e-01
v -3.535353535354e-01 0.000000000000e+00 7.575757575758e-01
v -3.535353535354e-01 0.000000000000e+00 7.373737373737e-01
v -3.737373737374e-01 0.000000000000e+00 7.171717171717e-01
v -3.939393939394e-01 0.000000000000e+00 7.171717171717e-01
v -3.939393939394e-01 0.000000000000e+00 7.575757575758e-01
v -4.141414141414e-01 0.000000000000e+00 7.373737373737e-01
v -4.141414141414e-01 0.000000000000e+00 7.171717171717e-01
v -3.939393939394e-01 0.000000000000e+00 7.373737373737e-01
v -4.141414141414e-01 0.000000000000e+00 7.575757575758e-01
v -3.737373737374e-01 0.000000000000e+00 7.575757575758e-01
v -3.333333333333e-01 0.000000000000e+00 7.575757575758e-01
v -3.737373737374e-01 0.000000000000e+00 7.373737373737e-01
v -3.535353535354e-01 0.000000000000e+00 7.171717171717e-01
v -3.333333333333e-01 0.000000000000e+00 7.373737373737e-01
v -3.333333333333e-01 0.000000000000e+00 7.171717171717e-01
v -4.141414141414e-01 0.000000000000e+00 7.979797979798e-01
v -3.939393939394e-01 0.000000000000e+00 7.979797979798e-01
v -3.939393939394e-01 0.000000000000e+00 8.181818181818e-01
v -4.141414141414e-01 0.000000000000e+00 8.181818181818e-01
v -3.737373737374e-01 0.000000000000e+00 7.979797979798e-01
v -3.737373737374e-01 0.000000000000e+00 7.777777777778e-01
v -3.939393939394e-01 0.000000000000e+00 7.777777777778e-01
v -3.535353535354e-01 0.000000000000e+00 8.181818181818e-01
v -3.535353535354e-01 0.000000000000e+00 7.979797979798e-01
v -3.333333333333e-01 0.000000000000e+00 7.979797979798e-01
v -3.333333333333e-01 0.000000000000e+00 7.777777777778e-01
v -3.737373737374e-01 0.000000000000e+00 8.181818181818e-01
v -3.535353535354e-01 0.000000000000e+00 7.777777777778e-01
v -3.333333333333e-01 0.000000000000e+00 8.181818181818e-01
v -4.141414141414e-01 0.000000000000e+00 7.777777777778e-01
v -7.777777777778e-01 0.000000000000e+00 -3.030303030303e-02
v -7.777777777778e-01 0.000000000000e+00 -5.050505050505e-02
v -7.777777777778e-01 0.000000000000e+00 3.030303030303e-02
v -7.777777777778e-01 0.000000000000e+00 -1.010101010101e-02
v -7.777777777778e-01 0.000000000000e+00 1.010101010101e-02
v -7.979797979798e-01 0.000000000000e+00 3.030303030303e-02
v -8.383838383838e-01 0.000000000000e+00 5.050505050505e-02
v -8.181818181818e-01 0.000000000000e+00 5.050505050505e-02
v -7.979797979798e-01 0.000000000000e+00 -1.010101010101e-02
v -7.979797979798e-01 0.000000000000e+00 1.010101010101e-02
v -8.383838383838e-01 0.000000000000e+00 3.030303030303e-02
v -8.181818181818e-01 0.000000000000e+00 3.030303030303e-02
v -7.979797979798e-01 0.000000000000e+00 -3.030303030303e-02
v -7.979797979798e-01 0.000000000000e+00 -5.050505050505e-02
v -8.787878787879e-01 0.000000000000e+00 -3.030303030303e-02
v -8.383838383838e-01 0.000000000000e+00 1.010101010101e-02
v -8.181818181818e-01 0.000000000000e+00 1.010101010101e-02
v -8.181818181818e-01 0.000000000000e+00 -1.010101010101e-02
v -8.585858585859e-01 0.000000000000e+00 1.010101010101e-02
v -8.383838383838e-01 0.000000000000e+00 -1.010101010101e-02
v -8.585858585859e-01 0.000000000000e+00 -1.010101010101e-02
v -8.585858585859e-01 0.000000000000e+00 -3.030303030303e-02
v -8.383838383838e-01 0.000000000000e+00 -5.050505050505e-02
v -8.585858585859e-01 0.000000000000e+00 -5.050505050505e-02
v -8.181818181818e-01 0.000000000000e+00 -5.050505050505e-02
v -8.383838383838e-01 0.000000000000e+00 -3.030303030303e-02
v -8.181818181818e-01 0.000000000000e+00 -3.030303030303e-02
v -8.787878787879e-01 0.000000000000e+00 -5.050505050505e-02
v -9.797979797980e-01 0.000000000000e+00 -5.050505050505e-02
v -9.797979797980e-01 0.000000000000e+00 -3.030303030303e-02
v -1.000000000000e+00 0.000000000000e+00 -5.050505050505e-02
v -9.595959595960e-01 0.000000000000e+00 -1.010101010101e-02
v -9.797979797980e-01 0.000000000000e+00 -1.010101010101e-02
v -1.000000000000e+00 0.000000000000e+00 -1.010101010101e-02
v -9.393939393939e-01 0.000000000000e+00 -1.010101010101e-02
v -9.595959595960e-01 0.000000000000e+00 -5.050505050505e-02
v -9.595959595960e-01 0.000000000000e+00 -3.030303030303e-02
v -9.393939393939e-01 0.000000000000e+00 -3.030303030303e-02
v -9.393939393939e-01 0.000000000000e+00 -5.050505050505e-02
v -9.191919191919e-01 0.000000000000e+00 -5.050505050505e-02
v -1.000000000000e+00 0.000000000000e+00 -3.030303030303e-02
v -8.989898989899e-01 0.000000000000e+00 -3.030303030303e-02
v -9.191919191919e-01 0.000000000000e+00 -3.030303030303e-02
v -9.393939393939e-01 0.000000000000e+00 1.010101010101e-02
v -9.595959595960e-01 0.000000000000e+00 1.010101010101e-02
v -9.797979797980e-01 0.000000000000e+00 1.010101010101e-02
v -9.797979797980e-01 0.000000000000e+00 5.050505050505e-02
v -9.797979797980e-01 0.000000000000e+00 3.030303030303e-02
v -1.000000000000e+00 0.000000000000e+00 3.030303030303e-02
v -1.000000000000e+00 0.000000000000e+00 7.070707070707e-02
v -9.797979797980e-01 0.000000000000e+00 7.070707070707e-02
v -9.595959595960e-01 0.000000000000e+00 7.070707070707e-02
v -9.595959595960e-01 0.000000000000e+00 5.050505050505e-02
v -9.393939393939e-01 0.000000000000e+00 7.070707070707e-02
v -9.393939393939e-01 0.000000000000e+00 5.050505050505e-02
v -1.000000000000e+00 0.000000000000e+00 5.050505050505e-02
v -9.393939393939e-01 0.000000000000e+00 3.030303030303e-02
v -9.595959595960e-01 0.000000000000e+00 3.030303030303e-02
v -1.000000000000e+00 0.000000000000e+00 1.010101010101e-02
v -8.989898989899e-01 0.000000000000e+00 -1.010101010101e-02
v -9.191919191919e-01 0.000000000000e+00 -1.010101010101e-02
v -8.585858585859e-01 0.000000000000e+00 5.050505050505e-02
v -8.787878787879e-01 0.000000000000e+00 5.050505050505e-02
v -9.191919191919e-01 0.000000000000e+00 3.030303030303e-02
v -8.989898989899e-01 0.000000000000e+00 3.030303030303e-02
v -8.787878787879e-01 0.000000000000e+00 -1.010101010101e-02
v -8.585858585859e-01 0.000000000000e+00 3.030303030303e-02
v -8.787878787879e-01 0.000000000000e+00 3.030303030303e-02
v -8.787878787879e-01 0.000000000000e+00 1.010101010101e-02
v -9.191919191919e-01 0.000000000000e+00 1.010101010101e-02
v -8.989898989899e-01 0.000000000000e+00 1.010101010101e-02
v -8.989898989899e-01 0.000000000000e+00 5.050505050505e-02
v -9.191919191919e-01 0.000000000000e+00 5.050505050505e-02
v -9.191919191919e-01 0.000000000000e+00 7.070707070707e-02
v -9.393939393939e-01 0.000000000000e+00 9.090909090909e-02
v -9.191919191919e-01 0.000000000000e+00 1.111111111111e-01
v -9.191919191919e-01 0.000000000000e+00 1.313131313131e-01
v -9.393939393939e-01 0.000000000000e+00 1.313131313131e-01
v -8.989898989899e-01 0.000000000000e+00 1.313131313131e-01
v -9.191919191919e-01 0.000000000000e+00 9.090909090909e-02
v -8.989898989899e-01 0.000000000000e+00 9.090909090909e-02
v -8.989898989899e-01 0.000000000000e+00 7.070707070707e-02
v -9.191919191919e-01 0.000000000000e+00 1.717171717172e-01
v -9.393939393939e-01 0.000000000000e+00 1.515151515152e-01
v -9.393939393939e-01 0.000000000000e+00 1.111111111111e-01
v -9.393939393939e-01 0.000000000000e+00 1.717171717172e-01
v -9.191919191919e-01 0.000000000000e+00 1.515151515152e-01
v -8.989898989899e-01 0.000000000000e+00 1.111111111111e-01
v -9.797979797980e-01 0.000000000000e+00 1.717171717172e-01
v -9.797979797980e-01 0.000000000000e+00 1.111111111111e-01
v -1.000000000000e+00 0.000000000000e+00 1.717171717172e-01
v -1.000000000000e+00 0.000000000000e+00 1.111111111111e-01
v -1.000000000000e+00 0.000000000000e+00 1.313131313131e-01
v -9.595959595960e-01 0.000000000000e+00 1.111111111111e-01
v -9.595959595960e-01 0.000000000000e+00 1.313131313131e-01
v -9.595959595960e-01 0.000000000000e+00 1.515151515152e-01
v -9.797979797980e-01 0.000000000000e+00 1.515151515152e-01
v -9.595959595960e-01 0.000000000000e+00 9.090909090909e-02
v -9.797979797980e-01 0.000000000000e+00 1.313131313131e-01
v -9.797979797980e-01 0.000000000000e+00 9.090909090909e-02
v -1.000000000000e+00 0.000000000000e+00 9.090909090909e-02
v -1.000000000000e+00 0.000000000000e+00 1.515151515152e-01
v -9.595959595960e-01 0.000000000000e+00 1.717171717172e-01
v -7.979797979798e-01 0.000000000000e+00 9.090909090909e-02
v -8.787878787879e-01 0.000000000000e+00 7.070707070707e-02
v -8.585858585859e-01 0.000000000000e+00 7.070707070707e-02
v -8.181818181818e-01 0.000000000000e+00 9.090909090909e-02
v -8.383838383838e-01 0.000000000000e+00 9.090909090909e-02
v -8.181818181818e-01 0.000000000000e+00 7.070707070707e-02
v -8.585858585859e-01 0.000000000000e+00 9.090909090909e-02
v -8.383838383838e-01 0.000000000000e+00 7.070707070707e-02
v -7.777777777778e-01 0.000000000000e+00 7.070707070707e-02
v -7.979797979798e-01 0.000000000000e+00 7.070707070707e-02
v -7.777777777778e-01 0.000000000000e+00 9.090909090909e-02
v -7.777777777778e-01 0.000000000000e+00 5.050505050505e-02
v -7.979797979798e-01 0.000000000000e+00 5.050505050505e-02
v -8.787878787879e-01 0.000000000000e+00 9.090909090909e-02
v -7.777777777778e-01 0.000000000000e+00 1.515151515152e-01
v -7.979797979798e-01 0.000000000000e+00 1.515151515152e-01
v -7.777777777778e-01 0.000000000000e+00 1.717171717172e-01
v -8.181818181818e-01 0.000000000000e+00 1.313131313131e-01
v -7.979797979798e-01 0.000000000000e+00 1.919191919192e-01
v -7.777777777778e-01 0.000000000000e+00 1.111111111111e-01
v -7.777777777778e-01 0.000000000000e+00 1.313131313131e-01
v -7.979797979798e-01 0.000000000000e+00 1.111111111111e-01
v -7.979797979798e-01 0.000000000000e+00 1.717171717172e-01
v -7.777777777778e-01 0.000000000000e+00 1.919191919192e-01
v -8.181818181818e-01 0.000000000000e+00 1.919191919192e-01
v -7.979797979798e-01 0.000000000000e+00 1.313131313131e-01
v -8.181818181818e-01 0.000000000000e+00 1.515151515152e-01
v -8.181818181818e-01 0.000000000000e+00 1.111111111111e-01
v -8.181818181818e-01 0.000000000000e+00 1.717171717172e-01
v -8.383838383838e-01 0.000000000000e+00 1.111111111111e-01
v -8.989898989899e-01 0.000000000000e+00 1.515151515152e-01
v -8.787878787879e-01 0.000000000000e+00 1.515151515152e-01
v -8.585858585859e-01 0.000000000000e+00 1.919191919192e-01
v -8.383838383838e-01 0.000000000000e+00 1.919191919192e-01
v -8.787878787879e-01 0.000000000000e+00 1.717171717172e-01
v -8.787878787879e-01 0.000000000000e+00 1.313131313131e-01
v -8.585858585859e-01 0.000000000000e+00 1.515151515152e-01
v -8.383838383838e-01 0.000000000000e+00 1.515151515152e-01
v -8.585858585859e-01 0.000000000000e+00 1.313131313131e-01
v -8.383838383838e-01 0.000000000000e+00 1.313131313131e-01
v -8.383838383838e-01 0.000000000000e+00 1.717171717172e-01
v -8.585858585859e-01 0.000000000000e+00 1.717171717172e-01
v -8.787878787879e-01 0.000000000000e+00 1.111111111111e-01
v -8.585858585859e-01 0.000000000000e+00 1.111111111111e-01
v -8.989898989899e-01 0.000000000000e+00 1.717171717172e-01
v -8.383838383838e-01 0.000000000000e+00 2.727272727273e-01
v -8.383838383838e-01 0.000000000000e+00 3.131313131313e-01
v -8.181818181818e-01 0.000000000000e+00 2.929292929293e-01
v -8.383838383838e-01 0.000000000000e+00 3.333333333333e-01
v -7.777777777778e-01 0.000000000000e+00 2.929292929293e-01
v -7.979797979798e-01 0.000000000000e+00 2.929292929293e-01
v -8.181818181818e-01 0.000000000000e+00 3.131313131313e-01
v -8.383838383838e-01 0.000000000000e+00 2.929292929293e-01
v -7.979797979798e-01 0.000000000000e+00 2.727272727273e-01
v -8.181818181818e-01 0.000000000000e+00 2.727272727273e-01
v -8.585858585859e-01 0.000000000000e+00 2.929292929293e-01
v -7.777777777778e-01 0.000000000000e+00 3.131313131313e-01
v -7.979797979798e-01 0.000000000000e+00 3.131313131313e-01
v -8.585858585859e-01 0.000000000000e+00 3.131313131313e-01
v -7.777777777778e-01 0.000000000000e+00 2.727272727273e-01
v -7.777777777778e-01 0.000000000000e+00 2.323232323232e-01
v -7.979797979798e-01 0.000000000000e+00 2.323232323232e-01
v -7.979797979798e-01 0.000000000000e+00 2.121212121212e-01
v -7.777777777778e-01 0.000000000000e+00 2.121212121212e-01
v -8.585858585859e-01 0.000000000000e+00 2.323232323232e-01
v -8.181818181818e-01 0.000000000000e+00 2.525252525253e-01
v -7.777777777778e-01 0.000000000000e+00 2.525252525253e-01
v -8.181818181818e-01 0.000000000000e+00 2.121212121212e-01
v -8.181818181818e-01 0.000000000000e+00 2.323232323232e-01
v -8.383838383838e-01 0.000000000000e+00 2.121212121212e-01
v -8.585858585859e-01 0.000000000000e+00 2.121212121212e-01
v -7.979797979798e-01 0.000000000000e+00 2.525252525253e-01
v -8.383838383838e-01 0.000000000000e+00 2.525252525253e-01
v -8.585858585859e-01 0.000000000000e+00 2.525252525253e-01
v -8.383838383838e-01 0.000000000000e+00 2.323232323232e-01
v -8.989898989899e-01 0.000000000000e+00 2.323232323232e-01
v -8.989898989899e-01 0.000000000000e+00 2.929292929293e-01
v -9.191919191919e-01 0.000000000000e+00 2.525252525253e-01
v -8.989898989899e-01 0.000000000000e+00 3.131313131313e-01
v -9.191919191919e-01 0.000000000000e+00 3.131313131313e-01
v -8.585858585859e-01 0.000000000000e+00 2.727272727273e-01
v -8.787878787879e-01 0.000000000000e+00 2.525252525253e-01
v -9.191919191919e-01 0.000000000000e+00 2.727272727273e-01
v -8.787878787879e-01 0.000000000000e+00 2.323232323232e-01
v -8.787878787879e-01 0.000000000000e+00 2.727272727273e-01
v -9.191919191919e-01 0.000000000000e+00 2.929292929293e-01
v -8.989898989899e-01 0.000000000000e+00 2.727272727273e-01
v -8.787878787879e-01 0.000000000000e+00 2.929292929293e-01
v -8.787878787879e-01 0.000000000000e+00 3.131313131313e-01
v -8.989898989899e-01 0.000000000000e+00 2.525252525253e-01
v -1.000000000000e+00 0.000000000000e+00 1.919191919192e-01
v -9.595959595960e-01 0.000000000000e+00 1.919191919192e-01
v -9.595959595960e-01 0.000000000000e+00 2.323232323232e-01
v -9.595959595960e-01 0.000000000000e+00 2.121212121212e-01
v -9.191919191919e-01 0.000000000000e+00 2.323232323232e-01
v -9.393939393939e-01 0.000000000000e+00 1.919191919192e-01
v -8.989898989899e-01 0.000000000000e+00 1.919191919192e-01
v -9.191919191919e-01 0.000000000000e+00 1.919191919192e-01
v -9.393939393939e-01 0.000000000000e+00 2.121212121212e-01
v -8.787878787879e-01 0.000000000000e+00 1.919191919192e-01
v -9.393939393939e-01 0.000000000000e+00 2.323232323232e-01
v -8.787878787879e-01 0.000000000000e+00 2.121212121212e-01
v -9.191919191919e-01 0.000000000000e+00 2.121212121212e-01
v -9.797979797980e-01 0.000000000000e+00 1.919191919192e-01
v -8.989898989899e-01 0.000000000000e+00 2.121212121212e-01
v -9.797979797980e-01 0.000000000000e+00 2.323232323232e-01
v -9.797979797980e-01 0.000000000000e+00 2.525252525253e-01
v -9.595959595960e-01 0.000000000000e+00 2.727272727273e-01
v -9.595959595960e-01 0.000000000000e+00 2.929292929293e-01
v -9.393939393939e-01 0.000000000000e+00 2.525252525253e-01
v -9.393939393939e-01 0.000000000000e+00 2.727272727273e-01
v -9.393939393939e-01 0.000000000000e+00 2.929292929293e-01
v -1.000000000000e+00 0.000000000000e+00 2.525252525253e-01
v -1.000000000000e+00 0.000000000000e+00 2.727272727273e-01
v -9.595959595960e-01 0.000000000000e+00 2.525252525253e-01
v -1.000000000000e+00 0.000000000000e+00 2.323232323232e-01
v -9.797979797980e-01 0.000000000000e+00 2.929292929293e-01
v -9.797979797980e-01 0.000000000000e+00 2.727272727273e-01
v -1.000000000000e+00 0.000000000000e+00 2.929292929293e-01
v -9.797979797980e-01 0.000000000000e+00 2.121212121212e-01
v -1.000000000000e+00 0.000000000000e+00 2.121212121212e-01
v -8.787878787879e-01 0.000000000000e+00 4.343434343434e-01
v -8.181818181818e-01 0.000000000000e+00 4.343434343434e-01
v -7.777777777778e-01 0.000000000000e+00 4.141414141414e-01
v -8.181818181818e-01 0.000000000000e+00 4.141414141414e-01
v -7.979797979798e-01 0.000000000000e+00 4.141414141414e-01
v -8.383838383838e-01 0.000000000000e+00 4.545454545455e-01
v -8.787878787879e-01 0.000000000000e+00 4.545454545455e-01
v -8.383838383838e-01 0.000000000000e+00 4.141414141414e-01
v -8.181818181818e-01 0.000000000000e+00 4.545454545455e-01
v -8.383838383838e-01 0.000000000000e+00 4.343434343434e-01
v -7.777777777778e-01 0.000000000000e+00 4.545454545455e-01
v -7.979797979798e-01 0.000000000000e+00 4.545454545455e-01
v -7.777777777778e-01 0.000000000000e+00 4.343434343434e-01
v -8.585858585859e-01 0.000000000000e+00 4.545454545455e-01
v -8.585858585859e-01 0.000000000000e+00 4.343434343434e-01
v -7.979797979798e-01 0.000000000000e+00 4.343434343434e-01
v -7.777777777778e-01 0.000000000000e+00 3.333333333333e-01
v -7.575757575758e-01 0.000000000000e+00 3.737373737374e-01
v -7.979797979798e-01 0.000000000000e+00 3.333333333333e-01
v -7.777777777778e-01 0.000000000000e+00 3.939393939394e-01
v -8.181818181818e-01 0.000000000000e+00 3.737373737374e-01
v -8.181818181818e-01 0.000000000000e+00 3.939393939394e-01
v -7.979797979798e-01 0.000000000000e+00 3.737373737374e-01
v -7.777777777778e-01 0.000000000000e+00 3.737373737374e-01
v -7.777777777778e-01 0.000000000000e+00 3.535353535354e-01
v -7.979797979798e-01 0.000000000000e+00 3.535353535354e-01
v -8.181818181818e-01 0.000000000000e+00 3.535353535354e-01
v -7.979797979798e-01 0.000000000000e+00 3.939393939394e-01
v -7.575757575758e-01 0.000000000000e+00 3.535353535354e-01
v -8.181818181818e-01 0.000000000000e+00 3.333333333333e-01
v -8.585858585859e-01 0.000000000000e+00 3.333333333333e-01
v -8.787878787879e-01 0.000000000000e+00 3.333333333333e-01
v -8.989898989899e-01 0.000000000000e+00 3.333333333333e-01
v -8.989898989899e-01 0.000000000000e+00 3.535353535354e-01
v -8.383838383838e-01 0.000000000000e+00 3.535353535354e-01
v -8.585858585859e-01 0.000000000000e+00 3.939393939394e-01
v -8.787878787879e-01 0.000000000000e+00 3.939393939394e-01
v -8.787878787879e-01 0.000000000000e+00 3.737373737374e-01
v -8.383838383838e-01 0.000000000000e+00 3.737373737374e-01
v -8.585858585859e-01 0.000000000000e+00 3.535353535354e-01
v -8.585858585859e-01 0.000000000000e+00 3.737373737374e-01
v -8.585858585859e-01 0.000000000000e+00 4.141414141414e-01
v -8.383838383838e-01 0.000000000000e+00 3.939393939394e-01
v -8.787878787879e-01 0.000000000000e+00 4.141414141414e-01
v -8.787878787879e-01 0.000000000000e+00 3.535353535354e-01
v -1.000000000000e+00 0.000000000000e+00 3.333333333333e-01
v -9.191919191919e-01 0.000000000000e+00 3.333333333333e-01
v -9.797979797980e-01 0.000000000000e+00 3.131313131313e-01
v -1.000000000000e+00 0.000000000000e+00 3.131313131313e-01
v -9.797979797980e-01 0.000000000000e+00 3.535353535354e-01
v -9.595959595960e-01 0.000000000000e+00 3.333333333333e-01
v -9.595959595960e-01 0.000000000000e+00 3.535353535354e-01
v -1.000000000000e+00 0.000000000000e+00 3.535353535354e-01
v -9.393939393939e-01 0.000000000000e+00 3.535353535354e-01
v -9.191919191919e-01 0.000000000000e+00 3.535353535354e-01
v -9.797979797980e-01 0.000000000000e+00 3.333333333333e-01
v -9.393939393939e-01 0.000000000000e+00 3.333333333333e-01
v -9.393939393939e-01 0.000000000000e+00 3.131313131313e-01
v -9.595959595960e-01 0.000000000000e+00 3.131313131313e-01
v -1.000000000000e+00 0.000000000000e+00 4.141414141414e-01
v -9.797979797980e-01 0.000000000000e+00 4.141414141414e-01
v -1.000000000000e+00 0.000000000000e+00 3.939393939394e-01
v -9.797979797980e-01 0.000000000000e+00 3.939393939394e-01
v -9.595959595960e-01 0.000000000000e+00 3.939393939394e-01
v -1.000000000000e+00 0.000000000000e+00 3.737373737374e-01
v -9.797979797980e-01 0.000000000000e+00 4.545454545455e-01
v -9.797979797980e-01 0.000000000000e+00 3.737373737374e-01
v -1.000000000000e+00 0.000000000000e+00 4.343434343434e-01
v -9.595959595960e-01 0.000000000000e+00 4.141414141414e-01
v -9.595959595960e-01 0.000000000000e+00 3.737373737374e-01
v -9.797979797980e-01 0.000000000000e+00 4.343434343434e-01
v -9.595959595960e-01 0.000000000000e+00 4.343434343434e-01
v -1.000000000000e+00 0.000000000000e+00 4.545454545455e-01
v -9.595959595960e-01 0.000000000000e+00 4.545454545455e-01
v -9.393939393939e-01 0.000000000000e+00 4.141414141414e-01
v -9.191919191919e-01 0.000000000000e+00 3.939393939394e-01
v -9.393939393939e-01 0.000000000000e+00 4.343434343434e-01
v -8.989898989899e-01 0.000000000000e+00 4.545454545455e-01
v -9.191919191919e-01 0.000000000000e+00 4.545454545455e-01
v -9.393939393939e-01 0.000000000000e+00 4.545454545455e-01
v -8.989898989899e-01 0.000000000000e+00 4.141414141414e-01
v -9.191919191919e-01 0.000000000000e+00 4.343434343434e-01
v -8.989898989899e-01 0.000000000000e+00 4.343434343434e-01
v -8.989898989899e-01 0.000000000000e+00 3.939393939394e-01
v -8.989898989899e-01 0.000000000000e+00 3.737373737374e-01
v -9.191919191919e-01 0.000000000000e+00 4.141414141414e-01
v -9.393939393939e-01 0.000000000000e+00 3.939393939394e-01
v -9.191919191919e-01 0.000000000000e+00 3.737373737374e-01
v -9.393939393939e-01 0.000000000000e+00 3.737373737374e-01
v -7.373737373737e-01 0.000000000000e+00 -5.050505050505e-02
v -7.575757575758e-01 0.000000000000e+00 -5.050505050505e-02
v -7.373737373737e-01 0.000000000000e+00 -3.030303030303e-02
v -7.575757575758e-01 0.000000000000e+00 -3.030303030303e-02
v -6.767676767677e-01 0.000000000000e+00 -1.010101010101e-02
v -6.969696969697e-01 0.000000000000e+00 -5.050505050505e-02
v -6.969696969697e-01 0.000000000000e+00 -1.010101010101e-02
v -7.575757575758e-01 0.000000000000e+00 -1.010101010101e-02
v -7.373737373737e-01 0.000000000000e+00 -1.010101010101e-02
v -7.171717171717e-01 0.000000000000e+00 -1.010101010101e-02
v -7.171717171717e-01 0.000000000000e+00 -3.030303030303e-02
v -6.969696969697e-01 0.000000000000e+00 -3.030303030303e-02
v -6.767676767677e-01 0.000000000000e+00 -3.030303030303e-02
v -7.171717171717e-01 0.000000000000e+00 -5.050505050505e-02
v -7.171717171717e-01 0.000000000000e+00 3.030303030303e-02
v -7.373737373737e-01 0.000000000000e+00 1.010101010101e-02
v -6.767676767677e-01 0.000000000000e+00 5.050505050505e-02
v -6.969696969697e-01 0.000000000000e+00 5.050505050505e-02
v -7.171717171717e-01 0.000000000000e+00 5.050505050505e-02
v -6.767676767677e-01 0.000000000000e+00 1.010101010101e-02
v -6.969696969697e-01 0.000000000000e+00 1.010101010101e-02
v -6.969696969697e-01 0.000000000000e+00 3.030303030303e-02
v -7.373737373737e-01 0.000000000000e+00 3.030303030303e-02
v -7.575757575758e-01 0.000000000000e+00 3.030303030303e-02
v -7.373737373737e-01 0.000000000000e+00 5.050505050505e-02
v -7.171717171717e-01 0.000000000000e+00 1.010101010101e-02
v -7.575757575758e-01 0.000000000000e+00 1.010101010101e-02
v -7.575757575758e-01 0.000000000000e+00 5.050505050505e-02
v -6.767676767677e-01 0.000000000000e+00 3.030303030303e-02
v -7.373737373737e-01 0.000000000000e+00 1.111111111111e-01
v -7.171717171717e-01 0.000000000000e+00 1.111111111111e-01
v -6.969696969697e-01 0.000000000000e+00 1.111111111111e-01
v -6.767676767677e-01 0.000000000000e+00 7.070707070707e-02
v -7.575757575758e-01 0.000000000000e+00 9.090909090909e-02
v -7.373737373737e-01 0.000000000000e+00 9.090909090909e-02
v -6.767676767677e-01 0.000000000000e+00 9.090909090909e-02
v -6.969696969697e-01 0.000000000000e+00 9.090909090909e-02
v -7.171717171717e-01 0.000000000000e+00 9.090909090909e-02
v -7.575757575758e-01 0.000000000000e+00 1.111111111111e-01
v -7.373737373737e-01 0.000000000000e+00 7.070707070707e-02
v -7.575757575758e-01 0.000000000000e+00 7.070707070707e-02
v -6.969696969697e-01 0.000000000000e+00 7.070707070707e-02
v -7.171717171717e-01 0.000000000000e+00 7.070707070707e-02
v -6.767676767677e-01 0.000000000000e+00 1.515151515152e-01
v -6.565656565657e-01 0.000000000000e+00 1.717171717172e-01
v -6.767676767677e-01 0.000000000000e+00 1.717171717172e-01
v -6.363636363636e-01 0.000000000000e+00 1.717171717172e-01
v -6.565656565657e-01 0.000000000000e+00 1.515151515152e-01
v -6.363636363636e-01 0.000000000000e+00 1.515151515152e-01
v -6.767676767677e-01 0.000000000000e+00 1.313131313131e-01
v -6.565656565657e-01 0.000000000000e+00 1.313131313131e-01
v -6.363636363636e-01 0.000000000000e+00 1.919191919192e-01
v -6.565656565657e-01 0.000000000000e+00 1.111111111111e-01
v -6.565656565657e-01 0.000000000000e+00 1.919191919192e-01
v -6.767676767677e-01 0.000000000000e+00 1.111111111111e-01
v -6.767676767677e-01 0.000000000000e+00 1.919191919192e-01
v -6.363636363636e-01 0.000000000000e+00 1.313131313131e-01
v -6.969696969697e-01 0.000000000000e+00 1.515151515152e-01
v -6.969696969697e-01 0.000000000000e+00 1.313131313131e-01
v -6.969696969697e-01 0.000000000000e+00 1.717171717172e-01
v -7.575757575758e-01 0.000000000000e+00 1.313131313131e-01
v -7.373737373737e-01 0.000000000000e+00 1.515151515152e-01
v -7.575757575758e-01 0.000000000000e+00 1.919191919192e-01
v -7.373737373737e-01 0.000000000000e+00 1.919191919192e-01
v -7.171717171717e-01 0.000000000000e+00 1.919191919192e-01
v -7.575757575758e-01 0.000000000000e+00 1.717171717172e-01
v -7.575757575758e-01 0.000000000000e+00 1.515151515152e-01
v -7.373737373737e-01 0.000000000000e+00 1.717171717172e-01
v -7.171717171717e-01 0.000000000000e+00 1.717171717172e-01
v -7.171717171717e-01 0.000000000000e+00 1.313131313131e-01
v -7.373737373737e-01 0.000000000000e+00 1.313131313131e-01
v -7.171717171717e-01 0.000000000000e+00 1.515151515152e-01
v -6.969696969697e-01 0.000000000000e+00 1.919191919192e-01
v -6.363636363636e-01 0.000000000000e+00 1.010101010101e-02
v -6.161616161616e-01 0.000000000000e+00 -1.010101010101e-02
v -6.363636363636e-01 0.000000000000e+00 3.030303030303e-02
v -6.363636363636e-01 0.000000000000e+00 5.050505050505e-02
v -6.161616161616e-01 0.000000000000e+00 3.030303030303e-02
v -6.565656565657e-01 0.000000000000e+00 3.030303030303e-02
v -6.363636363636e-01 0.000000000000e+00 -3.030303030303e-02
v -6.363636363636e-01 0.000000000000e+00 -1.010101010101e-02
v -6.565656565657e-01 0.000000000000e+00 5.050505050505e-02
v -6.161616161616e-01 0.000000000000e+00 5.050505050505e-02
v -6.565656565657e-01 0.000000000000e+00 1.010101010101e-02
v -6.565656565657e-01 0.000000000000e+00 -1.010101010101e-02
v -6.161616161616e-01 0.000000000000e+00 1.010101010101e-02
v -6.565656565657e-01 0.000000000000e+00 -3.030303030303e-02
v -5.757575757576e-01 0.000000000000e+00 -1.010101010101e-02
v -5.959595959596e-01 0.000000000000e+00 3.030303030303e-02
v -5.959595959596e-01 0.000000000000e+00 -1.010101010101e-02
v -5.959595959596e-01 0.000000000000e+00 1.010101010101e-02
v -5.353535353535e-01 0.000000000000e+00 -1.010101010101e-02
v -5.353535353535e-01 0.000000000000e+00 1.010101010101e-02
v -5.555555555556e-01 0.000000000000e+00 1.010101010101e-02
v -5.757575757576e-01 0.000000000000e+00 1.010101010101e-02
v -5.555555555556e-01 0.000000000000e+00 -1.010101010101e-02
v -5.353535353535e-01 0.000000000000e+00 5.050505050505e-02
v -5.555555555556e-01 0.000000000000e+00 5.050505050505e-02
v -5.757575757576e-01 0.000000000000e+00 5.050505050505e-02
v -5.353535353535e-01 0.000000000000e+00 3.030303030303e-02
v -5.555555555556e-01 0.000000000000e+00 3.030303030303e-02
v -5.757575757576e-01 0.000000000000e+00 3.030303030303e-02
v -6.161616161616e-01 0.000000000000e+00 9.090909090909e-02
v -5.757575757576e-01 0.000000000000e+00 1.111111111111e-01
v -5.757575757576e-01 0.000000000000e+00 7.070707070707e-02
v -6.363636363636e-01 0.000000000000e+00 1.111111111111e-01
v -5.959595959596e-01 0.000000000000e+00 7.070707070707e-02
v -6.161616161616e-01 0.000000000000e+00 7.070707070707e-02
v -6.565656565657e-01 0.000000000000e+00 7.070707070707e-02
v -5.959595959596e-01 0.000000000000e+00 9.090909090909e-02
v -5.757575757576e-01 0.000000000000e+00 9.090909090909e-02
v -6.161616161616e-01 0.000000000000e+00 1.111111111111e-01
v -6.363636363636e-01 0.000000000000e+00 9.090909090909e-02
v -6.363636363636e-01 0.000000000000e+00 7.070707070707e-02
v -6.565656565657e-01 0.000000000000e+00 9.090909090909e-02
v -5.959595959596e-01 0.000000000000e+00 5.050505050505e-02
v -5.959595959596e-01 0.000000000000e+00 1.111111111111e-01
v -5.959595959596e-01 0.000000000000e+00 1.919191919192e-01
v -5.757575757576e-01 0.000000000000e+00 1.919191919192e-01
v -5.555555555556e-01 0.000000000000e+00 1.919191919192e-01
v -6.161616161616e-01 0.000000000000e+00 1.717171717172e-01
v -6.161616161616e-01 0.000000000000e+00 1.919191919192e-01
v -5.959595959596e-01 0.000000000000e+00 1.717171717172e-01
v -6.161616161616e-01 0.000000000000e+00 1.313131313131e-01
v -5.555555555556e-01 0.000000000000e+00 1.717171717172e-01
v -6.161616161616e-01 0.000000000000e+00 1.515151515152e-01
v -5.757575757576e-01 0.000000000000e+00 1.313131313131e-01
v -5.959595959596e-01 0.000000000000e+00 1.313131313131e-01
v -5.757575757576e-01 0.000000000000e+00 1.515151515152e-01
v -5.555555555556e-01 0.000000000000e+00 1.515151515152e-01
v -5.959595959596e-01 0.000000000000e+00 1.515151515152e-01
v -5.757575757576e-01 0.000000000000e+00 1.717171717172e-01
v -5.151515151515e-01 0.000000000000e+00 1.111111111111e-01
v -5.151515151515e-01 0.000000000000e+00 1.717171717172e-01
v -5.353535353535e-01 0.000000000000e+00 7.070707070707e-02
v -5.353535353535e-01 0.000000000000e+00 1.111111111111e-01
v -5.151515151515e-01 0.000000000000e+00 1.313131313131e-01
v -5.353535353535e-01 0.000000000000e+00 1.515151515152e-01
v -5.555555555556e-01 0.000000000000e+00 9.090909090909e-02
v -5.151515151515e-01 0.000000000000e+00 1.515151515152e-01
v -5.353535353535e-01 0.000000000000e+00 9.090909090909e-02
v -5.353535353535e-01 0.000000000000e+00 1.313131313131e-01
v -5.555555555556e-01 0.000000000000e+00 1.313131313131e-01
v -5.353535353535e-01 0.000000000000e+00 1.717171717172e-01
v -5.555555555556e-01 0.000000000000e+00 7.070707070707e-02
v -5.555555555556e-01 0.000000000000e+00 1.111111111111e-01
v -5.353535353535e-01 0.000000000000e+00 3.939393939394e-01
v -5.757575757576e-01 0.000000000000e+00 3.939393939394e-01
v -5.555555555556e-01 0.000000000000e+00 3.737373737374e-01
v -5.757575757576e-01 0.000000000000e+00 3.737373737374e-01
v -5.353535353535e-01 0.000000000000e+00 3.737373737374e-01
v -5.959595959596e-01 0.000000000000e+00 3.535353535354e-01
v -5.151515151515e-01 0.000000000000e+00 3.737373737374e-01
v -5.959595959596e-01 0.000000000000e+00 3.939393939394e-01
v -5.151515151515e-01 0.000000000000e+00 3.535353535354e-01
v -5.757575757576e-01 0.000000000000e+00 3.535353535354e-01
v -5.959595959596e-01 0.000000000000e+00 3.737373737374e-01
v -5.151515151515e-01 0.000000000000e+00 3.939393939394e-01
v -5.353535353535e-01 0.000000000000e+00 3.535353535354e-01
v -5.555555555556e-01 0.000000000000e+00 3.535353535354e-01
v -5.555555555556e-01 0.000000000000e+00 3.939393939394e-01
v -5.555555555556e-01 0.000000000000e+00 4.141414141414e-01
v -5.959595959596e-01 0.000000000000e+00 4.343434343434e-01
v -5.757575757576e-01 0.000000000000e+00 4.545454545455e-01
v -5.959595959596e-01 0.000000000000e+00 4.545454545455e-01
v -5.353535353535e-01 0.000000000000e+00 4.343434343434e-01
v -5.555555555556e-01 0.000000000000e+00 4.343434343434e-01
v -5.151515151515e-01 0.000000000000e+00 4.141414141414e-01
v -5.353535353535e-01 0.000000000000e+00 4.141414141414e-01
v -5.555555555556e-01 0.000000000000e+00 4.545454545455e-01
v -5.353535353535e-01 0.000000000000e+00 4.545454545455e-01
v -5.151515151515e-01 0.000000000000e+00 4.545454545455e-01
v -5.757575757576e-01 0.000000000000e+00 4.343434343434e-01
v -5.151515151515e-01 0.000000000000e+00 4.343434343434e-01
v -5.959595959596e-01 0.000000000000e+00 4.141414141414e-01
v -5.757575757576e-01 0.000000000000e+00 4.141414141414e-01
v -7.171717171717e-01 0.000000000000e+00 4.141414141414e-01
v -7.373737373737e-01 0.000000000000e+00 3.939393939394e-01
v -7.575757575758e-01 0.000000000000e+00 3.939393939394e-01
v -7.373737373737e-01 0.000000000000e+00 4.141414141414e-01
v -7.373737373737e-01 0.000000000000e+00 4.545454545455e-01
v -7.575757575758e-01 0.000000000000e+00 4.343434343434e-01
v -7.171717171717e-01 0.000000000000e+00 4.545454545455e-01
v -7.575757575758e-01 0.000000000000e+00 4.545454545455e-01
v -7.575757575758e-01 0.000000000000e+00 4.141414141414e-01
v -6.969696969697e-01 0.000000000000e+00 4.141414141414e-01
v -6.969696969697e-01 0.000000000000e+00 4.343434343434e-01
v -7.171717171717e-01 0.000000000000e+00 4.343434343434e-01
v -7.171717171717e-01 0.000000000000e+00 3.939393939394e-01
v -7.373737373737e-01 0.000000000000e+00 4.343434343434e-01
v -6.969696969697e-01 0.000000000000e+00 4.545454545455e-01
v -6.565656565657e-01 0.000000000000e+00 3.737373737374e-01
v -6.767676767677e-01 0.000000000000e+00 3.737373737374e-01
v -6.969696969697e-01 0.000000000000e+00 3.737373737374e-01
v -6.161616161616e-01 0.000000000000e+00 3.737373737374e-01
v -6.363636363636e-01 0.000000000000e+00 3.535353535354e-01
v -6.767676767677e-01 0.000000000000e+00 3.939393939394e-01
v -6.969696969697e-01 0.000000000000e+00 3.939393939394e-01
v -7.373737373737e-01 0.000000000000e+00 3.737373737374e-01
v -7.171717171717e-01 0.000000000000e+00 3.535353535354e-01
v -6.969696969697e-01 0.000000000000e+00 3.535353535354e-01
v -6.767676767677e-01 0.000000000000e+00 3.535353535354e-01
v -6.565656565657e-01 0.000000000000e+00 3.535353535354e-01
v -6.363636363636e-01 0.000000000000e+00 3.737373737374e-01
v -7.171717171717e-01 0.000000000000e+00 3.737373737374e-01
v -6.161616161616e-01 0.000000000000e+00 3.535353535354e-01
v -6.767676767677e-01 0.000000000000e+00 4.141414141414e-01
v -6.565656565657e-01 0.000000000000e+00 3.939393939394e-01
v -6.565656565657e-01 0.000000000000e+00 4.141414141414e-01
v -6.363636363636e-01 0.000000000000e+00 4.141414141414e-01
v -6.363636363636e-01 0.000000000000e+00 3.939393939394e-01
v -6.767676767677e-01 0.000000000000e+00 4.343434343434e-01
v -6.565656565657e-01 0.000000000000e+00 4.343434343434e-01
v -6.565656565657e-01 0.000000000000e+00 4.545454545455e-01
v -6.767676767677e-01 0.000000000000e+00 4.545454545455e-01
v -6.161616161616e-01 0.000000000000e+00 4.141414141414e-01
v -6.161616161616e-01 0.000000000000e+00 4.545454545455e-01
v -6.161616161616e-01 0.000000000000e+00 3.939393939394e-01
v -6.363636363636e-01 0.000000000000e+00 4.343434343434e-01
v -6.363636363636e-01 0.000000000000e+00 4.545454545455e-01
v -6.161616161616e-01 0.000000000000e+00 4.343434343434e-01
v -6.969696969697e-01 0.000000000000e+00 3.333333333333e-01
v -6.363636363636e-01 0.000000000000e+00 2.929292929293e-01
v -6.565656565657e-01 0.000000000000e+00 3.333333333333e-01
v -6.363636363636e-01 0.000000000000e+00 3.333333333333e-01
v -6.565656565657e-01 0.000000000000e+00 3.131313131313e-01
v -6.969696969697e-01 0.000000000000e+00 2.727272727273e-01
v -6.767676767677e-01 0.000000000000e+00 2.727272727273e-01
v -6.767676767677e-01 0.000000000000e+00 3.333333333333e-01
v -6.767676767677e-01 0.000000000000e+00 2.929292929293e-01
v -6.969696969697e-01 0.000000000000e+00 3.131313131313e-01
v -6.565656565657e-01 0.000000000000e+00 2.929292929293e-01
v -6.565656565657e-01 0.000000000000e+00 2.727272727273e-01
v -6.969696969697e-01 0.000000000000e+00 2.929292929293e-01
v -6.363636363636e-01 0.000000000000e+00 3.131313131313e-01
v -6.767676767677e-01 0.000000000000e+00 3.131313131313e-01
v -6.969696969697e-01 0.000000000000e+00 2.525252525253e-01
v -6.969696969697e-01 0.000000000000e+00 2.323232323232e-01
v -6.767676767677e-01 0.000000000000e+00 2.323232323232e-01
v -6.565656565657e-01 0.000000000000e+00 2.525252525253e-01
v -6.767676767677e-01 0.000000000000e+00 2.525252525253e-01
v -6.565656565657e-01 0.000000000000e+00 2.323232323232e-01
v -6.969696969697e-01 0.000000000000e+00 2.121212121212e-01
v -7.575757575758e-01 0.000000000000e+00 2.121212121212e-01
v -7.171717171717e-01 0.000000000000e+00 2.525252525253e-01
v -7.171717171717e-01 0.000000000000e+00 2.121212121212e-01
v -7.373737373737e-01 0.000000000000e+00 2.121212121212e-01
v -6.767676767677e-01 0.000000000000e+00 2.121212121212e-01
v -6.565656565657e-01 0.000000000000e+00 2.121212121212e-01
v -7.373737373737e-01 0.000000000000e+00 2.323232323232e-01
v -7.171717171717e-01 0.000000000000e+00 2.323232323232e-01
v -7.575757575758e-01 0.000000000000e+00 2.323232323232e-01
v -7.575757575758e-01 0.000000000000e+00 3.131313131313e-01
v -7.373737373737e-01 0.000000000000e+00 3.131313131313e-01
v -7.171717171717e-01 0.000000000000e+00 3.131313131313e-01
v -7.373737373737e-01 0.000000000000e+00 2.525252525253e-01
v -7.575757575758e-01 0.000000000000e+00 2.727272727273e-01
v -7.575757575758e-01 0.000000000000e+00 2.525252525253e-01
v -7.373737373737e-01 0.000000000000e+00 2.727272727273e-01
v -7.171717171717e-01 0.000000000000e+00 2.727272727273e-01
v -7.575757575758e-01 0.000000000000e+00 2.929292929293e-01
v -7.373737373737e-01 0.000000000000e+00 2.929292929293e-01
v -7.171717171717e-01 0.000000000000e+00 2.929292929293e-01
v -7.373737373737e-01 0.000000000000e+00 3.535353535354e-01
v -7.171717171717e-01 0.000000000000e+00 3.333333333333e-01
v -7.373737373737e-01 0.000000000000e+00 3.333333333333e-01
v -7.575757575758e-01 0.000000000000e+00 3.333333333333e-01
v -5.757575757576e-01 0.000000000000e+00 2.525252525253e-01
v -6.363636363636e-01 0.000000000000e+00 2.323232323232e-01
v -6.363636363636e-01 0.000000000000e+00 2.121212121212e-01
v -5.757575757576e-01 0.000000000000e+00 2.727272727273e-01
v -5.959595959596e-01 0.000000000000e+00 2.525252525253e-01
v -6.161616161616e-01 0.000000000000e+00 2.525252525253e-01
v -6.363636363636e-01 0.000000000000e+00 2.525252525253e-01
v -6.161616161616e-01 0.000000000000e+00 2.727272727273e-01
v -6.161616161616e-01 0.000000000000e+00 2.323232323232e-01
v -6.363636363636e-01 0.000000000000e+00 2.727272727273e-01
v -5.959595959596e-01 0.000000000000e+00 2.121212121212e-01
v -5.757575757576e-01 0.000000000000e+00 2.323232323232e-01
v -5.959595959596e-01 0.000000000000e+00 2.323232323232e-01
v -5.959595959596e-01 0.000000000000e+00 2.727272727273e-01
v -5.757575757576e-01 0.000000000000e+00 2.121212121212e-01
v -6.161616161616e-01 0.000000000000e+00 2.121212121212e-01
v -5.151515151515e-01 0.000000000000e+00 1.919191919192e-01
v -5.353535353535e-01 0.000000000000e+00 2.727272727273e-01
v -5.555555555556e-01 0.000000000000e+00 2.525252525253e-01
v -5.555555555556e-01 0.000000000000e+00 2.727272727273e-01
v -5.353535353535e-01 0.000000000000e+00 1.919191919192e-01
v -5.151515151515e-01 0.000000000000e+00 2.727272727273e-01
v -5.151515151515e-01 0.000000000000e+00 2.929292929293e-01
v -5.353535353535e-01 0.000000000000e+00 2.929292929293e-01
v -5.353535353535e-01 0.000000000000e+00 2.525252525253e-01
v -5.151515151515e-01 0.000000000000e+00 2.323232323232e-01
v -5.151515151515e-01 0.000000000000e+00 2.525252525253e-01
v -5.555555555556e-01 0.000000000000e+00 2.323232323232e-01
v -5.151515151515e-01 0.000000000000e+00 2.121212121212e-01
v -5.555555555556e-01 0.000000000000e+00 2.121212121212e-01
v -5.353535353535e-01 0.000000000000e+00 2.121212121212e-01
v -5.353535353535e-01 0.000000000000e+00 2.323232323232e-01
v -5.959595959596e-01 0.000000000000e+00 3.333333333333e-01
v -5.353535353535e-01 0.000000000000e+00 3.333333333333e-01
v -5.555555555556e-01 0.000000000000e+00 3.333333333333e-01
v -5.555555555556e-01 0.000000000000e+00 3.131313131313e-01
v -5.757575757576e-01 0.000000000000e+00 3.131313131313e-01
v -5.353535353535e-01 0.000000000000e+00 3.131313131313e-01
v -5.757575757576e-01 0.000000000000e+00 3.333333333333e-01
v -5.757575757576e-01 0.000000000000e+00 2.929292929293e-01
v -5.555555555556e-01 0.000000000000e+00 2.929292929293e-01
v -5.151515151515e-01 0.000000000000e+00 3.131313131313e-01
v -5.959595959596e-01 0.000000000000e+00 3.131313131313e-01
v -5.151515151515e-01 0.000000000000e+00 3.333333333333e-01
v -6.161616161616e-01 0.000000000000e+00 3.131313131313e-01
v -5.959595959596e-01 0.000000000000e+00 2.929292929293e-01
v -6.161616161616e-01 0.000000000000e+00 2.929292929293e-01
v -6.161616161616e-01 0.000000000000e+00 3.333333333333e-01
v -4.141414141414e-01 0.000000000000e+00 3.535353535354e-01
v -3.939393939394e-01 0.000000000000e+00 3.535353535354e-01
v -3.939393939394e-01 0.000000000000e+00 4.141414141414e-01
v -4.343434343434e-01 0.000000000000e+00 3.939393939394e-01
v -3.939393939394e-01 0.000000000000e+00 4.343434343434e-01
v -4.141414141414e-01 0.000000000000e+00 4.141414141414e-01
v -4.141414141414e-01 0.000000000000e+00 3.939393939394e-01
v -3.939393939394e-01 0.000000000000e+00 3.737373737374e-01
v -4.343434343434e-01 0.000000000000e+00 3.737373737374e-01
v -4.141414141414e-01 0.000000000000e+00 4.343434343434e-01
v -3.939393939394e-01 0.000000000000e+00 4.545454545455e-01
v -4.343434343434e-01 0.000000000000e+00 4.343434343434e-01
v -3.939393939394e-01 0.000000000000e+00 3.939393939394e-01
v -4.343434343434e-01 0.000000000000e+00 4.141414141414e-01
v -4.141414141414e-01 0.000000000000e+00 3.737373737374e-01
v -4.949494949495e-01 0.000000000000e+00 3.737373737374e-01
v -4.747474747475e-01 0.000000000000e+00 4.141414141414e-01
v -4.747474747475e-01 0.000000000000e+00 3.939393939394e-01
v -4.949494949495e-01 0.000000000000e+00 3.939393939394e-01
v -4.545454545455e-01 0.000000000000e+00 3.737373737374e-01
v -4.545454545455e-01 0.000000000000e+00 3.939393939394e-01
v -4.949494949495e-01 0.000000000000e+00 4.343434343434e-01
v -4.747474747475e-01 0.000000000000e+00 3.737373737374e-01
v -4.949494949495e-01 0.000000000000e+00 4.141414141414e-01
v -4.747474747475e-01 0.000000000000e+00 4.545454545455e-01
v -4.545454545455e-01 0.000000000000e+00 4.545454545455e-01
v -4.949494949495e-01 0.000000000000e+00 4.545454545455e-01
v -4.747474747475e-01 0.000000000000e+00 4.343434343434e-01
v -4.545454545455e-01 0.000000000000e+00 4.343434343434e-01
v -4.545454545455e-01 0.000000000000e+00 4.141414141414e-01
v -4.545454545455e-01 0.000000000000e+00 3.131313131313e-01
v -4.949494949495e-01 0.000000000000e+00 3.131313131313e-01
v -4.949494949495e-01 0.000000000000e+00 3.333333333333e-01
v -4.747474747475e-01 0.000000000000e+00 3.131313131313e-01
v -4.747474747475e-01 0.000000000000e+00 2.929292929293e-01
v -4.545454545455e-01 0.000000000000e+00 2.929292929293e-01
v -4.343434343434e-01 0.000000000000e+00 2.929292929293e-01
v -4.343434343434e-01 0.000000000000e+00 3.131313131313e-01
v -4.747474747475e-01 0.000000000000e+00 3.535353535354e-01
v -4.343434343434e-01 0.000000000000e+00 3.333333333333e-01
v -4.545454545455e-01 0.000000000000e+00 3.535353535354e-01
v -4.343434343434e-01 0.000000000000e+00 3.535353535354e-01
v -4.747474747475e-01 0.000000000000e+00 3.333333333333e-01
v -4.545454545455e-01 0.000000000000e+00 3.333333333333e-01
v -4.949494949495e-01 0.000000000000e+00 3.535353535354e-01
v -4.949494949495e-01 0.000000000000e+00 2.929292929293e-01
v -4.949494949495e-01 0.000000000000e+00 2.727272727273e-01
v -4.949494949495e-01 0.000000000000e+00 2.525252525253e-01
v -4.545454545455e-01 0.000000000000e+00 2.323232323232e-01
v -4.343434343434e-01 0.000000000000e+00 2.323232323232e-01
v -4.545454545455e-01 0.000000000000e+00 2.727272727273e-01
v -4.141414141414e-01 0.000000000000e+00 2.525252525253e-01
v -4.747474747475e-01 0.000000000000e+00 2.323232323232e-01
v -4.141414141414e-01 0.000000000000e+00 2.323232323232e-01
v -4.747474747475e-01 0.000000000000e+00 2.525252525253e-01
v -4.747474747475e-01 0.000000000000e+00 2.727272727273e-01
v -4.343434343434e-01 0.000000000000e+00 2.727272727273e-01
v -4.545454545455e-01 0.000000000000e+00 2.525252525253e-01
v -4.343434343434e-01 0.000000000000e+00 2.525252525253e-01
v -4.949494949495e-01 0.000000000000e+00 2.323232323232e-01
v -3.737373737374e-01 0.000000000000e+00 3.131313131313e-01
v -4.141414141414e-01 0.000000000000e+00 3.333333333333e-01
v -3.737373737374e-01 0.000000000000e+00 3.333333333333e-01
v -4.141414141414e-01 0.000000000000e+00 3.131313131313e-01
v -3.939393939394e-01 0.000000000000e+00 3.131313131313e-01
v -3.737373737374e-01 0.000000000000e+00 2.929292929293e-01
v -3.939393939394e-01 0.000000000000e+00 2.727272727273e-01
v -3.939393939394e-01 0.000000000000e+00 2.929292929293e-01
v -3.939393939394e-01 0.000000000000e+00 2.525252525253e-01
v -3.737373737374e-01 0.000000000000e+00 2.727272727273e-01
v -4.141414141414e-01 0.000000000000e+00 2.929292929293e-01
v -3.939393939394e-01 0.000000000000e+00 3.333333333333e-01
v -4.141414141414e-01 0.000000000000e+00 2.727272727273e-01
v -3.737373737374e-01 0.000000000000e+00 2.525252525253e-01
v -3.737373737374e-01 0.000000000000e+00 2.323232323232e-01
v -3.939393939394e-01 0.000000000000e+00 2.323232323232e-01
v -3.737373737374e-01 0.000000000000e+00 3.939393939394e-01
v -3.131313131313e-01 0.000000000000e+00 4.141414141414e-01
v -3.333333333333e-01 0.000000000000e+00 4.545454545455e-01
v -3.737373737374e-01 0.000000000000e+00 4.343434343434e-01
v -3.737373737374e-01 0.000000000000e+00 4.545454545455e-01
v -3.535353535354e-01 0.000000000000e+00 4.343434343434e-01
v -3.737373737374e-01 0.000000000000e+00 4.141414141414e-01
v -3.333333333333e-01 0.000000000000e+00 4.141414141414e-01
v -3.333333333333e-01 0.000000000000e+00 4.343434343434e-01
v -3.535353535354e-01 0.000000000000e+00 3.939393939394e-01
v -3.333333333333e-01 0.000000000000e+00 3.939393939394e-01
v -3.535353535354e-01 0.000000000000e+00 4.545454545455e-01
v -3.131313131313e-01 0.000000000000e+00 4.343434343434e-01
v -3.131313131313e-01 0.000000000000e+00 3.939393939394e-01
v -3.535353535354e-01 0.000000000000e+00 4.141414141414e-01
v -3.535353535354e-01 0.000000000000e+00 3.737373737374e-01
v -2.929292929293e-01 0.000000000000e+00 3.737373737374e-01
v -3.131313131313e-01 0.000000000000e+00 3.737373737374e-01
v -2.929292929293e-01 0.000000000000e+00 3.939393939394e-01
v -3.333333333333e-01 0.000000000000e+00 3.737373737374e-01
v -3.737373737374e-01 0.000000000000e+00 3.737373737374e-01
v -2.929292929293e-01 0.000000000000e+00 3.535353535354e-01
v -2.727272727273e-01 0.000000000000e+00 3.737373737374e-01
v -2.727272727273e-01 0.000000000000e+00 3.535353535354e-01
v -3.131313131313e-01 0.000000000000e+00 3.535353535354e-01
v -3.333333333333e-01 0.000000000000e+00 3.333333333333e-01
v -3.131313131313e-01 0.000000000000e+00 3.333333333333e-01
v -3.535353535354e-01 0.000000000000e+00 3.333333333333e-01
v -3.535353535354e-01 0.000000000000e+00 3.535353535354e-01
v -3.737373737374e-01 0.000000000000e+00 3.535353535354e-01
v -3.333333333333e-01 0.000000000000e+00 3.535353535354e-01
v -3.535353535354e-01 0.000000000000e+00 2.727272727273e-01
v -3.131313131313e-01 0.000000000000e+00 2.727272727273e-01
v -3.333333333333e-01 0.000000000000e+00 2.929292929293e-01
v -3.131313131313e-01 0.000000000000e+00 2.929292929293e-01
v -3.535353535354e-01 0.000000000000e+00 3.131313131313e-01
v -3.333333333333e-01 0.000000000000e+00 2.525252525253e-01
v -3.131313131313e-01 0.000000000000e+00 2.323232323232e-01
v -3.535353535354e-01 0.000000000000e+00 2.929292929293e-01
v -3.333333333333e-01 0.000000000000e+00 2.727272727273e-01
v -3.131313131313e-01 0.000000000000e+00 2.525252525253e-01
v -3.535353535354e-01 0.000000000000e+00 2.525252525253e-01
v -3.333333333333e-01 0.000000000000e+00 2.323232323232e-01
v -3.131313131313e-01 0.000000000000e+00 3.131313131313e-01
v -3.333333333333e-01 0.000000000000e+00 3.131313131313e-01
v -3.535353535354e-01 0.000000000000e+00 2.323232323232e-01
v -2.727272727273e-01 0.000000000000e+00 2.929292929293e-01
v -2.929292929293e-01 0.000000000000e+00 3.333333333333e-01
v -2.525252525253e-01 0.000000000000e+00 3.535353535354e-01
v -2.929292929293e-01 0.000000000000e+00 2.929292929293e-01
v -2.525252525253e-01 0.000000000000e+00 2.929292929293e-01
v -2.727272727273e-01 0.000000000000e+00 3.333333333333e-01
v -2.525252525253e-01 0.000000000000e+00 3.333333333333e-01
v -2.525252525253e-01 0.000000000000e+00 3.131313131313e-01
v -2.727272727273e-01 0.000000000000e+00 3.131313131313e-01
v -2.323232323232e-01 0.000000000000e+00 3.333333333333e-01
v -2.323232323232e-01 0.000000000000e+00 3.535353535354e-01
v -2.929292929293e-01 0.000000000000e+00 3.131313131313e-01
v -2.121212121212e-01 0.000000000000e+00 3.333333333333e-01
v -2.323232323232e-01 0.000000000000e+00 3.131313131313e-01
v -2.121212121212e-01 0.000000000000e+00 3.131313131313e-01
v -2.323232323232e-01 0.000000000000e+00 2.727272727273e-01
v -2.525252525253e-01 0.000000000000e+00 2.323232323232e-01
v -2.323232323232e-01 0.000000000000e+00 2.929292929293e-01
v -2.323232323232e-01 0.000000000000e+00 2.323232323232e-01
v -2.929292929293e-01 0.000000000000e+00 2.727272727273e-01
v -2.121212121212e-01 0.000000000000e+00 2.929292929293e-01
v -2.727272727273e-01 0.000000000000e+00 2.727272727273e-01
v -2.525252525253e-01 0.000000000000e+00 2.727272727273e-01
v -2.525252525253e-01 0.000000000000e+00 2.525252525253e-01
v -2.929292929293e-01 0.000000000000e+00 2.323232323232e-01
v -2.727272727273e-01 0.000000000000e+00 2.525252525253e-01
v -2.929292929293e-01 0.000000000000e+00 2.525252525253e-01
v -2.121212121212e-01 0.000000000000e+00 2.727272727273e-01
v -2.727272727273e-01 0.000000000000e+00 2.323232323232e-01
v -2.323232323232e-01 0.000000000000e+00 2.525252525253e-01
v -1.919191919192e-01 0.000000000000e+00 2.727272727273e-01
v -1.313131313131e-01 0.000000000000e+00 3.131313131313e-01
v -1.919191919192e-01 0.000000000000e+00 3.131313131313e-01
v -1.313131313131e-01 0.000000000000e+00 2.727272727273e-01
v -1.717171717172e-01 0.000000000000e+00 2.929292929293e-01
v -1.515151515152e-01 0.000000000000e+00 2.929292929293e-01
v -1.313131313131e-01 0.000000000000e+00 2.929292929293e-01
v -1.515151515152e-01 0.000000000000e+00 3.131313131313e-01
v -1.717171717172e-01 0.000000000000e+00 3.131313131313e-01
v -1.515151515152e-01 0.000000000000e+00 2.727272727273e-01
v -1.111111111111e-01 0.000000000000e+00 3.131313131313e-01
v -1.717171717172e-01 0.000000000000e+00 2.727272727273e-01
v -1.919191919192e-01 0.000000000000e+00 2.929292929293e-01
v -1.111111111111e-01 0.000000000000e+00 2.929292929293e-01
v -1.111111111111e-01 0.000000000000e+00 2.727272727273e-01
v -1.919191919192e-01 0.000000000000e+00 3.333333333333e-01
v -1.717171717172e-01 0.000000000000e+00 3.333333333333e-01
v -1.313131313131e-01 0.000000000000e+00 3.737373737374e-01
v -1.515151515152e-01 0.000000000000e+00 3.333333333333e-01
v -1.919191919192e-01 0.000000000000e+00 3.939393939394e-01
v -1.717171717172e-01 0.000000000000e+00 3.939393939394e-01
v -1.919191919192e-01 0.000000000000e+00 3.535353535354e-01
v -2.121212121212e-01 0.000000000000e+00 3.535353535354e-01
v -1.515151515152e-01 0.000000000000e+00 3.535353535354e-01
v -1.717171717172e-01 0.000000000000e+00 3.535353535354e-01
v -1.515151515152e-01 0.000000000000e+00 3.737373737374e-01
v -1.717171717172e-01 0.000000000000e+00 3.737373737374e-01
v -1.919191919192e-01 0.000000000000e+00 3.737373737374e-01
v -1.313131313131e-01 0.000000000000e+00 3.535353535354e-01
v -2.121212121212e-01 0.000000000000e+00 3.737373737374e-01
v -1.313131313131e-01 0.000000000000e+00 3.333333333333e-01
v -1.313131313131e-01 0.000000000000e+00 3.939393939394e-01
v -1.111111111111e-01 0.000000000000e+00 4.343434343434e-01
v -5.050505050505e-02 0.000000000000e+00 4.141414141414e-01
v -5.050505050505e-02 0.000000000000e+00 4.343434343434e-01
v -9.090909090909e-02 0.000000000000e+00 4.141414141414e-01
v -1.515151515152e-01 0.000000000000e+00 3.939393939394e-01
v -1.313131313131e-01 0.000000000000e+00 4.343434343434e-01
v -1.515151515152e-01 0.000000000000e+00 4.141414141414e-01
v -7.070707070707e-02 0.000000000000e+00 4.343434343434e-01
v -7.070707070707e-02 0.000000000000e+00 4.141414141414e-01
v -1.313131313131e-01 0.000000000000e+00 4.141414141414e-01
v -1.111111111111e-01 0.000000000000e+00 3.939393939394e-01
v -1.111111111111e-01 0.000000000000e+00 4.141414141414e-01
v -9.090909090909e-02 0.000000000000e+00 4.343434343434e-01
v -9.090909090909e-02 0.000000000000e+00 3.939393939394e-01
v -3.030303030303e-02 0.000000000000e+00 3.131313131313e-01
v -7.070707070707e-02 0.000000000000e+00 2.929292929293e-01
v -3.030303030303e-02 0.000000000000e+00 2.727272727273e-01
v -3.030303030303e-02 0.000000000000e+00 2.929292929293e-01
v -7.070707070707e-02 0.000000000000e+00 3.131313131313e-01
v -5.050505050505e-02 0.000000000000e+00 2.727272727273e-01
v -9.090909090909e-02 0.000000000000e+00 3.131313131313e-01
v -5.050505050505e-02 0.000000000000e+00 3.131313131313e-01
v -7.070707070707e-02 0.000000000000e+00 3.333333333333e-01
v -9.090909090909e-02 0.000000000000e+00 2.727272727273e-01
v -5.050505050505e-02 0.000000000000e+00 2.929292929293e-01
v -7.070707070707e-02 0.000000000000e+00 2.727272727273e-01
v -9.090909090909e-02 0.000000000000e+00 2.929292929293e-01
v -3.030303030303e-02 0.000000000000e+00 3.333333333333e-01
v -5.050505050505e-02 0.000000000000e+00 3.333333333333e-01
v -5.050505050505e-02 0.000000000000e+00 3.737373737374e-01
v -5.050505050505e-02 0.000000000000e+00 3.535353535354e-01
v -1.111111111111e-01 0.000000000000e+00 3.737373737374e-01
v -3.030303030303e-02 0.000000000000e+00 3.535353535354e-01
v -3.030303030303e-02 0.000000000000e+00 3.737373737374e-01
v -5.050505050505e-02 0.000000000000e+00 3.939393939394e-01
v -7.070707070707e-02 0.000000000000e+00 3.939393939394e-01
v -1.111111111111e-01 0.000000000000e+00 3.333333333333e-01
v -7.070707070707e-02 0.000000000000e+00 3.737373737374e-01
v -9.090909090909e-02 0.000000000000e+00 3.737373737374e-01
v -1.111111111111e-01 0.000000000000e+00 3.535353535354e-01
v -9.090909090909e-02 0.000000000000e+00 3.535353535354e-01
v -7.070707070707e-02 0.000000000000e+00 3.535353535354e-01
v -9.090909090909e-02 0.000000000000e+00 3.333333333333e-01
v -2.525252525253e-01 0.000000000000e+00 3.939393939394e-01
v -2.929292929293e-01 0.000000000000e+00 4.141414141414e-01
v -2.121212121212e-01 0.000000000000e+00 4.141414141414e-01
v -2.525252525253e-01 0.000000000000e+00 4.343434343434e-01
v -2.121212121212e-01 0.000000000000e+00 3.939393939394e-01
v -2.525252525253e-01 0.000000000000e+00 4.141414141414e-01
v -2.323232323232e-01 0.000000000000e+00 3.737373737374e-01
v -2.323232323232e-01 0.000000000000e+00 4.141414141414e-01
v -2.727272727273e-01 0.000000000000e+00 4.141414141414e-01
v -2.121212121212e-01 0.000000000000e+00 4.343434343434e-01
v -2.727272727273e-01 0.000000000000e+00 3.939393939394e-01
v -2.525252525253e-01 0.000000000000e+00 3.737373737374e-01
v -2.323232323232e-01 0.000000000000e+00 3.939393939394e-01
v -2.727272727273e-01 0.000000000000e+00 4.343434343434e-01
v -2.323232323232e-01 0.000000000000e+00 4.343434343434e-01
v -2.323232323232e-01 0.000000000000e+00 5.151515151515e-01
v -2.525252525253e-01 0.000000000000e+00 5.353535353535e-01
v -2.121212121212e-01 0.000000000000e+00 5.151515151515e-01
v -2.323232323232e-01 0.000000000000e+00 4.949494949495e-01
v -2.525252525253e-01 0.000000000000e+00 4.949494949495e-01
v -2.525252525253e-01 0.000000000000e+00 4.747474747475e-01
v -2.323232323232e-01 0.000000000000e+00 5.353535353535e-01
v -2.323232323232e-01 0.000000000000e+00 4.747474747475e-01
v -2.525252525253e-01 0.000000000000e+00 4.545454545455e-01
v -2.121212121212e-01 0.000000000000e+00 5.353535353535e-01
v -2.121212121212e-01 0.000000000000e+00 4.747474747475e-01
v -2.323232323232e-01 0.000000000000e+00 4.545454545455e-01
v -2.525252525253e-01 0.000000000000e+00 5.151515151515e-01
v -2.121212121212e-01 0.000000000000e+00 4.949494949495e-01
v -2.121212121212e-01 0.000000000000e+00 4.545454545455e-01
v -2.929292929293e-01 0.000000000000e+00 4.545454545455e-01
v -3.131313131313e-01 0.000000000000e+00 4.949494949495e-01
v -2.929292929293e-01 0.000000000000e+00 4.343434343434e-01
v -3.131313131313e-01 0.000000000000e+00 4.545454545455e-01
v -2.929292929293e-01 0.000000000000e+00 4.949494949495e-01
v -3.131313131313e-01 0.000000000000e+00 4.747474747475e-01
v -3.131313131313e-01 0.000000000000e+00 5.151515151515e-01
v -2.929292929293e-01 0.000000000000e+00 5.353535353535e-01
v -2.929292929293e-01 0.000000000000e+00 4.747474747475e-01
v -2.727272727273e-01 0.000000000000e+00 4.949494949495e-01
v -2.727272727273e-01 0.000000000000e+00 5.151515151515e-01
v -2.727272727273e-01 0.000000000000e+00 4.545454545455e-01
v -2.929292929293e-01 0.000000000000e+00 5.151515151515e-01
v -2.727272727273e-01 0.000000000000e+00 5.353535353535e-01
v -2.727272727273e-01 0.000000000000e+00 4.747474747475e-01
v -5.050505050505e-02 0.000000000000e+00 4.747474747475e-01
v -5.050505050505e-02 0.000000000000e+00 4.949494949495e-01
v -5.050505050505e-02 0.000000000000e+00 5.353535353535e-01
v -9.090909090909e-02 0.000000000000e+00 4.545454545455e-01
v -5.050505050505e-02 0.000000000000e+00 5.151515151515e-01
v -5.050505050505e-02 0.000000000000e+00 4.545454545455e-01
v -7.070707070707e-02 0.000000000000e+00 4.545454545455e-01
v -9.090909090909e-02 0.000000000000e+00 4.949494949495e-01
v -7.070707070707e-02 0.000000000000e+00 4.747474747475e-01
v -7.070707070707e-02 0.000000000000e+00 5.151515151515e-01
v -9.090909090909e-02 0.000000000000e+00 5.151515151515e-01
v -9.090909090909e-02 0.000000000000e+00 4.747474747475e-01
v -7.070707070707e-02 0.000000000000e+00 5.353535353535e-01
v -7.070707070707e-02 0.000000000000e+00 4.949494949495e-01
v -9.090909090909e-02 0.000000000000e+00 5.353535353535e-01
v -1.111111111111e-01 0.000000000000e+00 4.949494949495e-01
v -1.111111111111e-01 0.000000000000e+00 5.151515151515e-01
v -1.111111111111e-01 0.000000000000e+00 5.353535353535e-01
v -1.919191919192e-01 0.000000000000e+00 5.151515151515e-01
v -1.717171717172e-01 0.000000000000e+00 5.353535353535e-01
v -1.717171717172e-01 0.000000000000e+00 5.151515151515e-01
v -1.919191919192e-01 0.000000000000e+00 5.353535353535e-01
v -1.313131313131e-01 0.000000000000e+00 5.353535353535e-01
v -1.515151515152e-01 0.000000000000e+00 4.949494949495e-01
v -1.313131313131e-01 0.000000000000e+00 5.151515151515e-01
v -1.515151515152e-01 0.000000000000e+00 5.353535353535e-01
v -1.515151515152e-01 0.000000000000e+00 5.151515151515e-01
v -1.717171717172e-01 0.000000000000e+00 4.949494949495e-01
v -1.919191919192e-01 0.000000000000e+00 4.949494949495e-01
v -1.313131313131e-01 0.000000000000e+00 4.949494949495e-01
v -1.919191919192e-01 0.000000000000e+00 4.545454545455e-01
v -1.717171717172e-01 0.000000000000e+00 4.141414141414e-01
v -1.313131313131e-01 0.000000000000e+00 4.747474747475e-01
v -1.111111111111e-01 0.000000000000e+00 4.747474747475e-01
v -1.717171717172e-01 0.000000000000e+00 4.343434343434e-01
v -1.111111111111e-01 0.000000000000e+00 4.545454545455e-01
v -1.919191919192e-01 0.000000000000e+00 4.141414141414e-01
v -1.313131313131e-01 0.000000000000e+00 4.545454545455e-01
v -1.717171717172e-01 0.000000000000e+00 4.545454545455e-01
v -1.515151515152e-01 0.000000000000e+00 4.343434343434e-01
v -1.919191919192e-01 0.000000000000e+00 4.343434343434e-01
v -1.919191919192e-01 0.000000000000e+00 4.747474747475e-01
v -1.717171717172e-01 0.000000000000e+00 4.747474747475e-01
v -1.515151515152e-01 0.000000000000e+00 4.747474747475e-01
v -1.515151515152e-01 0.000000000000e+00 4.545454545455e-01
v -3.939393939394e-01 0.000000000000e+00 1.111111111111e-01
v -4.141414141414e-01 0.000000000000e+00 1.717171717172e-01
v -4.141414141414e-01 0.000000000000e+00 1.515151515152e-01
v -3.939393939394e-01 0.000000000000e+00 1.313131313131e-01
v -4.141414141414e-01 0.000000000000e+00 1.313131313131e-01
v -4.141414141414e-01 0.000000000000e+00 1.111111111111e-01
v -4.343434343434e-01 0.000000000000e+00 1.313131313131e-01
v -4.343434343434e-01 0.000000000000e+00 1.111111111111e-01
v -4.343434343434e-01 0.000000000000e+00 1.919191919192e-01
v -4.141414141414e-01 0.000000000000e+00 1.919191919192e-01
v -4.343434343434e-01 0.000000000000e+00 2.121212121212e-01
v -4.141414141414e-01 0.000000000000e+00 2.121212121212e-01
v -4.343434343434e-01 0.000000000000e+00 1.717171717172e-01
v -4.343434343434e-01 0.000000000000e+00 1.515151515152e-01
v -4.747474747475e-01 0.000000000000e+00 1.313131313131e-01
v -4.545454545455e-01 0.000000000000e+00 2.121212121212e-01
v -4.949494949495e-01 0.000000000000e+00 1.515151515152e-01
v -4.747474747475e-01 0.000000000000e+00 2.121212121212e-01
v -4.949494949495e-01 0.000000000000e+00 2.121212121212e-01
v -4.747474747475e-01 0.000000000000e+00 1.515151515152e-01
v -4.949494949495e-01 0.000000000000e+00 1.919191919192e-01
v -4.545454545455e-01 0.000000000000e+00 1.919191919192e-01
v -4.949494949495e-01 0.000000000000e+00 1.313131313131e-01
v -4.545454545455e-01 0.000000000000e+00 1.717171717172e-01
v -4.747474747475e-01 0.000000000000e+00 1.919191919192e-01
v -4.747474747475e-01 0.000000000000e+00 1.717171717172e-01
v -4.949494949495e-01 0.000000000000e+00 1.717171717172e-01
v -4.545454545455e-01 0.000000000000e+00 1.515151515152e-01
v -4.545454545455e-01 0.000000000000e+00 1.313131313131e-01
v -4.141414141414e-01 0.000000000000e+00 5.050505050505e-02
v -3.939393939394e-01 0.000000000000e+00 1.010101010101e-02
v -4.343434343434e-01 0.000000000000e+00 -1.010101010101e-02
v -4.141414141414e-01 0.000000000000e+00 1.010101010101e-02
v -4.141414141414e-01 0.000000000000e+00 3.030303030303e-02
v -4.343434343434e-01 0.000000000000e+00 3.030303030303e-02
v -4.141414141414e-01 0.000000000000e+00 -1.010101010101e-02
v -4.343434343434e-01 0.000000000000e+00 1.010101010101e-02
v -3.737373737374e-01 0.000000000000e+00 3.030303030303e-02
v -3.939393939394e-01 0.000000000000e+00 -1.010101010101e-02
v -3.939393939394e-01 0.000000000000e+00 3.030303030303e-02
v -4.343434343434e-01 0.000000000000e+00 5.050505050505e-02
v -4.141414141414e-01 0.000000000000e+00 7.070707070707e-02
v -3.939393939394e-01 0.000000000000e+00 7.070707070707e-02
v -3.939393939394e-01 0.000000000000e+00 5.050505050505e-02
v -3.737373737374e-01 0.000000000000e+00 5.050505050505e-02
v -4.949494949495e-01 0.000000000000e+00 9.090909090909e-02
v -4.747474747475e-01 0.000000000000e+00 9.090909090909e-02
v -4.545454545455e-01 0.000000000000e+00 1.111111111111e-01
v -4.343434343434e-01 0.000000000000e+00 9.090909090909e-02
v -4.343434343434e-01 0.000000000000e+00 7.070707070707e-02
v -4.141414141414e-01 0.000000000000e+00 9.090909090909e-02
v -4.747474747475e-01 0.000000000000e+00 7.070707070707e-02
v -4.949494949495e-01 0.000000000000e+00 1.111111111111e-01
v -4.545454545455e-01 0.000000000000e+00 7.070707070707e-02
v -4.747474747475e-01 0.000000000000e+00 1.111111111111e-01
v -5.151515151515e-01 0.000000000000e+00 9.090909090909e-02
v -4.949494949495e-01 0.000000000000e+00 7.070707070707e-02
v -4.545454545455e-01 0.000000000000e+00 9.090909090909e-02
v -5.151515151515e-01 0.000000000000e+00 7.070707070707e-02
v -4.747474747475e-01 0.000000000000e+00 -1.010101010101e-02
v -4.949494949495e-01 0.000000000000e+00 3.030303030303e-02
v -4.545454545455e-01 0.000000000000e+00 -1.010101010101e-02
v -4.545454545455e-01 0.000000000000e+00 3.030303030303e-02
v -5.151515151515e-01 0.000000000000e+00 5.050505050505e-02
v -4.747474747475e-01 0.000000000000e+00 5.050505050505e-02
v -5.151515151515e-01 0.000000000000e+00 3.030303030303e-02
v -4.949494949495e-01 0.000000000000e+00 5.050505050505e-02
v -4.545454545455e-01 0.000000000000e+00 5.050505050505e-02
v -4.949494949495e-01 0.000000000000e+00 -1.010101010101e-02
v -4.747474747475e-01 0.000000000000e+00 3.030303030303e-02
v -4.545454545455e-01 0.000000000000e+00 1.010101010101e-02
v -4.747474747475e-01 0.000000000000e+00 1.010101010101e-02
v -5.151515151515e-01 0.000000000000e+00 -1.010101010101e-02
v -5.151515151515e-01 0.000000000000e+00 1.010101010101e-02
v -4.949494949495e-01 0.000000000000e+00 1.010101010101e-02
v -3.737373737374e-01 0.000000000000e+00 1.313131313131e-01
v -3.737373737374e-01 0.000000000000e+00 1.717171717172e-01
v -3.333333333333e-01 0.000000000000e+00 1.515151515152e-01
v -3.737373737374e-01 0.000000000000e+00 1.515151515152e-01
v -3.939393939394e-01 0.000000000000e+00 1.515151515152e-01
v -3.535353535354e-01 0.000000000000e+00 1.919191919192e-01
v -3.939393939394e-01 0.000000000000e+00 1.717171717172e-01
v -3.535353535354e-01 0.000000000000e+00 1.717171717172e-01
v -3.535353535354e-01 0.000000000000e+00 2.121212121212e-01
v -3.737373737374e-01 0.000000000000e+00 2.121212121212e-01
v -3.939393939394e-01 0.000000000000e+00 2.121212121212e-01
v -3.535353535354e-01 0.000000000000e+00 1.515151515152e-01
v -3.939393939394e-01 0.000000000000e+00 1.919191919192e-01
v -3.737373737374e-01 0.000000000000e+00 1.919191919192e-01
v -3.535353535354e-01 0.000000000000e+00 1.313131313131e-01
v -3.333333333333e-01 0.000000000000e+00 1.919191919192e-01
v -3.131313131313e-01 0.000000000000e+00 2.121212121212e-01
v -2.727272727273e-01 0.000000000000e+00 2.121212121212e-01
v -2.727272727273e-01 0.000000000000e+00 1.919191919192e-01
v -3.333333333333e-01 0.000000000000e+00 1.717171717172e-01
v -3.131313131313e-01 0.000000000000e+00 1.515151515152e-01
v -3.131313131313e-01 0.000000000000e+00 1.717171717172e-01
v -2.929292929293e-01 0.000000000000e+00 1.919191919192e-01
v -2.727272727273e-01 0.000000000000e+00 1.717171717172e-01
v -2.929292929293e-01 0.000000000000e+00 1.717171717172e-01
v -2.929292929293e-01 0.000000000000e+00 1.515151515152e-01
v -2.727272727273e-01 0.000000000000e+00 1.515151515152e-01
v -3.131313131313e-01 0.000000000000e+00 1.919191919192e-01
v -3.333333333333e-01 0.000000000000e+00 2.121212121212e-01
v -2.929292929293e-01 0.000000000000e+00 2.121212121212e-01
v -2.727272727273e-01 0.000000000000e+00 1.010101010101e-02
v -2.929292929293e-01 0.000000000000e+00 -1.010101010101e-02
v -3.131313131313e-01 0.000000000000e+00 -1.010101010101e-02
v -3.333333333333e-01 0.000000000000e+00 1.010101010101e-02
v -3.737373737374e-01 0.000000000000e+00 1.010101010101e-02
v -3.737373737374e-01 0.000000000000e+00 -1.010101010101e-02
v -3.535353535354e-01 0.000000000000e+00 -1.010101010101e-02
v -3.535353535354e-01 0.000000000000e+00 1.010101010101e-02
v -3.535353535354e-01 0.000000000000e+00 3.030303030303e-02
v -3.333333333333e-01 0.000000000000e+00 -1.010101010101e-02
v -3.333333333333e-01 0.000000000000e+00 3.030303030303e-02
v -3.131313131313e-01 0.000000000000e+00 3.030303030303e-02
v -2.727272727273e-01 0.000000000000e+00 -1.010101010101e-02
v -3.131313131313e-01 0.000000000000e+00 1.010101010101e-02
v -2.929292929293e-01 0.000000000000e+00 1.010101010101e-02
v -2.525252525253e-01 0.000000000000e+00 9.090909090909e-02
v -2.929292929293e-01 0.000000000000e+00 1.313131313131e-01
v -2.727272727273e-01 0.000000000000e+00 5.050505050505e-02
v -2.929292929293e-01 0.000000000000e+00 9.090909090909e-02
v -3.131313131313e-01 0.000000000000e+00 5.050505050505e-02
v -2.929292929293e-01 0.000000000000e+00 5.050505050505e-02
v -2.727272727273e-01 0.000000000000e+00 3.030303030303e-02
v -2.929292929293e-01 0.000000000000e+00 3.030303030303e-02
v -2.929292929293e-01 0.000000000000e+00 7.070707070707e-02
v -3.131313131313e-01 0.000000000000e+00 7.070707070707e-02
v -2.929292929293e-01 0.000000000000e+00 1.111111111111e-01
v -2.525252525253e-01 0.000000000000e+00 1.111111111111e-01
v -2.727272727273e-01 0.000000000000e+00 9.090909090909e-02
v -2.727272727273e-01 0.000000000000e+00 7.070707070707e-02
v -2.727272727273e-01 0.000000000000e+00 1.313131313131e-01
v -2.727272727273e-01 0.000000000000e+00 1.111111111111e-01
v -3.131313131313e-01 0.000000000000e+00 9.090909090909e-02
v -3.333333333333e-01 0.000000000000e+00 9.090909090909e-02
v -3.333333333333e-01 0.000000000000e+00 1.313131313131e-01
v -3.131313131313e-01 0.000000000000e+00 1.313131313131e-01
v -3.939393939394e-01 0.000000000000e+00 9.090909090909e-02
v -3.333333333333e-01 0.000000000000e+00 7.070707070707e-02
v -3.737373737374e-01 0.000000000000e+00 7.070707070707e-02
v -3.535353535354e-01 0.000000000000e+00 7.070707070707e-02
v -3.535353535354e-01 0.000000000000e+00 1.111111111111e-01
v -3.131313131313e-01 0.000000000000e+00 1.111111111111e-01
v -3.737373737374e-01 0.000000000000e+00 9.090909090909e-02
v -3.333333333333e-01 0.000000000000e+00 1.111111111111e-01
v -3.535353535354e-01 0.000000000000e+00 9.090909090909e-02
v -3.737373737374e-01 0.000000000000e+00 1.111111111111e-01
v -3.535353535354e-01 0.000000000000e+00 5.050505050505e-02
v -3.333333333333e-01 0.000000000000e+00 5.050505050505e-02
v -7.070707070707e-02 0.000000000000e+00 2.323232323232e-01
v -5.050505050505e-02 0.000000000000e+00 2.121212121212e-01
v -3.030303030303e-02 0.000000000000e+00 2.525252525253e-01
v -5.050505050505e-02 0.000000000000e+00 2.525252525253e-01
v -3.030303030303e-02 0.000000000000e+00 2.323232323232e-01
v -3.030303030303e-02 0.000000000000e+00 2.121212121212e-01
v -7.070707070707e-02 0.000000000000e+00 2.525252525253e-01
v -1.111111111111e-01 0.000000000000e+00 2.525252525253e-01
v -9.090909090909e-02 0.000000000000e+00 2.525252525253e-01
v -1.111111111111e-01 0.000000000000e+00 2.323232323232e-01
v -1.111111111111e-01 0.000000000000e+00 2.121212121212e-01
v -5.050505050505e-02 0.000000000000e+00 2.323232323232e-01
v -7.070707070707e-02 0.000000000000e+00 2.121212121212e-01
v -9.090909090909e-02 0.000000000000e+00 2.121212121212e-01
v -9.090909090909e-02 0.000000000000e+00 2.323232323232e-01
v -9.090909090909e-02 0.000000000000e+00 1.515151515152e-01
v -7.070707070707e-02 0.000000000000e+00 1.515151515152e-01
v -1.111111111111e-01 0.000000000000e+00 1.515151515152e-01
v -3.030303030303e-02 0.000000000000e+00 1.717171717172e-01
v -5.050505050505e-02 0.000000000000e+00 1.919191919192e-01
v -1.111111111111e-01 0.000000000000e+00 1.919191919192e-01
v -9.090909090909e-02 0.000000000000e+00 1.919191919192e-01
v -5.050505050505e-02 0.000000000000e+00 1.717171717172e-01
v -7.070707070707e-02 0.000000000000e+00 1.919191919192e-01
v -1.111111111111e-01 0.000000000000e+00 1.717171717172e-01
v -3.030303030303e-02 0.000000000000e+00 1.919191919192e-01
v -7.070707070707e-02 0.000000000000e+00 1.717171717172e-01
v -9.090909090909e-02 0.000000000000e+00 1.717171717172e-01
v -3.030303030303e-02 0.000000000000e+00 1.515151515152e-01
v -5.050505050505e-02 0.000000000000e+00 1.515151515152e-01
v -1.313131313131e-01 0.000000000000e+00 2.525252525253e-01
v -1.313131313131e-01 0.000000000000e+00 2.121212121212e-01
v -1.515151515152e-01 0.000000000000e+00 2.121212121212e-01
v -1.717171717172e-01 0.000000000000e+00 2.121212121212e-01
v -1.919191919192e-01 0.000000000000e+00 2.323232323232e-01
v -1.515151515152e-01 0.000000000000e+00 2.525252525253e-01
v -1.515151515152e-01 0.000000000000e+00 2.323232323232e-01
v -1.919191919192e-01 0.000000000000e+00 2.121212121212e-01
v -1.313131313131e-01 0.000000000000e+00 2.323232323232e-01
v -1.717171717172e-01 0.000000000000e+00 2.525252525253e-01
v -2.121212121212e-01 0.000000000000e+00 2.323232323232e-01
v -2.121212121212e-01 0.000000000000e+00 2.525252525253e-01
v -1.717171717172e-01 0.000000000000e+00 2.323232323232e-01
v -1.919191919192e-01 0.000000000000e+00 2.525252525253e-01
v -1.717171717172e-01 0.000000000000e+00 1.515151515152e-01
v -1.515151515152e-01 0.000000000000e+00 1.515151515152e-01
v -1.919191919192e-01 0.000000000000e+00 1.313131313131e-01
v -1.717171717172e-01 0.000000000000e+00 1.717171717172e-01
v -1.717171717172e-01 0.000000000000e+00 1.313131313131e-01
v -1.515151515152e-01 0.000000000000e+00 1.313131313131e-01
v -1.313131313131e-01 0.000000000000e+00 1.515151515152e-01
v -1.313131313131e-01 0.000000000000e+00 1.919191919192e-01
v -1.313131313131e-01 0.000000000000e+00 1.717171717172e-01
v -1.515151515152e-01 0.000000000000e+00 1.919191919192e-01
v -1.717171717172e-01 0.000000000000e+00 1.919191919192e-01
v -1.919191919192e-01 0.000000000000e+00 1.919191919192e-01
v -1.515151515152e-01 0.000000000000e+00 1.717171717172e-01
v -1.919191919192e-01 0.000000000000e+00 1.717171717172e-01
v -1.919191919192e-01 0.000000000000e+00 1.515151515152e-01
v -2.323232323232e-01 0.000000000000e+00 2.121212121212e-01
v -2.323232323232e-01 0.000000000000e+00 1.919191919192e-01
v -2.323232323232e-01 0.000000000000e+00 1.515151515152e-01
v -2.525252525253e-01 0.000000000000e+00 1.515151515152e-01
v -2.323232323232e-01 0.000000000000e+00 1.313131313131e-01
v -2.525252525253e-01 0.000000000000e+00 1.313131313131e-01
v -2.525252525253e-01 0.000000000000e+00 2.121212121212e-01
v -2.323232323232e-01 0.000000000000e+00 1.717171717172e-01
v -2.121212121212e-01 0.000000000000e+00 1.313131313131e-01
v -2.121212121212e-01 0.000000000000e+00 1.515151515152e-01
v -2.121212121212e-01 0.000000000000e+00 2.121212121212e-01
v -2.121212121212e-01 0.000000000000e+00 1.919191919192e-01
v -2.525252525253e-01 0.000000000000e+00 1.919191919192e-01
v -2.525252525253e-01 0.000000000000e+00 1.717171717172e-01
v -2.121212121212e-01 0.000000000000e+00 1.717171717172e-01
v -1.919191919192e-01 0.000000000000e+00 3.030303030303e-02
v -1.919191919192e-01 0.000000000000e+00 5.050505050505e-02
v -1.515151515152e-01 0.000000000000e+00 3.030303030303e-02
v -1.717171717172e-01 0.000000000000e+00 3.030303030303e-02
v -1.313131313131e-01 0.000000000000e+00 3.030303030303e-02
v -1.919191919192e-01 0.000000000000e+00 1.010101010101e-02
v -1.515151515152e-01 0.000000000000e+00 5.050505050505e-02
v -1.717171717172e-01 0.000000000000e+00 5.050505050505e-02
v -1.717171717172e-01 0.000000000000e+00 1.010101010101e-02
v -1.515151515152e-01 0.000000000000e+00 1.010101010101e-02
v -1.313131313131e-01 0.000000000000e+00 1.010101010101e-02
v -1.717171717172e-01 0.000000000000e+00 -1.010101010101e-02
v -1.515151515152e-01 0.000000000000e+00 -1.010101010101e-02
v -1.919191919192e-01 0.000000000000e+00 -1.010101010101e-02
v -1.313131313131e-01 0.000000000000e+00 -1.010101010101e-02
v -2.121212121212e-01 0.000000000000e+00 -1.010101010101e-02
v -2.121212121212e-01 0.000000000000e+00 3.030303030303e-02
v -2.323232323232e-01 0.000000000000e+00 3.030303030303e-02
v -2.121212121212e-01 0.000000000000e+00 1.010101010101e-02
v -2.323232323232e-01 0.000000000000e+00 7.070707070707e-02
v -2.323232323232e-01 0.000000000000e+00 1.010101010101e-02
v -2.525252525253e-01 0.000000000000e+00 1.010101010101e-02
v -2.525252525253e-01 0.000000000000e+00 7.070707070707e-02
v -2.525252525253e-01 0.000000000000e+00 -1.010101010101e-02
v -2.525252525253e-01 0.000000000000e+00 3.030303030303e-02
v -2.525252525253e-01 0.000000000000e+00 5.050505050505e-02
v -2.323232323232e-01 0.000000000000e+00 5.050505050505e-02
v -2.121212121212e-01 0.000000000000e+00 5.050505050505e-02
v -2.323232323232e-01 0.000000000000e+00 -1.010101010101e-02
v -2.121212121212e-01 0.000000000000e+00 7.070707070707e-02
v -2.121212121212e-01 0.000000000000e+00 9.090909090909e-02
v -2.323232323232e-01 0.000000000000e+00 9.090909090909e-02
v -2.323232323232e-01 0.000000000000e+00 1.111111111111e-01
v -2.121212121212e-01 0.000000000000e+00 1.111111111111e-01
v -1.515151515152e-01 0.000000000000e+00 7.070707070707e-02
v -1.515151515152e-01 0.000000000000e+00 1.111111111111e-01
v -1.717171717172e-01 0.000000000000e+00 7.070707070707e-02
v -1.919191919192e-01 0.000000000000e+00 7.070707070707e-02
v -1.919191919192e-01 0.000000000000e+00 1.111111111111e-01
v -1.717171717172e-01 0.000000000000e+00 1.111111111111e-01
v -1.515151515152e-01 0.000000000000e+00 9.090909090909e-02
v -1.717171717172e-01 0.000000000000e+00 9.090909090909e-02
v -1.919191919192e-01 0.000000000000e+00 9.090909090909e-02
v -7.070707070707e-02 0.000000000000e+00 3.030303030303e-02
v -1.111111111111e-01 0.000000000000e+00 3.030303030303e-02
v -7.070707070707e-02 0.000000000000e+00 1.010101010101e-02
v -1.111111111111e-01 0.000000000000e+00 -1.010101010101e-02
v -5.050505050505e-02 0.000000000000e+00 -1.010101010101e-02
v -3.030303030303e-02 0.000000000000e+00 3.030303030303e-02
v -5.050505050505e-02 0.000000000000e+00 1.010101010101e-02
v -1.111111111111e-01 0.000000000000e+00 1.010101010101e-02
v -9.090909090909e-02 0.000000000000e+00 3.030303030303e-02
v -9.090909090909e-02 0.000000000000e+00 1.010101010101e-02
v -9.090909090909e-02 0.000000000000e+00 -1.010101010101e-02
v -3.030303030303e-02 0.000000000000e+00 -1.010101010101e-02
v -3.030303030303e-02 0.000000000000e+00 1.010101010101e-02
v -5.050505050505e-02 0.000000000000e+00 3.030303030303e-02
v -7.070707070707e-02 0.000000000000e+00 -1.010101010101e-02
v -3.030303030303e-02 0.000000000000e+00 1.111111111111e-01
v -5.050505050505e-02 0.000000000000e+00 7.070707070707e-02
v -5.050505050505e-02 0.000000000000e+00 1.313131313131e-01
v -3.030303030303e-02 0.000000000000e+00 1.313131313131e-01
v -3.030303030303e-02 0.000000000000e+00 7.070707070707e-02
v -3.030303030303e-02 0.000000000000e+00 9.090909090909e-02
v -5.050505050505e-02 0.000000000000e+00 9.090909090909e-02
v -7.070707070707e-02 0.000000000000e+00 9.090909090909e-02
v -5.050505050505e-02 0.000000000000e+00 1.111111111111e-01
v -1.010101010101e-02 0.000000000000e+00 1.111111111111e-01
v -7.070707070707e-02 0.000000000000e+00 7.070707070707e-02
v -7.070707070707e-02 0.000000000000e+00 1.111111111111e-01
v -7.070707070707e-02 0.000000000000e+00 1.313131313131e-01
v -7.070707070707e-02 0.000000000000e+00 5.050505050505e-02
v -5.050505050505e-02 0.000000000000e+00 5.050505050505e-02
v -3.030303030303e-02 0.000000000000e+00 5.050505050505e-02
v -1.313131313131e-01 0.000000000000e+00 7.070707070707e-02
v -1.111111111111e-01 0.000000000000e+00 7.070707070707e-02
v -1.313131313131e-01 0.000000000000e+00 5.050505050505e-02
v -9.090909090909e-02 0.000000000000e+00 7.070707070707e-02
v -9.090909090909e-02 0.000000000000e+00 1.313131313131e-01
v -1.313131313131e-01 0.000000000000e+00 1.111111111111e-01
v -1.313131313131e-01 0.000000000000e+00 1.313131313131e-01
v -9.090909090909e-02 0.000000000000e+00 1.111111111111e-01
v -9.090909090909e-02 0.000000000000e+00 5.050505050505e-02
v -9.090909090909e-02 0.000000000000e+00 9.090909090909e-02
v -1.111111111111e-01 0.000000000000e+00 9.090909090909e-02
v -1.111111111111e-01 0.000000000000e+00 1.313131313131e-01
v -1.111111111111e-01 0.000000000000e+00 5.050505050505e-02
v -1.313131313131e-01 0.000000000000e+00 9.090909090909e-02
v -1.111111111111e-01 0.000000000000e+00 1.111111111111e-01
v 9.090909090909e-02 0.000000000000e+00 6.161616161616e-01
v 1.313131313131e-01 0.000000000000e+00 6.161616161616e-01
v 1.111111111111e-01 0.000000000000e+00 5.555555555556e-01
v 1.313131313131e-01 0.000000000000e+00 5.959595959596e-01
v 1.313131313131e-01 0.000000000000e+00 5.757575757576e-01
v 9.090909090909e-02 0.000000000000e+00 6.363636363636e-01
v 1.111111111111e-01 0.000000000000e+00 6.363636363636e-01
v 1.313131313131e-01 0.000000000000e+00 6.363636363636e-01
v 1.111111111111e-01 0.000000000000e+00 5.757575757576e-01
v 1.313131313131e-01 0.000000000000e+00 5.555555555556e-01
v 9.090909090909e-02 0.000000000000e+00 5.757575757576e-01
v 1.111111111111e-01 0.000000000000e+00 5.959595959596e-01
v 1.111111111111e-01 0.000000000000e+00 6.161616161616e-01
v 9.090909090909e-02 0.000000000000e+00 5.959595959596e-01
v 9.090909090909e-02 0.000000000000e+00 5.555555555556e-01
v 1.717171717172e-01 0.000000000000e+00 5.555555555556e-01
v 1.919191919192e-01 0.000000000000e+00 5.757575757576e-01
v 1.515151515152e-01 0.000000000000e+00 5.757575757576e-01
v 1.515151515152e-01 0.000000000000e+00 5.959595959596e-01
v 1.919191919192e-01 0.000000000000e+00 5.555555555556e-01
v 1.919191919192e-01 0.000000000000e+00 6.363636363636e-01
v 1.919191919192e-01 0.000000000000e+00 5.959595959596e-01
v 1.515151515152e-01 0.000000000000e+00 5.555555555556e-01
v 1.717171717172e-01 0.000000000000e+00 5.757575757576e-01
v 1.919191919192e-01 0.000000000000e+00 6.161616161616e-01
v 1.717171717172e-01 0.000000000000e+00 6.363636363636e-01
v 1.717171717172e-01 0.000000000000e+00 5.959595959596e-01
v 1.515151515152e-01 0.000000000000e+00 6.161616161616e-01
v 1.515151515152e-01 0.000000000000e+00 6.363636363636e-01
v 1.717171717172e-01 0.000000000000e+00 6.161616161616e-01
v 2.121212121212e-01 0.000000000000e+00 6.767676767677e-01
v 2.323232323232e-01 0.000000000000e+00 6.565656565657e-01
v 1.919191919192e-01 0.000000000000e+00 7.373737373737e-01
v 2.121212121212e-01 0.000000000000e+00 7.373737373737e-01
v 1.919191919192e-01 0.000000000000e+00 6.767676767677e-01
v 1.919191919192e-01 0.000000000000e+00 7.171717171717e-01
v 2.121212121212e-01 0.000000000000e+00 7.171717171717e-01
v 2.121212121212e-01 0.000000000000e+00 7.575757575758e-01
v 1.919191919192e-01 0.000000000000e+00 6.969696969697e-01
v 2.121212121212e-01 0.000000000000e+00 6.969696969697e-01
v 2.323232323232e-01 0.000000000000e+00 6.969696969697e-01
v 1.919191919192e-01 0.000000000000e+00 6.565656565657e-01
v 1.919191919192e-01 0.000000000000e+00 7.575757575758e-01
v 2.121212121212e-01 0.000000000000e+00 6.565656565657e-01
v 2.323232323232e-01 0.000000000000e+00 6.767676767677e-01
v 1.515151515152e-01 0.000000000000e+00 7.373737373737e-01
v 1.717171717172e-01 0.000000000000e+00 7.373737373737e-01
v 1.111111111111e-01 0.000000000000e+00 7.171717171717e-01
v 9.090909090909e-02 0.000000000000e+00 7.373737373737e-01
v 1.717171717172e-01 0.000000000000e+00 7.171717171717e-01
v 1.717171717172e-01 0.000000000000e+00 7.575757575758e-01
v 1.515151515152e-01 0.000000000000e+00 7.575757575758e-01
v 1.515151515152e-01 0.000000000000e+00 7.171717171717e-01
v 1.313131313131e-01 0.000000000000e+00 7.575757575758e-01
v 1.313131313131e-01 0.000000000000e+00 7.171717171717e-01
v 9.090909090909e-02 0.000000000000e+00 7.171717171717e-01
v 1.111111111111e-01 0.000000000000e+00 7.575757575758e-01
v 1.313131313131e-01 0.000000000000e+00 7.373737373737e-01
v 9.090909090909e-02 0.000000000000e+00 7.575757575758e-01
v 1.111111111111e-01 0.000000000000e+00 7.373737373737e-01
v 1.515151515152e-01 0.000000000000e+00 6.969696969697e-01
v 1.313131313131e-01 0.000000000000e+00 6.969696969697e-01
v 9.090909090909e-02 0.000000000000e+00 6.565656565657e-01
v 1.111111111111e-01 0.000000000000e+00 6.767676767677e-01
v 9.090909090909e-02 0.000000000000e+00 6.969696969697e-01
v 9.090909090909e-02 0.000000000000e+00 6.767676767677e-01
v 1.313131313131e-01 0.000000000000e+00 6.767676767677e-01
v 1.313131313131e-01 0.000000000000e+00 6.565656565657e-01
v 1.111111111111e-01 0.000000000000e+00 6.565656565657e-01
v 1.515151515152e-01 0.000000000000e+00 6.767676767677e-01
v 1.717171717172e-01 0.000000000000e+00 6.969696969697e-01
v 1.515151515152e-01 0.000000000000e+00 6.565656565657e-01
v 1.717171717172e-01 0.000000000000e+00 6.565656565657e-01
v 1.717171717172e-01 0.000000000000e+00 6.767676767677e-01
v 7.070707070707e-02 0.000000000000e+00 6.767676767677e-01
v 1.111111111111e-01 0.000000000000e+00 6.969696969697e-01
v -1.010101010101e-02 0.000000000000e+00 6.161616161616e-01
v -3.030303030303e-02 0.000000000000e+00 5.353535353535e-01
v -1.010101010101e-02 0.000000000000e+00 5.555555555556e-01
v -3.030303030303e-02 0.000000000000e+00 5.555555555556e-01
v -3.030303030303e-02 0.000000000000e+00 5.959595959596e-01
v -1.010101010101e-02 0.000000000000e+00 5.353535353535e-01
v -3.030303030303e-02 0.000000000000e+00 5.757575757576e-01
v 1.010101010101e-02 0.000000000000e+00 6.161616161616e-01
v 1.010101010101e-02 0.000000000000e+00 5.555555555556e-01
v -1.010101010101e-02 0.000000000000e+00 5.757575757576e-01
v -3.030303030303e-02 0.000000000000e+00 6.161616161616e-01
v -1.010101010101e-02 0.000000000000e+00 5.959595959596e-01
v 1.010101010101e-02 0.000000000000e+00 5.959595959596e-01
v 1.010101010101e-02 0.000000000000e+00 5.757575757576e-01
v 3.030303030303e-02 0.000000000000e+00 5.757575757576e-01
v 7.070707070707e-02 0.000000000000e+00 5.959595959596e-01
v 7.070707070707e-02 0.000000000000e+00 5.757575757576e-01
v 5.050505050505e-02 0.000000000000e+00 5.757575757576e-01
v 7.070707070707e-02 0.000000000000e+00 6.161616161616e-01
v 3.030303030303e-02 0.000000000000e+00 5.555555555556e-01
v 7.070707070707e-02 0.000000000000e+00 5.555555555556e-01
v 5.050505050505e-02 0.000000000000e+00 5.555555555556e-01
v 5.050505050505e-02 0.000000000000e+00 6.161616161616e-01
v 3.030303030303e-02 0.000000000000e+00 6.161616161616e-01
v 3.030303030303e-02 0.000000000000e+00 5.959595959596e-01
v 5.050505050505e-02 0.000000000000e+00 5.959595959596e-01
v 7.070707070707e-02 0.000000000000e+00 6.565656565657e-01
v 7.070707070707e-02 0.000000000000e+00 6.363636363636e-01
v 5.050505050505e-02 0.000000000000e+00 6.363636363636e-01
v -3.030303030303e-02 0.000000000000e+00 6.363636363636e-01
v 3.030303030303e-02 0.000000000000e+00 6.565656565657e-01
v 1.010101010101e-02 0.000000000000e+00 6.363636363636e-01
v 1.010101010101e-02 0.000000000000e+00 6.565656565657e-01
v -1.010101010101e-02 0.000000000000e+00 6.363636363636e-01
v 3.030303030303e-02 0.000000000000e+00 6.767676767677e-01
v -3.030303030303e-02 0.000000000000e+00 6.767676767677e-01
v 3.030303030303e-02 0.000000000000e+00 6.363636363636e-01
v -1.010101010101e-02 0.000000000000e+00 6.767676767677e-01
v -1.010101010101e-02 0.000000000000e+00 6.565656565657e-01
v -3.030303030303e-02 0.000000000000e+00 6.565656565657e-01
v 1.010101010101e-02 0.000000000000e+00 6.767676767677e-01
v 5.050505050505e-02 0.000000000000e+00 6.565656565657e-01
v 5.050505050505e-02 0.000000000000e+00 6.767676767677e-01
v 7.070707070707e-02 0.000000000000e+00 7.171717171717e-01
v 3.030303030303e-02 0.000000000000e+00 7.373737373737e-01
v 5.050505050505e-02 0.000000000000e+00 7.373737373737e-01
v 5.050505050505e-02 0.000000000000e+00 7.171717171717e-01
v 3.030303030303e-02 0.000000000000e+00 7.575757575758e-01
v 5.050505050505e-02 0.000000000000e+00 7.575757575758e-01
v 3.030303030303e-02 0.000000000000e+00 6.969696969697e-01
v 7.070707070707e-02 0.000000000000e+00 6.969696969697e-01
v 7.070707070707e-02 0.000000000000e+00 7.777777777778e-01
v 5.050505050505e-02 0.000000000000e+00 6.969696969697e-01
v 5.050505050505e-02 0.000000000000e+00 7.777777777778e-01
v 3.030303030303e-02 0.000000000000e+00 7.777777777778e-01
v 7.070707070707e-02 0.000000000000e+00 7.373737373737e-01
v 7.070707070707e-02 0.000000000000e+00 7.575757575758e-01
v 3.030303030303e-02 0.000000000000e+00 7.171717171717e-01
v -1.010101010101e-02 0.000000000000e+00 7.575757575758e-01
v -3.030303030303e-02 0.000000000000e+00 7.373737373737e-01
v -3.030303030303e-02 0.000000000000e+00 6.969696969697e-01
v -1.010101010101e-02 0.000000000000e+00 6.969696969697e-01
v 1.010101010101e-02 0.000000000000e+00 6.969696969697e-01
v -3.030303030303e-02 0.000000000000e+00 7.171717171717e-01
v -1.010101010101e-02 0.000000000000e+00 7.171717171717e-01
v 1.010101010101e-02 0.000000000000e+00 7.373737373737e-01
v 1.010101010101e-02 0.000000000000e+00 7.171717171717e-01
v -1.010101010101e-02 0.000000000000e+00 7.373737373737e-01
v -3.030303030303e-02 0.000000000000e+00 7.575757575758e-01
v 1.010101010101e-02 0.000000000000e+00 7.777777777778e-01
v -1.010101010101e-02 0.000000000000e+00 7.777777777778e-01
v -3.030303030303e-02 0.000000000000e+00 7.777777777778e-01
v 1.010101010101e-02 0.000000000000e+00 7.575757575758e-01
v 1.010101010101e-02 0.000000000000e+00 9.595959595960e-01
v 3.030303030303e-02 0.000000000000e+00 9.393939393939e-01
v -3.030303030303e-02 0.000000000000e+00 9.595959595960e-01
v 1.010101010101e-02 0.000000000000e+00 9.393939393939e-01
v -3.030303030303e-02 0.000000000000e+00 9.393939393939e-01
v -1.010101010101e-02 0.000000000000e+00 1.000000000000e+00
v -3.030303030303e-02 0.000000000000e+00 1.000000000000e+00
v -1.010101010101e-02 0.000000000000e+00 9.595959595960e-01
v -1.010101010101e-02 0.000000000000e+00 9.797979797980e-01
v 1.010101010101e-02 0.000000000000e+00 1.000000000000e+00
v -3.030303030303e-02 0.000000000000e+00 9.797979797980e-01
v -1.010101010101e-02 0.000000000000e+00 9.393939393939e-01
v 3.030303030303e-02 0.000000000000e+00 9.595959595960e-01
v 1.010101010101e-02 0.000000000000e+00 9.797979797980e-01
v 9.090909090909e-02 0.000000000000e+00 9.393939393939e-01
v 9.090909090909e-02 0.000000000000e+00 9.595959595960e-01
v 5.050505050505e-02 0.000000000000e+00 9.393939393939e-01
v 5.050505050505e-02 0.000000000000e+00 9.797979797980e-01
v 7.070707070707e-02 0.000000000000e+00 9.797979797980e-01
v 9.090909090909e-02 0.000000000000e+00 9.797979797980e-01
v 1.111111111111e-01 0.000000000000e+00 9.595959595960e-01
v 9.090909090909e-02 0.000000000000e+00 1.000000000000e+00
v 5.050505050505e-02 0.000000000000e+00 1.000000000000e+00
v 7.070707070707e-02 0.000000000000e+00 1.000000000000e+00
v 3.030303030303e-02 0.000000000000e+00 9.797979797980e-01
v 3.030303030303e-02 0.000000000000e+00 1.000000000000e+00
v 7.070707070707e-02 0.000000000000e+00 9.393939393939e-01
v 7.070707070707e-02 0.000000000000e+00 9.595959595960e-01
v 5.050505050505e-02 0.000000000000e+00 9.595959595960e-01
v -3.030303030303e-02 0.000000000000e+00 8.383838383838e-01
v -1.010101010101e-02 0.000000000000e+00 8.383838383838e-01
v 7.070707070707e-02 0.000000000000e+00 8.181818181818e-01
v 3.030303030303e-02 0.000000000000e+00 8.383838383838e-01
v -1.010101010101e-02 0.000000000000e+00 8.181818181818e-01
v 5.050505050505e-02 0.000000000000e+00 8.181818181818e-01
v -1.010101010101e-02 0.000000000000e+00 7.979797979798e-01
v 3.030303030303e-02 0.000000000000e+00 7.979797979798e-01
v -3.030303030303e-02 0.000000000000e+00 7.979797979798e-01
v -3.030303030303e-02 0.000000000000e+00 8.181818181818e-01
v 5.050505050505e-02 0.000000000000e+00 7.979797979798e-01
v 1.010101010101e-02 0.000000000000e+00 8.383838383838e-01
v 7.070707070707e-02 0.000000000000e+00 7.979797979798e-01
v 3.030303030303e-02 0.000000000000e+00 8.181818181818e-01
v 1.010101010101e-02 0.000000000000e+00 8.181818181818e-01
v 1.010101010101e-02 0.000000000000e+00 7.979797979798e-01
v 7.070707070707e-02 0.000000000000e+00 8.383838383838e-01
v 9.090909090909e-02 0.000000000000e+00 8.989898989899e-01
v 7.070707070707e-02 0.000000000000e+00 8.989898989899e-01
v 5.050505050505e-02 0.000000000000e+00 8.989898989899e-01
v 9.090909090909e-02 0.000000000000e+00 9.191919191919e-01
v 5.050505050505e-02 0.000000000000e+00 8.383838383838e-01
v 5.050505050505e-02 0.000000000000e+00 9.191919191919e-01
v 7.070707070707e-02 0.000000000000e+00 9.191919191919e-01
v 5.050505050505e-02 0.000000000000e+00 8.787878787879e-01
v 7.070707070707e-02 0.000000000000e+00 8.787878787879e-01
v 5.050505050505e-02 0.000000000000e+00 8.585858585859e-01
v 9.090909090909e-02 0.000000000000e+00 8.585858585859e-01
v 9.090909090909e-02 0.000000000000e+00 8.383838383838e-01
v 9.090909090909e-02 0.000000000000e+00 8.787878787879e-01
v 7.070707070707e-02 0.000000000000e+00 8.585858585859e-01
v -3.030303030303e-02 0.000000000000e+00 9.191919191919e-01
v -3.030303030303e-02 0.000000000000e+00 8.989898989899e-01
v 3.030303030303e-02 0.000000000000e+00 8.989898989899e-01
v 3.030303030303e-02 0.000000000000e+00 9.191919191919e-01
v -1.010101010101e-02 0.000000000000e+00 9.191919191919e-01
v 3.030303030303e-02 0.000000000000e+00 8.585858585859e-01
v 1.010101010101e-02 0.000000000000e+00 8.787878787879e-01
v 3.030303030303e-02 0.000000000000e+00 8.787878787879e-01
v -1.010101010101e-02 0.000000000000e+00 8.989898989899e-01
v -3.030303030303e-02 0.000000000000e+00 8.585858585859e-01
v 1.010101010101e-02 0.000000000000e+00 8.989898989899e-01
v -1.010101010101e-02 0.000000000000e+00 8.787878787879e-01
v 1.010101010101e-02 0.000000000000e+00 8.585858585859e-01
v -3.030303030303e-02 0.000000000000e+00 8.787878787879e-01
v 1.010101010101e-02 0.000000000000e+00 9.191919191919e-01
v -1.010101010101e-02 0.000000000000e+00 8.585858585859e-01
v 1.717171717172e-01 0.000000000000e+00 7.777777777778e-01
v 2.121212121212e-01 0.000000000000e+00 7.979797979798e-01
v 1.919191919192e-01 0.000000000000e+00 7.777777777778e-01
v 2.121212121212e-01 0.000000000000e+00 8.383838383838e-01
v 1.717171717172e-01 0.000000000000e+00 8.383838383838e-01
v 1.919191919192e-01 0.000000000000e+00 8.383838383838e-01
v 1.919191919192e-01 0.000000000000e+00 7.979797979798e-01
v 2.121212121212e-01 0.000000000000e+00 7.777777777778e-01
v 1.919191919192e-01 0.000000000000e+00 8.181818181818e-01
v 1.717171717172e-01 0.000000000000e+00 8.181818181818e-01
v 1.919191919192e-01 0.000000000000e+00 8.585858585859e-01
v 2.121212121212e-01 0.000000000000e+00 8.585858585859e-01
v 1.717171717172e-01 0.000000000000e+00 7.979797979798e-01
v 2.121212121212e-01 0.000000000000e+00 8.181818181818e-01
v 1.111111111111e-01 0.000000000000e+00 8.383838383838e-01
v 1.111111111111e-01 0.000000000000e+00 7.979797979798e-01
v 1.313131313131e-01 0.000000000000e+00 7.979797979798e-01
v 1.313131313131e-01 0.000000000000e+00 8.181818181818e-01
v 1.313131313131e-01 0.000000000000e+00 8.383838383838e-01
v 1.111111111111e-01 0.000000000000e+00 8.181818181818e-01
v 1.515151515152e-01 0.000000000000e+00 8.383838383838e-01
v 9.090909090909e-02 0.000000000000e+00 7.979797979798e-01
v 9.090909090909e-02 0.000000000000e+00 8.181818181818e-01
v 1.515151515152e-01 0.000000000000e+00 7.979797979798e-01
v 1.111111111111e-01 0.000000000000e+00 7.777777777778e-01
v 1.515151515152e-01 0.000000000000e+00 8.181818181818e-01
v 1.313131313131e-01 0.000000000000e+00 7.777777777778e-01
v 1.515151515152e-01 0.000000000000e+00 7.777777777778e-01
v 9.090909090909e-02 0.000000000000e+00 7.777777777778e-01
v 1.515151515152e-01 0.000000000000e+00 1.000000000000e+00
v 1.111111111111e-01 0.000000000000e+00 1.000000000000e+00
v 1.919191919192e-01 0.000000000000e+00 9.595959595960e-01
v 1.919191919192e-01 0.000000000000e+00 9.797979797980e-01
v 2.121212121212e-01 0.000000000000e+00 1.000000000000e+00
v 1.111111111111e-01 0.000000000000e+00 9.797979797980e-01
v 2.121212121212e-01 0.000000000000e+00 9.797979797980e-01
v 1.515151515152e-01 0.000000000000e+00 9.797979797980e-01
v 2.121212121212e-01 0.000000000000e+00 9.595959595960e-01
v 1.313131313131e-01 0.000000000000e+00 9.797979797980e-01
v 1.717171717172e-01 0.000000000000e+00 9.797979797980e-01
v 1.919191919192e-01 0.000000000000e+00 1.000000000000e+00
v 1.313131313131e-01 0.000000000000e+00 1.000000000000e+00
v 1.717171717172e-01 0.000000000000e+00 1.000000000000e+00
v 1.717171717172e-01 0.000000000000e+00 9.595959595960e-01
v 1.919191919192e-01 0.000000000000e+00 9.191919191919e-01
v 1.717171717172e-01 0.000000000000e+00 8.787878787879e-01
v 2.121212121212e-01 0.000000000000e+00 8.989898989899e-01
v 2.121212121212e-01 0.000000000000e+00 8.787878787879e-01
v 1.717171717172e-01 0.000000000000e+00 9.191919191919e-01
v 1.919191919192e-01 0.000000000000e+00 8.989898989899e-01
v 1.717171717172e-01 0.000000000000e+00 8.989898989899e-01
v 1.919191919192e-01 0.000000000000e+00 9.393939393939e-01
v 1.717171717172e-01 0.000000000000e+00 8.585858585859e-01
v 2.121212121212e-01 0.000000000000e+00 9.393939393939e-01
v 1.919191919192e-01 0.000000000000e+00 8.787878787879e-01
v 1.515151515152e-01 0.000000000000e+00 8.787878787879e-01
v 1.515151515152e-01 0.000000000000e+00 8.585858585859e-01
v 2.121212121212e-01 0.000000000000e+00 9.191919191919e-01
v 1.515151515152e-01 0.000000000000e+00 8.989898989899e-01
v 1.313131313131e-01 0.000000000000e+00 9.191919191919e-01
v 1.111111111111e-01 0.000000000000e+00 9.393939393939e-01
v 1.313131313131e-01 0.000000000000e+00 8.989898989899e-01
v 1.111111111111e-01 0.000000000000e+00 8.989898989899e-01
v 1.111111111111e-01 0.000000000000e+00 9.191919191919e-01
v 1.111111111111e-01 0.000000000000e+00 8.585858585859e-01
v 1.111111111111e-01 0.000000000000e+00 8.787878787879e-01
v 1.515151515152e-01 0.000000000000e+00 9.393939393939e-01
v 1.515151515152e-01 0.000000000000e+00 9.595959595960e-01
v 1.313131313131e-01 0.000000000000e+00 9.595959595960e-01
v 1.313131313131e-01 0.000000000000e+00 8.787878787879e-01
v 1.515151515152e-01 0.000000000000e+00 9.191919191919e-01
v 1.313131313131e-01 0.000000000000e+00 9.393939393939e-01
v 1.313131313131e-01 0.000000000000e+00 8.585858585859e-01
v 1.717171717172e-01 0.000000000000e+00 9.393939393939e-01
v 2.727272727273e-01 0.000000000000e+00 6.969696969697e-01
v 2.525252525253e-01 0.000000000000e+00 7.575757575758e-01
v 2.525252525253e-01 0.000000000000e+00 6.767676767677e-01
v 2.727272727273e-01 0.000000000000e+00 7.171717171717e-01
v 2.323232323232e-01 0.000000000000e+00 7.575757575758e-01
v 2.929292929293e-01 0.000000000000e+00 7.575757575758e-01
v 2.929292929293e-01 0.000000000000e+00 7.373737373737e-01
v 2.323232323232e-01 0.000000000000e+00 7.373737373737e-01
v 2.525252525253e-01 0.000000000000e+00 7.171717171717e-01
v 2.727272727273e-01 0.000000000000e+00 7.373737373737e-01
v 2.727272727273e-01 0.000000000000e+00 6.767676767677e-01
v 2.525252525253e-01 0.000000000000e+00 7.373737373737e-01
v 2.323232323232e-01 0.000000000000e+00 7.171717171717e-01
v 2.727272727273e-01 0.000000000000e+00 7.575757575758e-01
v 2.525252525253e-01 0.000000000000e+00 6.969696969697e-01
v 3.737373737374e-01 0.000000000000e+00 7.373737373737e-01
v 3.737373737374e-01 0.000000000000e+00 7.171717171717e-01
v 3.535353535354e-01 0.000000000000e+00 6.969696969697e-01
v 2.929292929293e-01 0.000000000000e+00 6.969696969697e-01
v 2.929292929293e-01 0.000000000000e+00 7.171717171717e-01
v 3.131313131313e-01 0.000000000000e+00 6.767676767677e-01
v 3.333333333333e-01 0.000000000000e+00 7.171717171717e-01
v 3.131313131313e-01 0.000000000000e+00 7.171717171717e-01
v 3.333333333333e-01 0.000000000000e+00 7.373737373737e-01
v 3.131313131313e-01 0.000000000000e+00 6.969696969697e-01
v 3.333333333333e-01 0.000000000000e+00 6.969696969697e-01
v 2.929292929293e-01 0.000000000000e+00 6.767676767677e-01
v 3.535353535354e-01 0.000000000000e+00 7.171717171717e-01
v 3.131313131313e-01 0.000000000000e+00 7.373737373737e-01
v 3.535353535354e-01 0.000000000000e+00 7.373737373737e-01
v 2.929292929293e-01 0.000000000000e+00 5.959595959596e-01
v 3.131313131313e-01 0.000000000000e+00 5.959595959596e-01
v 2.929292929293e-01 0.000000000000e+00 5.757575757576e-01
v 3.131313131313e-01 0.000000000000e+00 5.757575757576e-01
v 3.333333333333e-01 0.000000000000e+00 5.959595959596e-01
v 3.333333333333e-01 0.000000000000e+00 6.161616161616e-01
v 3.333333333333e-01 0.000000000000e+00 5.757575757576e-01
v 2.929292929293e-01 0.000000000000e+00 5.353535353535e-01
v 3.131313131313e-01 0.000000000000e+00 5.555555555556e-01
v 3.131313131313e-01 0.000000000000e+00 5.151515151515e-01
v 2.929292929293e-01 0.000000000000e+00 5.555555555556e-01
v 3.333333333333e-01 0.000000000000e+00 5.555555555556e-01
v 3.333333333333e-01 0.000000000000e+00 5.353535353535e-01
v 3.131313131313e-01 0.000000000000e+00 5.353535353535e-01
v 3.131313131313e-01 0.000000000000e+00 6.161616161616e-01
v 2.727272727273e-01 0.000000000000e+00 5.757575757576e-01
v 2.525252525253e-01 0.000000000000e+00 5.353535353535e-01
v 2.121212121212e-01 0.000000000000e+00 5.757575757576e-01
v 2.323232323232e-01 0.000000000000e+00 5.959595959596e-01
v 2.525252525253e-01 0.000000000000e+00 5.959595959596e-01
v 2.323232323232e-01 0.000000000000e+00 5.757575757576e-01
v 2.121212121212e-01 0.000000000000e+00 5.353535353535e-01
v 2.525252525253e-01 0.000000000000e+00 5.757575757576e-01
v 2.727272727273e-01 0.000000000000e+00 5.555555555556e-01
v 2.121212121212e-01 0.000000000000e+00 5.959595959596e-01
v 2.121212121212e-01 0.000000000000e+00 5.555555555556e-01
v 2.323232323232e-01 0.000000000000e+00 5.353535353535e-01
v 2.727272727273e-01 0.000000000000e+00 5.353535353535e-01
v 2.525252525253e-01 0.000000000000e+00 5.555555555556e-01
v 2.323232323232e-01 0.000000000000e+00 5.555555555556e-01
v 2.121212121212e-01 0.000000000000e+00 6.161616161616e-01
v 2.727272727273e-01 0.000000000000e+00 6.363636363636e-01
v 2.929292929293e-01 0.000000000000e+00 6.161616161616e-01
v 2.727272727273e-01 0.000000000000e+00 6.161616161616e-01
v 2.727272727273e-01 0.000000000000e+00 6.565656565657e-01
v 2.323232323232e-01 0.000000000000e+00 6.161616161616e-01
v 2.929292929293e-01 0.000000000000e+00 6.363636363636e-01
v 2.525252525253e-01 0.000000000000e+00 6.161616161616e-01
v 2.525252525253e-01 0.000000000000e+00 6.363636363636e-01
v 3.131313131313e-01 0.000000000000e+00 6.565656565657e-01
v 3.131313131313e-01 0.000000000000e+00 6.363636363636e-01
v 2.727272727273e-01 0.000000000000e+00 5.959595959596e-01
v 2.929292929293e-01 0.000000000000e+00 6.565656565657e-01
v 2.323232323232e-01 0.000000000000e+00 6.363636363636e-01
v 2.121212121212e-01 0.000000000000e+00 6.363636363636e-01
v 2.525252525253e-01 0.000000000000e+00 6.565656565657e-01
v 3.535353535354e-01 0.000000000000e+00 5.353535353535e-01
v 3.939393939394e-01 0.000000000000e+00 5.353535353535e-01
v 3.939393939394e-01 0.000000000000e+00 5.757575757576e-01
v 3.939393939394e-01 0.000000000000e+00 6.161616161616e-01
v 3.535353535354e-01 0.000000000000e+00 5.959595959596e-01
v 3.737373737374e-01 0.000000000000e+00 5.959595959596e-01
v 3.939393939394e-01 0.000000000000e+00 5.959595959596e-01
v 3.737373737374e-01 0.000000000000e+00 5.555555555556e-01
v 3.737373737374e-01 0.000000000000e+00 5.757575757576e-01
v 3.535353535354e-01 0.000000000000e+00 5.757575757576e-01
v 3.535353535354e-01 0.000000000000e+00 6.161616161616e-01
v 3.737373737374e-01 0.000000000000e+00 6.161616161616e-01
v 3.737373737374e-01 0.000000000000e+00 5.353535353535e-01
v 3.535353535354e-01 0.000000000000e+00 5.555555555556e-01
v 3.939393939394e-01 0.000000000000e+00 5.555555555556e-01
v 4.343434343434e-01 0.000000000000e+00 5.757575757576e-01
v 4.141414141414e-01 0.000000000000e+00 5.353535353535e-01
v 4.343434343434e-01 0.000000000000e+00 5.353535353535e-01
v 4.141414141414e-01 0.000000000000e+00 5.757575757576e-01
v 4.747474747475e-01 0.000000000000e+00 5.555555555556e-01
v 4.545454545455e-01 0.000000000000e+00 5.353535353535e-01
v 4.545454545455e-01 0.000000000000e+00 5.757575757576e-01
v 4.141414141414e-01 0.000000000000e+00 5.555555555556e-01
v 4.343434343434e-01 0.000000000000e+00 5.959595959596e-01
v 4.343434343434e-01 0.000000000000e+00 5.555555555556e-01
v 4.747474747475e-01 0.000000000000e+00 5.757575757576e-01
v 4.545454545455e-01 0.000000000000e+00 5.959595959596e-01
v 4.545454545455e-01 0.000000000000e+00 5.555555555556e-01
v 4.747474747475e-01 0.000000000000e+00 5.353535353535e-01
v 4.141414141414e-01 0.000000000000e+00 5.959595959596e-01
v 4.545454545455e-01 0.000000000000e+00 6.969696969697e-01
v 4.343434343434e-01 0.000000000000e+00 6.969696969697e-01
v 4.343434343434e-01 0.000000000000e+00 7.373737373737e-01
v 4.141414141414e-01 0.000000000000e+00 7.373737373737e-01
v 4.747474747475e-01 0.000000000000e+00 6.969696969697e-01
v 4.545454545455e-01 0.000000000000e+00 7.171717171717e-01
v 4.141414141414e-01 0.000000000000e+00 6.969696969697e-01
v 3.939393939394e-01 0.000000000000e+00 7.171717171717e-01
v 3.939393939394e-01 0.000000000000e+00 7.373737373737e-01
v 4.141414141414e-01 0.000000000000e+00 7.171717171717e-01
v 4.343434343434e-01 0.000000000000e+00 7.171717171717e-01
v 4.545454545455e-01 0.000000000000e+00 7.373737373737e-01
v 4.747474747475e-01 0.000000000000e+00 7.171717171717e-01
v 4.747474747475e-01 0.000000000000e+00 7.373737373737e-01
v 4.747474747475e-01 0.000000000000e+00 6.767676767677e-01
v 4.545454545455e-01 0.000000000000e+00 6.767676767677e-01
v 4.141414141414e-01 0.000000000000e+00 6.767676767677e-01
v 4.747474747475e-01 0.000000000000e+00 6.363636363636e-01
v 4.141414141414e-01 0.000000000000e+00 6.565656565657e-01
v 4.545454545455e-01 0.000000000000e+00 6.565656565657e-01
v 4.141414141414e-01 0.000000000000e+00 6.363636363636e-01
v 4.343434343434e-01 0.000000000000e+00 6.161616161616e-01
v 4.343434343434e-01 0.000000000000e+00 6.363636363636e-01
v 4.141414141414e-01 0.000000000000e+00 6.161616161616e-01
v 4.747474747475e-01 0.000000000000e+00 6.161616161616e-01
v 4.343434343434e-01 0.000000000000e+00 6.565656565657e-01
v 4.545454545455e-01 0.000000000000e+00 6.161616161616e-01
v 4.545454545455e-01 0.000000000000e+00 6.363636363636e-01
v 4.343434343434e-01 0.000000000000e+00 6.767676767677e-01
v 4.747474747475e-01 0.000000000000e+00 6.565656565657e-01
v 3.535353535354e-01 0.000000000000e+00 6.767676767677e-01
v 3.737373737374e-01 0.000000000000e+00 6.767676767677e-01
v 3.939393939394e-01 0.000000000000e+00 6.767676767677e-01
v 3.737373737374e-01 0.000000000000e+00 6.969696969697e-01
v 3.939393939394e-01 0.000000000000e+00 6.969696969697e-01
v 3.737373737374e-01 0.000000000000e+00 6.565656565657e-01
v 3.535353535354e-01 0.000000000000e+00 6.565656565657e-01
v 3.333333333333e-01 0.000000000000e+00 6.767676767677e-01
v 3.333333333333e-01 0.000000000000e+00 6.565656565657e-01
v 3.939393939394e-01 0.000000000000e+00 6.363636363636e-01
v 3.737373737374e-01 0.000000000000e+00 6.363636363636e-01
v 3.333333333333e-01 0.000000000000e+00 6.363636363636e-01
v 3.535353535354e-01 0.000000000000e+00 6.363636363636e-01
v 3.939393939394e-01 0.000000000000e+00 6.565656565657e-01
v 2.323232323232e-01 0.000000000000e+00 9.797979797980e-01
v 2.525252525253e-01 0.000000000000e+00 9.797979797980e-01
v 2.727272727273e-01 0.000000000000e+00 9.797979797980e-01
v 2.323232323232e-01 0.000000000000e+00 9.595959595960e-01
v 2.727272727273e-01 0.000000000000e+00 9.595959595960e-01
v 2.929292929293e-01 0.000000000000e+00 1.000000000000e+00
v 2.525252525253e-01 0.000000000000e+00 9.595959595960e-01
v 2.727272727273e-01 0.000000000000e+00 9.393939393939e-01
v 2.323232323232e-01 0.000000000000e+00 9.393939393939e-01
v 2.929292929293e-01 0.000000000000e+00 9.797979797980e-01
v 2.525252525253e-01 0.000000000000e+00 9.393939393939e-01
v 2.525252525253e-01 0.000000000000e+00 1.000000000000e+00
v 2.323232323232e-01 0.000000000000e+00 1.000000000000e+00
v 2.727272727273e-01 0.000000000000e+00 1.000000000000e+00
v 3.131313131313e-01 0.000000000000e+00 9.393939393939e-01
v 3.131313131313e-01 0.000000000000e+00 9.797979797980e-01
v 3.131313131313e-01 0.000000000000e+00 8.989898989899e-01
v 3.131313131313e-01 0.000000000000e+00 1.000000000000e+00
v 3.333333333333e-01 0.000000000000e+00 1.000000000000e+00
v 3.333333333333e-01 0.000000000000e+00 9.393939393939e-01
v 3.333333333333e-01 0.000000000000e+00 9.595959595960e-01
v 3.131313131313e-01 0.000000000000e+00 9.595959595960e-01
v 2.929292929293e-01 0.000000000000e+00 9.595959595960e-01
v 3.333333333333e-01 0.000000000000e+00 9.797979797980e-01
v 2.929292929293e-01 0.000000000000e+00 9.191919191919e-01
v 3.333333333333e-01 0.000000000000e+00 8.989898989899e-01
v 3.131313131313e-01 0.000000000000e+00 9.191919191919e-01
v 3.333333333333e-01 0.000000000000e+00 9.191919191919e-01
v 2.929292929293e-01 0.000000000000e+00 9.393939393939e-01
v 2.323232323232e-01 0.000000000000e+00 9.191919191919e-01
v 2.727272727273e-01 0.000000000000e+00 8.585858585859e-01
v 2.727272727273e-01 0.000000000000e+00 8.787878787879e-01
v 2.929292929293e-01 0.000000000000e+00 8.989898989899e-01
v 2.525252525253e-01 0.000000000000e+00 8.585858585859e-01
v 2.323232323232e-01 0.000000000000e+00 8.585858585859e-01
v 2.323232323232e-01 0.000000000000e+00 8.787878787879e-01
v 2.525252525253e-01 0.000000000000e+00 9.191919191919e-01
v 2.929292929293e-01 0.000000000000e+00 8.787878787879e-01
v 2.727272727273e-01 0.000000000000e+00 8.989898989899e-01
v 2.525252525253e-01 0.000000000000e+00 8.989898989899e-01
v 2.727272727273e-01 0.000000000000e+00 9.191919191919e-01
v 2.525252525253e-01 0.000000000000e+00 8.787878787879e-01
v 2.323232323232e-01 0.000000000000e+00 8.989898989899e-01
v 2.525252525253e-01 0.000000000000e+00 8.181818181818e-01
v 2.727272727273e-01 0.000000000000e+00 8.181818181818e-01
v 2.525252525253e-01 0.000000000000e+00 7.979797979798e-01
v 2.323232323232e-01 0.000000000000e+00 7.979797979798e-01
v 2.525252525253e-01 0.000000000000e+00 8.383838383838e-01
v 2.323232323232e-01 0.000000000000e+00 8.181818181818e-01
v 2.323232323232e-01 0.000000000000e+00 7.777777777778e-01
v 2.727272727273e-01 0.000000000000e+00 8.383838383838e-01
v 2.525252525253e-01 0.000000000000e+00 7.777777777778e-01
v 2.727272727273e-01 0.000000000000e+00 7.777777777778e-01
v 2.929292929293e-01 0.000000000000e+00 8.181818181818e-01
v 2.727272727273e-01 0.000000000000e+00 7.979797979798e-01
v 2.929292929293e-01 0.000000000000e+00 7.979797979798e-01
v 2.323232323232e-01 0.000000000000e+00 8.383838383838e-01
v 2.929292929293e-01 0.000000000000e+00 7.777777777778e-01
v 3.333333333333e-01 0.000000000000e+00 8.585858585859e-01
v 3.333333333333e-01 0.000000000000e+00 8.383838383838e-01
v 3.131313131313e-01 0.000000000000e+00 8.383838383838e-01
v 3.333333333333e-01 0.000000000000e+00 7.979797979798e-01
v 3.131313131313e-01 0.000000000000e+00 7.979797979798e-01
v 3.131313131313e-01 0.000000000000e+00 8.787878787879e-01
v 3.333333333333e-01 0.000000000000e+00 7.777777777778e-01
v 3.131313131313e-01 0.000000000000e+00 7.777777777778e-01
v 2.929292929293e-01 0.000000000000e+00 8.383838383838e-01
v 3.131313131313e-01 0.000000000000e+00 8.585858585859e-01
v 3.131313131313e-01 0.000000000000e+00 8.181818181818e-01
v 3.333333333333e-01 0.000000000000e+00 8.787878787879e-01
v 3.131313131313e-01 0.000000000000e+00 7.575757575758e-01
v 3.333333333333e-01 0.000000000000e+00 7.575757575758e-01
v 2.929292929293e-01 0.000000000000e+00 8.585858585859e-01
v 3.333333333333e-01 0.000000000000e+00 8.181818181818e-01
v 4.747474747475e-01 0.000000000000e+00 8.383838383838e-01
v 4.343434343434e-01 0.000000000000e+00 7.777777777778e-01
v 4.545454545455e-01 0.000000000000e+00 7.979797979798e-01
v 4.343434343434e-01 0.000000000000e+00 7.575757575758e-01
v 4.747474747475e-01 0.000000000000e+00 7.777777777778e-01
v 4.545454545455e-01 0.000000000000e+00 7.777777777778e-01
v 4.747474747475e-01 0.000000000000e+00 7.979797979798e-01
v 4.545454545455e-01 0.000000000000e+00 8.181818181818e-01
v 4.343434343434e-01 0.000000000000e+00 7.979797979798e-01
v 4.747474747475e-01 0.000000000000e+00 7.575757575758e-01
v 4.545454545455e-01 0.000000000000e+00 7.575757575758e-01
v 4.545454545455e-01 0.000000000000e+00 8.383838383838e-01
v 4.747474747475e-01 0.000000000000e+00 8.181818181818e-01
v 4.545454545455e-01 0.000000000000e+00 8.585858585859e-01
v 4.747474747475e-01 0.000000000000e+00 8.585858585859e-01
v 4.343434343434e-01 0.000000000000e+00 8.181818181818e-01
v 4.343434343434e-01 0.000000000000e+00 8.383838383838e-01
v 3.737373737374e-01 0.000000000000e+00 8.585858585859e-01
v 4.343434343434e-01 0.000000000000e+00 8.585858585859e-01
v 4.141414141414e-01 0.000000000000e+00 8.181818181818e-01
v 4.141414141414e-01 0.000000000000e+00 8.585858585859e-01
v 3.939393939394e-01 0.000000000000e+00 8.383838383838e-01
v 3.737373737374e-01 0.000000000000e+00 8.383838383838e-01
v 4.141414141414e-01 0.000000000000e+00 8.383838383838e-01
v 3.737373737374e-01 0.000000000000e+00 8.787878787879e-01
v 3.939393939394e-01 0.000000000000e+00 8.787878787879e-01
v 3.535353535354e-01 0.000000000000e+00 8.787878787879e-01
v 3.939393939394e-01 0.000000000000e+00 8.585858585859e-01
v 3.535353535354e-01 0.000000000000e+00 8.585858585859e-01
v 3.535353535354e-01 0.000000000000e+00 8.383838383838e-01
v 3.535353535354e-01 0.000000000000e+00 8.181818181818e-01
v 3.939393939394e-01 0.000000000000e+00 8.181818181818e-01
v 3.535353535354e-01 0.000000000000e+00 7.979797979798e-01
v 4.141414141414e-01 0.000000000000e+00 7.979797979798e-01
v 3.737373737374e-01 0.000000000000e+00 8.181818181818e-01
v 4.141414141414e-01 0.000000000000e+00 7.777777777778e-01
v 3.737373737374e-01 0.000000000000e+00 7.575757575758e-01
v 4.141414141414e-01 0.000000000000e+00 7.575757575758e-01
v 3.939393939394e-01 0.000000000000e+00 7.575757575758e-01
v 3.535353535354e-01 0.000000000000e+00 7.777777777778e-01
v 3.535353535354e-01 0.000000000000e+00 7.575757575758e-01
v 3.939393939394e-01 0.000000000000e+00 7.777777777778e-01
v 3.939393939394e-01 0.000000000000e+00 7.979797979798e-01
v 3.737373737374e-01 0.000000000000e+00 7.777777777778e-01
v 3.737373737374e-01 0.000000000000e+00 7.979797979798e-01
v 4.343434343434e-01 0.000000000000e+00 8.989898989899e-01
v 4.343434343434e-01 0.000000000000e+00 8.787878787879e-01
v 4.141414141414e-01 0.000000000000e+00 8.989898989899e-01
v 4.545454545455e-01 0.000000000000e+00 9.191919191919e-01
v 4.545454545455e-01 0.000000000000e+00 8.989898989899e-01
v 4.343434343434e-01 0.000000000000e+00 9.191919191919e-01
v 4.141414141414e-01 0.000000000000e+00 9.191919191919e-01
v 4.747474747475e-01 0.000000000000e+00 8.989898989899e-01
v 4.747474747475e-01 0.000000000000e+00 9.191919191919e-01
v 4.545454545455e-01 0.000000000000e+00 9.393939393939e-01
v 4.141414141414e-01 0.000000000000e+00 8.787878787879e-01
v 4.343434343434e-01 0.000000000000e+00 9.393939393939e-01
v 4.545454545455e-01 0.000000000000e+00 8.787878787879e-01
v 4.747474747475e-01 0.000000000000e+00 8.787878787879e-01
v 4.141414141414e-01 0.000000000000e+00 9.393939393939e-01
v 4.747474747475e-01 0.000000000000e+00 9.393939393939e-01
v 4.545454545455e-01 0.000000000000e+00 9.797979797980e-01
v 4.141414141414e-01 0.000000000000e+00 9.797979797980e-01
v 4.747474747475e-01 0.000000000000e+00 9.797979797980e-01
v 4.343434343434e-01 0.000000000000e+00 9.797979797980e-01
v 4.747474747475e-01 0.000000000000e+00 9.595959595960e-01
v 4.747474747475e-01 0.000000000000e+00 1.000000000000e+00
v 3.939393939394e-01 0.000000000000e+00 9.797979797980e-01
v 4.545454545455e-01 0.000000000000e+00 1.000000000000e+00
v 4.545454545455e-01 0.000000000000e+00 9.595959595960e-01
v 4.343434343434e-01 0.000000000000e+00 1.000000000000e+00
v 4.141414141414e-01 0.000000000000e+00 1.000000000000e+00
v 4.343434343434e-01 0.000000000000e+00 9.595959595960e-01
v 3.939393939394e-01 0.000000000000e+00 1.000000000000e+00
v 4.141414141414e-01 0.000000000000e+00 9.595959595960e-01
v 3.939393939394e-01 0.000000000000e+00 9.595959595960e-01
v 3.939393939394e-01 0.000000000000e+00 9.393939393939e-01
v 3.535353535354e-01 0.000000000000e+00 8.989898989899e-01
v 3.737373737374e-01 0.000000000000e+00 9.393939393939e-01
v 3.737373737374e-01 0.000000000000e+00 9.797979797980e-01
v 3.939393939394e-01 0.000000000000e+00 9.191919191919e-01
v 3.535353535354e-01 0.000000000000e+00 9.191919191919e-01
v 3.535353535354e-01 0.000000000000e+00 1.000000000000e+00
v 3.535353535354e-01 0.000000000000e+00 9.393939393939e-01
v 3.535353535354e-01 0.000000000000e+00 9.595959595960e-01
v 3.737373737374e-01 0.000000000000e+00 9.191919191919e-01
v 3.535353535354e-01 0.000000000000e+00 9.797979797980e-01
v 3.737373737374e-01 0.000000000000e+00 8.989898989899e-01
v 3.737373737374e-01 0.000000000000e+00 1.000000000000e+00
v 3.939393939394e-01 0.000000000000e+00 8.989898989899e-01
v 3.737373737374e-01 0.000000000000e+00 9.595959595960e-01
v 3.030303030303e-02 0.000000000000e+00 2.727272727273e-01
v 7.070707070707e-02 0.000000000000e+00 3.131313131313e-01
v 3.030303030303e-02 0.000000000000e+00 3.131313131313e-01
v 5.050505050505e-02 0.000000000000e+00 2.929292929293e-01
v 7.070707070707e-02 0.000000000000e+00 2.727272727273e-01
v 5.050505050505e-02 0.000000000000e+00 2.727272727273e-01
v 3.030303030303e-02 0.000000000000e+00 2.929292929293e-01
v 9.090909090909e-02 0.000000000000e+00 3.131313131313e-01
v 7.070707070707e-02 0.000000000000e+00 3.333333333333e-01
v 5.050505050505e-02 0.000000000000e+00 3.131313131313e-01
v 7.070707070707e-02 0.000000000000e+00 2.929292929293e-01
v 3.030303030303e-02 0.000000000000e+00 3.333333333333e-01
v 9.090909090909e-02 0.000000000000e+00 2.929292929293e-01
v 5.050505050505e-02 0.000000000000e+00 3.333333333333e-01
v 9.090909090909e-02 0.000000000000e+00 2.727272727273e-01
v -1.010101010101e-02 0.000000000000e+00 2.727272727273e-01
v 1.010101010101e-02 0.000000000000e+00 3.535353535354e-01
v 3.030303030303e-02 0.000000000000e+00 3.737373737374e-01
v 1.010101010101e-02 0.000000000000e+00 3.737373737374e-01
v -1.010101010101e-02 0.000000000000e+00 3.737373737374e-01
v 1.010101010101e-02 0.000000000000e+00 3.131313131313e-01
v 1.010101010101e-02 0.000000000000e+00 3.333333333333e-01
v -1.010101010101e-02 0.000000000000e+00 3.131313131313e-01
v -1.010101010101e-02 0.000000000000e+00 3.333333333333e-01
v 1.010101010101e-02 0.000000000000e+00 2.727272727273e-01
v -1.010101010101e-02 0.000000000000e+00 3.535353535354e-01
v -1.010101010101e-02 0.000000000000e+00 2.929292929293e-01
v 1.010101010101e-02 0.000000000000e+00 2.929292929293e-01
v 3.030303030303e-02 0.000000000000e+00 3.535353535354e-01
v 1.515151515152e-01 0.000000000000e+00 3.333333333333e-01
v 1.717171717172e-01 0.000000000000e+00 2.929292929293e-01
v 1.515151515152e-01 0.000000000000e+00 2.929292929293e-01
v 1.717171717172e-01 0.000000000000e+00 3.333333333333e-01
v 1.111111111111e-01 0.000000000000e+00 2.929292929293e-01
v 1.111111111111e-01 0.000000000000e+00 3.131313131313e-01
v 1.111111111111e-01 0.000000000000e+00 3.333333333333e-01
v 1.515151515152e-01 0.000000000000e+00 3.131313131313e-01
v 1.111111111111e-01 0.000000000000e+00 2.727272727273e-01
v 1.717171717172e-01 0.000000000000e+00 3.131313131313e-01
v 1.717171717172e-01 0.000000000000e+00 2.727272727273e-01
v 1.313131313131e-01 0.000000000000e+00 2.929292929293e-01
v 1.313131313131e-01 0.000000000000e+00 3.131313131313e-01
v 1.313131313131e-01 0.000000000000e+00 3.333333333333e-01
v 1.515151515152e-01 0.000000000000e+00 2.727272727273e-01
v 1.313131313131e-01 0.000000000000e+00 2.727272727273e-01
v 1.313131313131e-01 0.000000000000e+00 3.939393939394e-01
v 1.717171717172e-01 0.000000000000e+00 3.939393939394e-01
v 1.515151515152e-01 0.000000000000e+00 4.141414141414e-01
v 1.717171717172e-01 0.000000000000e+00 3.737373737374e-01
v 1.515151515152e-01 0.000000000000e+00 3.737373737374e-01
v 1.515151515152e-01 0.000000000000e+00 3.939393939394e-01
v 1.515151515152e-01 0.000000000000e+00 3.535353535354e-01
v 1.717171717172e-01 0.000000000000e+00 4.141414141414e-01
v 1.313131313131e-01 0.000000000000e+00 4.343434343434e-01
v 1.717171717172e-01 0.000000000000e+00 3.535353535354e-01
v 1.313131313131e-01 0.000000000000e+00 4.141414141414e-01
v 1.515151515152e-01 0.000000000000e+00 4.343434343434e-01
v 1.313131313131e-01 0.000000000000e+00 3.535353535354e-01
v 1.717171717172e-01 0.000000000000e+00 4.343434343434e-01
v 1.313131313131e-01 0.000000000000e+00 3.737373737374e-01
v 7.070707070707e-02 0.000000000000e+00 3.737373737374e-01
v 7.070707070707e-02 0.000000000000e+00 3.535353535354e-01
v 1.111111111111e-01 0.000000000000e+00 3.737373737374e-01
v 1.111111111111e-01 0.000000000000e+00 3.535353535354e-01
v 9.090909090909e-02 0.000000000000e+00 3.939393939394e-01
v 7.070707070707e-02 0.000000000000e+00 3.939393939394e-01
v 5.050505050505e-02 0.000000000000e+00 3.939393939394e-01
v 5.050505050505e-02 0.000000000000e+00 3.737373737374e-01
v 1.111111111111e-01 0.000000000000e+00 3.939393939394e-01
v 9.090909090909e-02 0.000000000000e+00 3.737373737374e-01
v 9.090909090909e-02 0.000000000000e+00 3.535353535354e-01
v 9.090909090909e-02 0.000000000000e+00 4.141414141414e-01
v 9.090909090909e-02 0.000000000000e+00 3.333333333333e-01
v 5.050505050505e-02 0.000000000000e+00 3.535353535354e-01
v 1.111111111111e-01 0.000000000000e+00 4.141414141414e-01
v 1.515151515152e-01 0.000000000000e+00 4.949494949495e-01
v 1.919191919192e-01 0.000000000000e+00 5.353535353535e-01
v 1.313131313131e-01 0.000000000000e+00 5.353535353535e-01
v 1.717171717172e-01 0.000000000000e+00 5.151515151515e-01
v 1.717171717172e-01 0.000000000000e+00 5.353535353535e-01
v 9.090909090909e-02 0.000000000000e+00 5.353535353535e-01
v 1.111111111111e-01 0.000000000000e+00 5.353535353535e-01
v 1.111111111111e-01 0.000000000000e+00 5.151515151515e-01
v 1.515151515152e-01 0.000000000000e+00 5.353535353535e-01
v 1.919191919192e-01 0.000000000000e+00 5.151515151515e-01
v 1.515151515152e-01 0.000000000000e+00 5.151515151515e-01
v 9.090909090909e-02 0.000000000000e+00 5.151515151515e-01
v 1.717171717172e-01 0.000000000000e+00 4.949494949495e-01
v 1.313131313131e-01 0.000000000000e+00 5.151515151515e-01
v 1.313131313131e-01 0.000000000000e+00 4.545454545455e-01
v 1.111111111111e-01 0.000000000000e+00 4.343434343434e-01
v 1.717171717172e-01 0.000000000000e+00 4.747474747475e-01
v 9.090909090909e-02 0.000000000000e+00 4.545454545455e-01
v 1.111111111111e-01 0.000000000000e+00 4.545454545455e-01
v 1.717171717172e-01 0.000000000000e+00 4.545454545455e-01
v 1.515151515152e-01 0.000000000000e+00 4.545454545455e-01
v 1.313131313131e-01 0.000000000000e+00 4.949494949495e-01
v 9.090909090909e-02 0.000000000000e+00 4.747474747475e-01
v 1.111111111111e-01 0.000000000000e+00 4.949494949495e-01
v 9.090909090909e-02 0.000000000000e+00 4.949494949495e-01
v 9.090909090909e-02 0.000000000000e+00 4.343434343434e-01
v 1.111111111111e-01 0.000000000000e+00 4.747474747475e-01
v 1.515151515152e-01 0.000000000000e+00 4.747474747475e-01
v 1.313131313131e-01 0.000000000000e+00 4.747474747475e-01
v 5.050505050505e-02 0.000000000000e+00 5.151515151515e-01
v 1.010101010101e-02 0.000000000000e+00 5.151515151515e-01
v -1.010101010101e-02 0.000000000000e+00 5.151515151515e-01
v -3.030303030303e-02 0.000000000000e+00 5.151515151515e-01
v 7.070707070707e-02 0.000000000000e+00 4.949494949495e-01
v 5.050505050505e-02 0.000000000000e+00 4.949494949495e-01
v 3.030303030303e-02 0.000000000000e+00 4.949494949495e-01
v 1.010101010101e-02 0.000000000000e+00 4.949494949495e-01
v 7.070707070707e-02 0.000000000000e+00 5.353535353535e-01
v 5.050505050505e-02 0.000000000000e+00 5.353535353535e-01
v 3.030303030303e-02 0.000000000000e+00 5.151515151515e-01
v 3.030303030303e-02 0.000000000000e+00 5.353535353535e-01
v 7.070707070707e-02 0.000000000000e+00 5.151515151515e-01
v 1.010101010101e-02 0.000000000000e+00 5.353535353535e-01
v 3.030303030303e-02 0.000000000000e+00 3.939393939394e-01
v -3.030303030303e-02 0.000000000000e+00 4.747474747475e-01
v -3.030303030303e-02 0.000000000000e+00 4.141414141414e-01
v -1.010101010101e-02 0.000000000000e+00 4.949494949495e-01
v -3.030303030303e-02 0.000000000000e+00 4.949494949495e-01
v -1.010101010101e-02 0.000000000000e+00 4.343434343434e-01
v 1.010101010101e-02 0.000000000000e+00 4.141414141414e-01
v -3.030303030303e-02 0.000000000000e+00 4.545454545455e-01
v -1.010101010101e-02 0.000000000000e+00 4.141414141414e-01
v 1.010101010101e-02 0.000000000000e+00 3.939393939394e-01
v -3.030303030303e-02 0.000000000000e+00 4.343434343434e-01
v -1.010101010101e-02 0.000000000000e+00 3.939393939394e-01
v -1.010101010101e-02 0.000000000000e+00 4.747474747475e-01
v -1.010101010101e-02 0.000000000000e+00 4.545454545455e-01
v -3.030303030303e-02 0.000000000000e+00 3.939393939394e-01
v 7.070707070707e-02 0.000000000000e+00 4.747474747475e-01
v 7.070707070707e-02 0.000000000000e+00 4.545454545455e-01
v 1.010101010101e-02 0.000000000000e+00 4.343434343434e-01
v 3.030303030303e-02 0.000000000000e+00 4.343434343434e-01
v 1.010101010101e-02 0.000000000000e+00 4.747474747475e-01
v 1.010101010101e-02 0.000000000000e+00 4.545454545455e-01
v 5.050505050505e-02 0.000000000000e+00 4.343434343434e-01
v 7.070707070707e-02 0.000000000000e+00 4.343434343434e-01
v 3.030303030303e-02 0.000000000000e+00 4.141414141414e-01
v 5.050505050505e-02 0.000000000000e+00 4.141414141414e-01
v 7.070707070707e-02 0.000000000000e+00 4.141414141414e-01
v 5.050505050505e-02 0.000000000000e+00 4.545454545455e-01
v 3.030303030303e-02 0.000000000000e+00 4.545454545455e-01
v 3.030303030303e-02 0.000000000000e+00 4.747474747475e-01
v 5.050505050505e-02 0.000000000000e+00 4.747474747475e-01
v 2.323232323232e-01 0.000000000000e+00 5.151515151515e-01
v 2.121212121212e-01 0.000000000000e+00 4.545454545455e-01
v 2.323232323232e-01 0.000000000000e+00 4.747474747475e-01
v 2.323232323232e-01 0.000000000000e+00 4.949494949495e-01
v 2.525252525253e-01 0.000000000000e+00 4.747474747475e-01
v 2.323232323232e-01 0.000000000000e+00 4.545454545455e-01
v 2.525252525253e-01 0.000000000000e+00 4.949494949495e-01
v 1.919191919192e-01 0.000000000000e+00 4.747474747475e-01
v 2.121212121212e-01 0.000000000000e+00 4.747474747475e-01
v 1.919191919192e-01 0.000000000000e+00 4.545454545455e-01
v 2.121212121212e-01 0.000000000000e+00 4.949494949495e-01
v 1.919191919192e-01 0.000000000000e+00 4.949494949495e-01
v 2.121212121212e-01 0.000000000000e+00 5.151515151515e-01
v 2.525252525253e-01 0.000000000000e+00 5.151515151515e-01
v 2.929292929293e-01 0.000000000000e+00 4.545454545455e-01
v 2.727272727273e-01 0.000000000000e+00 5.151515151515e-01
v 2.727272727273e-01 0.000000000000e+00 4.343434343434e-01
v 2.525252525253e-01 0.000000000000e+00 4.343434343434e-01
v 3.131313131313e-01 0.000000000000e+00 4.343434343434e-01
v 2.525252525253e-01 0.000000000000e+00 4.545454545455e-01
v 2.727272727273e-01 0.000000000000e+00 4.747474747475e-01
v 2.929292929293e-01 0.000000000000e+00 4.747474747475e-01
v 2.929292929293e-01 0.000000000000e+00 4.343434343434e-01
v 2.727272727273e-01 0.000000000000e+00 4.545454545455e-01
v 2.929292929293e-01 0.000000000000e+00 4.949494949495e-01
v 2.727272727273e-01 0.000000000000e+00 4.949494949495e-01
v 2.929292929293e-01 0.000000000000e+00 4.141414141414e-01
v 2.727272727273e-01 0.000000000000e+00 4.141414141414e-01
v 2.929292929293e-01 0.000000000000e+00 5.151515151515e-01
v 2.121212121212e-01 0.000000000000e+00 2.727272727273e-01
v 2.525252525253e-01 0.000000000000e+00 2.929292929293e-01
v 1.919191919192e-01 0.000000000000e+00 2.727272727273e-01
v 2.323232323232e-01 0.000000000000e+00 3.333333333333e-01
v 1.919191919192e-01 0.000000000000e+00 2.929292929293e-01
v 2.525252525253e-01 0.000000000000e+00 2.727272727273e-01
v 2.323232323232e-01 0.000000000000e+00 3.131313131313e-01
v 2.121212121212e-01 0.000000000000e+00 3.131313131313e-01
v 2.525252525253e-01 0.000000000000e+00 3.131313131313e-01
v 1.919191919192e-01 0.000000000000e+00 3.131313131313e-01
v 2.323232323232e-01 0.000000000000e+00 2.929292929293e-01
v 1.919191919192e-01 0.000000000000e+00 3.333333333333e-01
v 2.323232323232e-01 0.000000000000e+00 2.727272727273e-01
v 2.121212121212e-01 0.000000000000e+00 3.333333333333e-01
v 2.121212121212e-01 0.000000000000e+00 2.929292929293e-01
v 1.919191919192e-01 0.000000000000e+00 3.737373737374e-01
v 2.323232323232e-01 0.000000000000e+00 3.737373737374e-01
v 2.323232323232e-01 0.000000000000e+00 4.343434343434e-01
v 2.525252525253e-01 0.000000000000e+00 3.939393939394e-01
v 1.919191919192e-01 0.000000000000e+00 3.535353535354e-01
v 2.323232323232e-01 0.000000000000e+00 3.939393939394e-01
v 2.121212121212e-01 0.000000000000e+00 3.939393939394e-01
v 1.919191919192e-01 0.000000000000e+00 4.141414141414e-01
v 1.919191919192e-01 0.000000000000e+00 3.939393939394e-01
v 2.525252525253e-01 0.000000000000e+00 4.141414141414e-01
v 2.323232323232e-01 0.000000000000e+00 4.141414141414e-01
v 2.121212121212e-01 0.000000000000e+00 4.141414141414e-01
v 1.919191919192e-01 0.000000000000e+00 4.343434343434e-01
v 2.121212121212e-01 0.000000000000e+00 3.535353535354e-01
v 2.121212121212e-01 0.000000000000e+00 4.343434343434e-01
v 2.121212121212e-01 0.000000000000e+00 3.737373737374e-01
v 2.525252525253e-01 0.000000000000e+00 3.737373737374e-01
v 2.929292929293e-01 0.000000000000e+00 3.939393939394e-01
v 2.727272727273e-01 0.000000000000e+00 3.333333333333e-01
v 2.727272727273e-01 0.000000000000e+00 3.939393939394e-01
v 2.727272727273e-01 0.000000000000e+00 3.737373737374e-01
v 2.929292929293e-01 0.000000000000e+00 3.131313131313e-01
v 2.727272727273e-01 0.000000000000e+00 2.929292929293e-01
v 2.727272727273e-01 0.000000000000e+00 3.131313131313e-01
v 2.929292929293e-01 0.000000000000e+00 2.929292929293e-01
v 2.929292929293e-01 0.000000000000e+00 3.333333333333e-01
v 2.929292929293e-01 0.000000000000e+00 3.535353535354e-01
v 2.525252525253e-01 0.000000000000e+00 3.333333333333e-01
v 2.929292929293e-01 0.000000000000e+00 3.737373737374e-01
v 2.323232323232e-01 0.000000000000e+00 3.535353535354e-01
v 2.525252525253e-01 0.000000000000e+00 3.535353535354e-01
v 2.727272727273e-01 0.000000000000e+00 3.535353535354e-01
v 3.535353535354e-01 0.000000000000e+00 4.949494949495e-01
v 3.535353535354e-01 0.000000000000e+00 4.747474747475e-01
v 3.131313131313e-01 0.000000000000e+00 4.747474747475e-01
v 3.333333333333e-01 0.000000000000e+00 4.747474747475e-01
v 3.535353535354e-01 0.000000000000e+00 5.151515151515e-01
v 3.333333333333e-01 0.000000000000e+00 5.151515151515e-01
v 3.737373737374e-01 0.000000000000e+00 4.343434343434e-01
v 3.131313131313e-01 0.000000000000e+00 4.949494949495e-01
v 3.333333333333e-01 0.000000000000e+00 4.545454545455e-01
v 3.535353535354e-01 0.000000000000e+00 4.545454545455e-01
v 3.131313131313e-01 0.000000000000e+00 4.545454545455e-01
v 3.737373737374e-01 0.000000000000e+00 4.545454545455e-01
v 3.333333333333e-01 0.000000000000e+00 4.949494949495e-01
v 3.535353535354e-01 0.000000000000e+00 4.343434343434e-01
v 3.333333333333e-01 0.000000000000e+00 4.343434343434e-01
v 3.737373737374e-01 0.000000000000e+00 5.151515151515e-01
v 4.545454545455e-01 0.000000000000e+00 4.949494949495e-01
v 4.343434343434e-01 0.000000000000e+00 4.949494949495e-01
v 4.545454545455e-01 0.000000000000e+00 4.747474747475e-01
v 3.939393939394e-01 0.000000000000e+00 5.151515151515e-01
v 4.141414141414e-01 0.000000000000e+00 5.151515151515e-01
v 4.343434343434e-01 0.000000000000e+00 5.151515151515e-01
v 4.343434343434e-01 0.000000000000e+00 4.747474747475e-01
v 4.545454545455e-01 0.000000000000e+00 5.151515151515e-01
v 3.939393939394e-01 0.000000000000e+00 4.747474747475e-01
v 4.141414141414e-01 0.000000000000e+00 4.747474747475e-01
v 4.141414141414e-01 0.000000000000e+00 4.949494949495e-01
v 3.939393939394e-01 0.000000000000e+00 4.949494949495e-01
v 3.737373737374e-01 0.000000000000e+00 4.949494949495e-01
v 3.737373737374e-01 0.000000000000e+00 4.747474747475e-01
v 4.141414141414e-01 0.000000000000e+00 4.343434343434e-01
v 3.939393939394e-01 0.000000000000e+00 4.343434343434e-01
v 4.141414141414e-01 0.000000000000e+00 4.545454545455e-01
v 3.939393939394e-01 0.000000000000e+00 4.545454545455e-01
v 4.141414141414e-01 0.000000000000e+00 4.141414141414e-01
v 3.939393939394e-01 0.000000000000e+00 4.141414141414e-01
v 4.545454545455e-01 0.000000000000e+00 3.939393939394e-01
v 4.545454545455e-01 0.000000000000e+00 4.141414141414e-01
v 4.343434343434e-01 0.000000000000e+00 4.343434343434e-01
v 4.545454545455e-01 0.000000000000e+00 4.545454545455e-01
v 4.343434343434e-01 0.000000000000e+00 4.545454545455e-01
v 4.343434343434e-01 0.000000000000e+00 4.141414141414e-01
v 4.545454545455e-01 0.000000000000e+00 4.343434343434e-01
v 4.141414141414e-01 0.000000000000e+00 3.939393939394e-01
v 4.343434343434e-01 0.000000000000e+00 3.939393939394e-01
v 3.939393939394e-01 0.000000000000e+00 3.939393939394e-01
v 3.131313131313e-01 0.000000000000e+00 3.737373737374e-01
v 3.131313131313e-01 0.000000000000e+00 4.141414141414e-01
v 3.333333333333e-01 0.000000000000e+00 3.939393939394e-01
v 3.737373737374e-01 0.000000000000e+00 4.141414141414e-01
v 3.737373737374e-01 0.000000000000e+00 3.939393939394e-01
v 3.535353535354e-01 0.000000000000e+00 3.939393939394e-01
v 3.737373737374e-01 0.000000000000e+00 3.737373737374e-01
v 3.939393939394e-01 0.000000000000e+00 3.737373737374e-01
v 3.333333333333e-01 0.000000000000e+00 4.141414141414e-01
v 3.535353535354e-01 0.000000000000e+00 4.141414141414e-01
v 3.333333333333e-01 0.000000000000e+00 3.737373737374e-01
v 3.535353535354e-01 0.000000000000e+00 3.737373737374e-01
v 3.131313131313e-01 0.000000000000e+00 3.939393939394e-01
v 3.939393939394e-01 0.000000000000e+00 2.929292929293e-01
v 4.343434343434e-01 0.000000000000e+00 3.131313131313e-01
v 4.343434343434e-01 0.000000000000e+00 3.535353535354e-01
v 4.343434343434e-01 0.000000000000e+00 2.929292929293e-01
v 3.939393939394e-01 0.000000000000e+00 3.333333333333e-01
v 4.141414141414e-01 0.000000000000e+00 3.333333333333e-01
v 4.343434343434e-01 0.000000000000e+00 3.737373737374e-01
v 4.343434343434e-01 0.000000000000e+00 3.333333333333e-01
v 4.141414141414e-01 0.000000000000e+00 3.535353535354e-01
v 4.141414141414e-01 0.000000000000e+00 2.929292929293e-01
v 4.141414141414e-01 0.000000000000e+00 3.737373737374e-01
v 3.939393939394e-01 0.000000000000e+00 3.131313131313e-01
v 3.939393939394e-01 0.000000000000e+00 3.535353535354e-01
v 4.141414141414e-01 0.000000000000e+00 3.131313131313e-01
v 3.737373737374e-01 0.000000000000e+00 3.535353535354e-01
v 3.131313131313e-01 0.000000000000e+00 3.131313131313e-01
v 3.737373737374e-01 0.000000000000e+00 3.131313131313e-01
v 3.535353535354e-01 0.000000000000e+00 3.131313131313e-01
v 3.333333333333e-01 0.000000000000e+00 3.333333333333e-01
v 3.535353535354e-01 0.000000000000e+00 3.333333333333e-01
v 3.333333333333e-01 0.000000000000e+00 3.131313131313e-01
v 3.131313131313e-01 0.000000000000e+00 3.333333333333e-01
v 3.131313131313e-01 0.000000000000e+00 2.929292929293e-01
v 3.333333333333e-01 0.000000000000e+00 2.929292929293e-01
v 3.535353535354e-01 0.000000000000e+00 2.929292929293e-01
v 3.131313131313e-01 0.000000000000e+00 3.535353535354e-01
v 3.333333333333e-01 0.000000000000e+00 3.535353535354e-01
v 3.535353535354e-01 0.000000000000e+00 3.535353535354e-01
v 3.737373737374e-01 0.000000000000e+00 3.333333333333e-01
v 2.323232323232e-01 0.000000000000e+00 2.121212121212e-01
v 2.525252525253e-01 0.000000000000e+00 1.919191919192e-01
v 2.929292929293e-01 0.000000000000e+00 1.919191919192e-01
v 2.525252525253e-01 0.000000000000e+00 1.515151515152e-01
v 2.323232323232e-01 0.000000000000e+00 1.515151515152e-01
v 2.727272727273e-01 0.000000000000e+00 1.515151515152e-01
v 2.525252525253e-01 0.000000000000e+00 2.121212121212e-01
v 2.929292929293e-01 0.000000000000e+00 1.717171717172e-01
v 2.727272727273e-01 0.000000000000e+00 1.717171717172e-01
v 2.727272727273e-01 0.000000000000e+00 1.919191919192e-01
v 2.929292929293e-01 0.000000000000e+00 1.515151515152e-01
v 2.323232323232e-01 0.000000000000e+00 1.919191919192e-01
v 2.323232323232e-01 0.000000000000e+00 1.717171717172e-01
v 2.525252525253e-01 0.000000000000e+00 1.717171717172e-01
v 2.929292929293e-01 0.000000000000e+00 2.121212121212e-01
v 2.727272727273e-01 0.000000000000e+00 2.727272727273e-01
v 3.131313131313e-01 0.000000000000e+00 2.525252525253e-01
v 2.525252525253e-01 0.000000000000e+00 2.323232323232e-01
v 2.323232323232e-01 0.000000000000e+00 2.323232323232e-01
v 2.929292929293e-01 0.000000000000e+00 2.727272727273e-01
v 2.525252525253e-01 0.000000000000e+00 2.525252525253e-01
v 3.131313131313e-01 0.000000000000e+00 2.727272727273e-01
v 2.929292929293e-01 0.000000000000e+00 2.323232323232e-01
v 2.929292929293e-01 0.000000000000e+00 2.525252525253e-01
v 2.727272727273e-01 0.000000000000e+00 2.525252525253e-01
v 3.131313131313e-01 0.000000000000e+00 2.323232323232e-01
v 2.727272727273e-01 0.000000000000e+00 2.323232323232e-01
v 2.323232323232e-01 0.000000000000e+00 2.525252525253e-01
v 2.727272727273e-01 0.000000000000e+00 2.121212121212e-01
v 3.737373737374e-01 0.000000000000e+00 1.717171717172e-01
v 3.131313131313e-01 0.000000000000e+00 2.121212121212e-01
v 3.131313131313e-01 0.000000000000e+00 1.515151515152e-01
v 3.333333333333e-01 0.000000000000e+00 1.919191919192e-01
v 3.535353535354e-01 0.000000000000e+00 1.919191919192e-01
v 3.535353535354e-01 0.000000000000e+00 1.515151515152e-01
v 3.333333333333e-01 0.000000000000e+00 1.717171717172e-01
v 3.333333333333e-01 0.000000000000e+00 1.515151515152e-01
v 3.535353535354e-01 0.000000000000e+00 2.121212121212e-01
v 3.737373737374e-01 0.000000000000e+00 1.515151515152e-01
v 3.333333333333e-01 0.000000000000e+00 2.121212121212e-01
v 3.535353535354e-01 0.000000000000e+00 1.717171717172e-01
v 3.131313131313e-01 0.000000000000e+00 1.919191919192e-01
v 3.131313131313e-01 0.000000000000e+00 1.717171717172e-01
v 3.737373737374e-01 0.000000000000e+00 1.919191919192e-01
v 3.737373737374e-01 0.000000000000e+00 2.525252525253e-01
v 4.141414141414e-01 0.000000000000e+00 2.525252525253e-01
v 4.141414141414e-01 0.000000000000e+00 2.727272727273e-01
v 4.343434343434e-01 0.000000000000e+00 2.727272727273e-01
v 3.535353535354e-01 0.000000000000e+00 2.525252525253e-01
v 4.343434343434e-01 0.000000000000e+00 2.525252525253e-01
v 3.737373737374e-01 0.000000000000e+00 2.929292929293e-01
v 3.737373737374e-01 0.000000000000e+00 2.727272727273e-01
v 3.333333333333e-01 0.000000000000e+00 2.525252525253e-01
v 3.535353535354e-01 0.000000000000e+00 2.323232323232e-01
v 3.939393939394e-01 0.000000000000e+00 2.525252525253e-01
v 3.737373737374e-01 0.000000000000e+00 2.323232323232e-01
v 3.939393939394e-01 0.000000000000e+00 2.727272727273e-01
v 3.333333333333e-01 0.000000000000e+00 2.727272727273e-01
v 3.535353535354e-01 0.000000000000e+00 2.727272727273e-01
v 3.333333333333e-01 0.000000000000e+00 2.323232323232e-01
v 3.939393939394e-01 0.000000000000e+00 1.717171717172e-01
v 4.141414141414e-01 0.000000000000e+00 2.121212121212e-01
v 3.939393939394e-01 0.000000000000e+00 2.121212121212e-01
v 3.939393939394e-01 0.000000000000e+00 1.919191919192e-01
v 3.939393939394e-01 0.000000000000e+00 2.323232323232e-01
v 4.141414141414e-01 0.000000000000e+00 1.515151515152e-01
v 4.141414141414e-01 0.000000000000e+00 1.717171717172e-01
v 4.343434343434e-01 0.000000000000e+00 1.717171717172e-01
v 3.737373737374e-01 0.000000000000e+00 2.121212121212e-01
v 4.343434343434e-01 0.000000000000e+00 1.515151515152e-01
v 4.141414141414e-01 0.000000000000e+00 2.323232323232e-01
v 4.343434343434e-01 0.000000000000e+00 2.323232323232e-01
v 4.343434343434e-01 0.000000000000e+00 1.919191919192e-01
v 4.141414141414e-01 0.000000000000e+00 1.919191919192e-01
v 4.343434343434e-01 0.000000000000e+00 2.121212121212e-01
v 3.939393939394e-01 0.000000000000e+00 1.515151515152e-01
v 3.737373737374e-01 0.000000000000e+00 1.313131313131e-01
v 3.939393939394e-01 0.000000000000e+00 9.090909090909e-02
v 4.141414141414e-01 0.000000000000e+00 1.111111111111e-01
v 3.737373737374e-01 0.000000000000e+00 1.111111111111e-01
v 4.343434343434e-01 0.000000000000e+00 7.070707070707e-02
v 3.939393939394e-01 0.000000000000e+00 1.111111111111e-01
v 4.141414141414e-01 0.000000000000e+00 7.070707070707e-02
v 3.939393939394e-01 0.000000000000e+00 1.313131313131e-01
v 4.343434343434e-01 0.000000000000e+00 1.111111111111e-01
v 4.343434343434e-01 0.000000000000e+00 1.313131313131e-01
v 3.939393939394e-01 0.000000000000e+00 7.070707070707e-02
v 4.141414141414e-01 0.000000000000e+00 9.090909090909e-02
v 4.343434343434e-01 0.000000000000e+00 9.090909090909e-02
v 4.141414141414e-01 0.000000000000e+00 1.313131313131e-01
v 3.535353535354e-01 0.000000000000e+00 1.313131313131e-01
v 3.333333333333e-01 0.000000000000e+00 7.070707070707e-02
v 3.737373737374e-01 0.000000000000e+00 7.070707070707e-02
v 3.333333333333e-01 0.000000000000e+00 1.111111111111e-01
v 3.535353535354e-01 0.000000000000e+00 3.030303030303e-02
v 3.333333333333e-01 0.000000000000e+00 1.313131313131e-01
v 3.535353535354e-01 0.000000000000e+00 1.111111111111e-01
v 3.535353535354e-01 0.000000000000e+00 9.090909090909e-02
v 3.737373737374e-01 0.000000000000e+00 3.030303030303e-02
v 3.737373737374e-01 0.000000000000e+00 9.090909090909e-02
v 3.737373737374e-01 0.000000000000e+00 5.050505050505e-02
v 3.333333333333e-01 0.000000000000e+00 9.090909090909e-02
v 3.333333333333e-01 0.000000000000e+00 5.050505050505e-02
v 3.535353535354e-01 0.000000000000e+00 5.050505050505e-02
v 3.535353535354e-01 0.000000000000e+00 7.070707070707e-02
v 2.929292929293e-01 0.000000000000e+00 9.090909090909e-02
v 3.131313131313e-01 0.000000000000e+00 9.090909090909e-02
v 2.525252525253e-01 0.000000000000e+00 1.313131313131e-01
v 2.727272727273e-01 0.000000000000e+00 1.111111111111e-01
v 2.525252525253e-01 0.000000000000e+00 1.111111111111e-01
v 2.929292929293e-01 0.000000000000e+00 1.111111111111e-01
v 2.727272727273e-01 0.000000000000e+00 1.313131313131e-01
v 2.323232323232e-01 0.000000000000e+00 1.111111111111e-01
v 2.525252525253e-01 0.000000000000e+00 9.090909090909e-02
v 2.323232323232e-01 0.000000000000e+00 9.090909090909e-02
v 2.929292929293e-01 0.000000000000e+00 1.313131313131e-01
v 3.131313131313e-01 0.000000000000e+00 1.111111111111e-01
v 3.131313131313e-01 0.000000000000e+00 1.313131313131e-01
v 2.727272727273e-01 0.000000000000e+00 9.090909090909e-02
v 2.323232323232e-01 0.000000000000e+00 1.313131313131e-01
v 3.131313131313e-01 0.000000000000e+00 3.030303030303e-02
v 2.929292929293e-01 0.000000000000e+00 3.030303030303e-02
v 2.929292929293e-01 0.000000000000e+00 1.010101010101e-02
v 3.131313131313e-01 0.000000000000e+00 7.070707070707e-02
v 3.131313131313e-01 0.000000000000e+00 5.050505050505e-02
v 2.929292929293e-01 0.000000000000e+00 7.070707070707e-02
v 3.333333333333e-01 0.000000000000e+00 3.030303030303e-02
v 3.131313131313e-01 0.000000000000e+00 -1.010101010101e-02
v 2.929292929293e-01 0.000000000000e+00 -1.010101010101e-02
v 3.333333333333e-01 0.000000000000e+00 -1.010101010101e-02
v 3.131313131313e-01 0.000000000000e+00 1.010101010101e-02
v 2.929292929293e-01 0.000000000000e+00 5.050505050505e-02
v 2.727272727273e-01 0.000000000000e+00 1.010101010101e-02
v 3.333333333333e-01 0.000000000000e+00 1.010101010101e-02
v 2.727272727273e-01 0.000000000000e+00 -1.010101010101e-02
v 2.525252525253e-01 0.000000000000e+00 1.010101010101e-02
v 2.323232323232e-01 0.000000000000e+00 1.010101010101e-02
v 2.727272727273e-01 0.000000000000e+00 7.070707070707e-02
v 2.727272727273e-01 0.000000000000e+00 3.030303030303e-02
v 2.121212121212e-01 0.000000000000e+00 -1.010101010101e-02
v 2.323232323232e-01 0.000000000000e+00 3.030303030303e-02
v 2.525252525253e-01 0.000000000000e+00 5.050505050505e-02
v 2.121212121212e-01 0.000000000000e+00 1.010101010101e-02
v 2.525252525253e-01 0.000000000000e+00 7.070707070707e-02
v 2.323232323232e-01 0.000000000000e+00 7.070707070707e-02
v 2.525252525253e-01 0.000000000000e+00 -1.010101010101e-02
v 2.323232323232e-01 0.000000000000e+00 5.050505050505e-02
v 2.525252525253e-01 0.000000000000e+00 3.030303030303e-02
v 2.323232323232e-01 0.000000000000e+00 -1.010101010101e-02
v 2.727272727273e-01 0.000000000000e+00 5.050505050505e-02
v 7.070707070707e-02 0.000000000000e+00 3.030303030303e-02
v -1.010101010101e-02 0.000000000000e+00 1.010101010101e-02
v 3.030303030303e-02 0.000000000000e+00 3.030303030303e-02
v 3.030303030303e-02 0.000000000000e+00 1.010101010101e-02
v -1.010101010101e-02 0.000000000000e+00 -1.010101010101e-02
v 1.010101010101e-02 0.000000000000e+00 -1.010101010101e-02
v 3.030303030303e-02 0.000000000000e+00 -1.010101010101e-02
v 1.010101010101e-02 0.000000000000e+00 1.010101010101e-02
v -1.010101010101e-02 0.000000000000e+00 3.030303030303e-02
v 1.010101010101e-02 0.000000000000e+00 3.030303030303e-02
v 5.050505050505e-02 0.000000000000e+00 1.010101010101e-02
v 5.050505050505e-02 0.000000000000e+00 -1.010101010101e-02
v 7.070707070707e-02 0.000000000000e+00 -1.010101010101e-02
v 7.070707070707e-02 0.000000000000e+00 1.010101010101e-02
v 5.050505050505e-02 0.000000000000e+00 3.030303030303e-02
v 5.050505050505e-02 0.000000000000e+00 7.070707070707e-02
v 3.030303030303e-02 0.000000000000e+00 7.070707070707e-02
v 1.010101010101e-02 0.000000000000e+00 7.070707070707e-02
v -1.010101010101e-02 0.000000000000e+00 5.050505050505e-02
v 5.050505050505e-02 0.000000000000e+00 9.090909090909e-02
v -1.010101010101e-02 0.000000000000e+00 9.090909090909e-02
v 1.010101010101e-02 0.000000000000e+00 9.090909090909e-02
v -1.010101010101e-02 0.000000000000e+00 7.070707070707e-02
v 3.030303030303e-02 0.000000000000e+00 5.050505050505e-02
v 1.010101010101e-02 0.000000000000e+00 5.050505050505e-02
v 3.030303030303e-02 0.000000000000e+00 9.090909090909e-02
v 5.050505050505e-02 0.000000000000e+00 5.050505050505e-02
v 7.070707070707e-02 0.000000000000e+00 9.090909090909e-02
v 7.070707070707e-02 0.000000000000e+00 7.070707070707e-02
v 7.070707070707e-02 0.000000000000e+00 5.050505050505e-02
v 1.717171717172e-01 0.000000000000e+00 -1.010101010101e-02
v 1.111111111111e-01 0.000000000000e+00 3.030303030303e-02
v 1.515151515152e-01 0.000000000000e+00 1.010101010101e-02
v 1.111111111111e-01 0.000000000000e+00 -1.010101010101e-02
v 9.090909090909e-02 0.000000000000e+00 1.010101010101e-02
v 1.111111111111e-01 0.000000000000e+00 1.010101010101e-02
v 9.090909090909e-02 0.000000000000e+00 3.030303030303e-02
v 9.090909090909e-02 0.000000000000e+00 -1.010101010101e-02
v 1.717171717172e-01 0.000000000000e+00 1.010101010101e-02
v 1.313131313131e-01 0.000000000000e+00 1.010101010101e-02
v 1.313131313131e-01 0.000000000000e+00 3.030303030303e-02
v 1.515151515152e-01 0.000000000000e+00 -1.010101010101e-02
v 1.515151515152e-01 0.000000000000e+00 3.030303030303e-02
v 1.313131313131e-01 0.000000000000e+00 -1.010101010101e-02
v 1.919191919192e-01 0.000000000000e+00 1.010101010101e-02
v 1.919191919192e-01 0.000000000000e+00 -1.010101010101e-02
v 2.121212121212e-01 0.000000000000e+00 5.050505050505e-02
v 2.121212121212e-01 0.000000000000e+00 3.030303030303e-02
v 2.121212121212e-01 0.000000000000e+00 9.090909090909e-02
v 2.121212121212e-01 0.000000000000e+00 1.111111111111e-01
v 1.919191919192e-01 0.000000000000e+00 1.111111111111e-01
v 1.919191919192e-01 0.000000000000e+00 9.090909090909e-02
v 1.717171717172e-01 0.000000000000e+00 3.030303030303e-02
v 1.919191919192e-01 0.000000000000e+00 7.070707070707e-02
v 1.717171717172e-01 0.000000000000e+00 7.070707070707e-02
v 1.919191919192e-01 0.000000000000e+00 5.050505050505e-02
v 1.717171717172e-01 0.000000000000e+00 5.050505050505e-02
v 1.717171717172e-01 0.000000000000e+00 9.090909090909e-02
v 2.121212121212e-01 0.000000000000e+00 7.070707070707e-02
v 1.919191919192e-01 0.000000000000e+00 3.030303030303e-02
v 1.717171717172e-01 0.000000000000e+00 1.111111111111e-01
v 1.313131313131e-01 0.000000000000e+00 5.050505050505e-02
v 1.515151515152e-01 0.000000000000e+00 9.090909090909e-02
v 1.313131313131e-01 0.000000000000e+00 7.070707070707e-02
v 1.515151515152e-01 0.000000000000e+00 7.070707070707e-02
v 1.515151515152e-01 0.000000000000e+00 5.050505050505e-02
v 9.090909090909e-02 0.000000000000e+00 9.090909090909e-02
v 1.515151515152e-01 0.000000000000e+00 1.111111111111e-01
v 1.313131313131e-01 0.000000000000e+00 1.111111111111e-01
v 9.090909090909e-02 0.000000000000e+00 5.050505050505e-02
v 1.111111111111e-01 0.000000000000e+00 5.050505050505e-02
v 1.111111111111e-01 0.000000000000e+00 9.090909090909e-02
v 1.313131313131e-01 0.000000000000e+00 9.090909090909e-02
v 9.090909090909e-02 0.000000000000e+00 7.070707070707e-02
v 1.111111111111e-01 0.000000000000e+00 7.070707070707e-02
v 1.515151515152e-01 0.000000000000e+00 1.313131313131e-01
v 1.111111111111e-01 0.000000000000e+00 1.515151515152e-01
v 2.121212121212e-01 0.000000000000e+00 1.313131313131e-01
v 1.717171717172e-01 0.000000000000e+00 1.313131313131e-01
v 2.121212121212e-01 0.000000000000e+00 1.515151515152e-01
v 1.919191919192e-01 0.000000000000e+00 1.515151515152e-01
v 1.919191919192e-01 0.000000000000e+00 1.313131313131e-01
v 1.111111111111e-01 0.000000000000e+00 1.313131313131e-01
v 1.111111111111e-01 0.000000000000e+00 1.111111111111e-01
v 1.313131313131e-01 0.000000000000e+00 1.313131313131e-01
v 1.717171717172e-01 0.000000000000e+00 1.515151515152e-01
v 1.313131313131e-01 0.000000000000e+00 1.515151515152e-01
v 9.090909090909e-02 0.000000000000e+00 1.111111111111e-01
v 9.090909090909e-02 0.000000000000e+00 1.313131313131e-01
v 1.515151515152e-01 0.000000000000e+00 1.515151515152e-01
v 2.121212121212e-01 0.000000000000e+00 1.919191919192e-01
v 1.919191919192e-01 0.000000000000e+00 2.121212121212e-01
v 1.717171717172e-01 0.000000000000e+00 2.121212121212e-01
v 1.717171717172e-01 0.000000000000e+00 2.525252525253e-01
v 1.919191919192e-01 0.000000000000e+00 1.717171717172e-01
v 2.121212121212e-01 0.000000000000e+00 1.717171717172e-01
v 1.717171717172e-01 0.000000000000e+00 1.717171717172e-01
v 1.717171717172e-01 0.000000000000e+00 2.323232323232e-01
v 2.121212121212e-01 0.000000000000e+00 2.525252525253e-01
v 1.919191919192e-01 0.000000000000e+00 2.323232323232e-01
v 1.919191919192e-01 0.000000000000e+00 2.525252525253e-01
v 2.121212121212e-01 0.000000000000e+00 2.323232323232e-01
v 1.717171717172e-01 0.000000000000e+00 1.919191919192e-01
v 1.919191919192e-01 0.000000000000e+00 1.919191919192e-01
v 2.121212121212e-01 0.000000000000e+00 2.121212121212e-01
v 1.515151515152e-01 0.000000000000e+00 1.717171717172e-01
v 1.313131313131e-01 0.000000000000e+00 2.525252525253e-01
v 1.515151515152e-01 0.000000000000e+00 2.121212121212e-01
v 1.111111111111e-01 0.000000000000e+00 1.919191919192e-01
v 1.111111111111e-01 0.000000000000e+00 1.717171717172e-01
v 1.111111111111e-01 0.000000000000e+00 2.323232323232e-01
v 1.111111111111e-01 0.000000000000e+00 2.525252525253e-01
v 1.313131313131e-01 0.000000000000e+00 2.121212121212e-01
v 1.515151515152e-01 0.000000000000e+00 2.323232323232e-01
v 1.313131313131e-01 0.000000000000e+00 1.717171717172e-01
v 1.111111111111e-01 0.000000000000e+00 2.121212121212e-01
v 1.313131313131e-01 0.000000000000e+00 1.919191919192e-01
v 1.515151515152e-01 0.000000000000e+00 2.525252525253e-01
v 1.515151515152e-01 0.000000000000e+00 1.919191919192e-01
v 1.313131313131e-01 0.000000000000e+00 2.323232323232e-01
v -1.010101010101e-02 0.000000000000e+00 2.525252525253e-01
v 1.010101010101e-02 0.000000000000e+00 2.323232323232e-01
v 3.030303030303e-02 0.000000000000e+00 2.323232323232e-01
v 3.030303030303e-02 0.000000000000e+00 2.525252525253e-01
v 9.090909090909e-02 0.000000000000e+00 2.323232323232e-01
v 7.070707070707e-02 0.000000000000e+00 2.323232323232e-01
v 5.050505050505e-02 0.000000000000e+00 2.525252525253e-01
v 9.090909090909e-02 0.000000000000e+00 2.525252525253e-01
v 7.070707070707e-02 0.000000000000e+00 2.525252525253e-01
v 5.050505050505e-02 0.000000000000e+00 2.323232323232e-01
v 1.010101010101e-02 0.000000000000e+00 2.525252525253e-01
v 1.010101010101e-02 0.000000000000e+00 2.121212121212e-01
v 3.030303030303e-02 0.000000000000e+00 2.121212121212e-01
v -1.010101010101e-02 0.000000000000e+00 2.323232323232e-01
v -1.010101010101e-02 0.000000000000e+00 2.121212121212e-01
v 7.070707070707e-02 0.000000000000e+00 1.717171717172e-01
v 3.030303030303e-02 0.000000000000e+00 1.919191919192e-01
v 7.070707070707e-02 0.000000000000e+00 2.121212121212e-01
v 5.050505050505e-02 0.000000000000e+00 1.919191919192e-01
v 7.070707070707e-02 0.000000000000e+00 1.919191919192e-01
v 9.090909090909e-02 0.000000000000e+00 2.121212121212e-01
v 9.090909090909e-02 0.000000000000e+00 1.919191919192e-01
v 5.050505050505e-02 0.000000000000e+00 2.121212121212e-01
v 7.070707070707e-02 0.000000000000e+00 1.515151515152e-01
v 9.090909090909e-02 0.000000000000e+00 1.717171717172e-01
v 3.030303030303e-02 0.000000000000e+00 1.717171717172e-01
v 9.090909090909e-02 0.000000000000e+00 1.515151515152e-01
v 5.050505050505e-02 0.000000000000e+00 1.515151515152e-01
v 5.050505050505e-02 0.000000000000e+00 1.717171717172e-01
v 3.030303030303e-02 0.000000000000e+00 1.313131313131e-01
v 5.050505050505e-02 0.000000000000e+00 1.313131313131e-01
v 1.010101010101e-02 0.000000000000e+00 1.717171717172e-01
v 1.010101010101e-02 0.000000000000e+00 1.111111111111e-01
v 5.050505050505e-02 0.000000000000e+00 1.111111111111e-01
v 1.010101010101e-02 0.000000000000e+00 1.919191919192e-01
v 7.070707070707e-02 0.000000000000e+00 1.313131313131e-01
v -1.010101010101e-02 0.000000000000e+00 1.919191919192e-01
v 7.070707070707e-02 0.000000000000e+00 1.111111111111e-01
v 3.030303030303e-02 0.000000000000e+00 1.111111111111e-01
v 1.010101010101e-02 0.000000000000e+00 1.313131313131e-01
v 3.030303030303e-02 0.000000000000e+00 1.515151515152e-01
v 1.010101010101e-02 0.000000000000e+00 1.515151515152e-01
v -1.010101010101e-02 0.000000000000e+00 1.717171717172e-01
v -1.010101010101e-02 0.000000000000e+00 1.515151515152e-01
v -1.010101010101e-02 0.000000000000e+00 1.313131313131e-01
v 9.393939393939e-01 0.000000000000e+00 2.121212121212e-01
v 8.989898989899e-01 0.000000000000e+00 2.323232323232e-01
v 9.191919191919e-01 0.000000000000e+00 2.121212121212e-01
v 8.585858585859e-01 0.000000000000e+00 1.717171717172e-01
v 8.989898989899e-01 0.000000000000e+00 2.121212121212e-01
v 8.787878787879e-01 0.000000000000e+00 2.121212121212e-01
v 8.787878787879e-01 0.000000000000e+00 2.323232323232e-01
v 8.989898989899e-01 0.000000000000e+00 1.919191919192e-01
v 9.191919191919e-01 0.000000000000e+00 1.919191919192e-01
v 8.787878787879e-01 0.000000000000e+00 1.717171717172e-01
v 8.787878787879e-01 0.000000000000e+00 1.919191919192e-01
v 9.191919191919e-01 0.000000000000e+00 2.323232323232e-01
v 9.393939393939e-01 0.000000000000e+00 1.919191919192e-01
v 8.989898989899e-01 0.000000000000e+00 1.717171717172e-01
v 9.797979797980e-01 0.000000000000e+00 2.121212121212e-01
v 9.595959595960e-01 0.000000000000e+00 2.525252525253e-01
v 9.797979797980e-01 0.000000000000e+00 2.323232323232e-01
v 9.595959595960e-01 0.000000000000e+00 2.121212121212e-01
v 9.393939393939e-01 0.000000000000e+00 2.525252525253e-01
v 1.000000000000e+00 0.000000000000e+00 2.121212121212e-01
v 9.393939393939e-01 0.000000000000e+00 2.323232323232e-01
v 9.595959595960e-01 0.000000000000e+00 2.323232323232e-01
v 9.797979797980e-01 0.000000000000e+00 2.525252525253e-01
v 1.000000000000e+00 0.000000000000e+00 2.323232323232e-01
v 9.797979797980e-01 0.000000000000e+00 1.919191919192e-01
v 1.000000000000e+00 0.000000000000e+00 2.525252525253e-01
v 1.000000000000e+00 0.000000000000e+00 1.919191919192e-01
v 9.595959595960e-01 0.000000000000e+00 1.919191919192e-01
v 8.787878787879e-01 0.000000000000e+00 7.070707070707e-02
v 8.989898989899e-01 0.000000000000e+00 7.070707070707e-02
v 8.585858585859e-01 0.000000000000e+00 1.313131313131e-01
v 8.585858585859e-01 0.000000000000e+00 9.090909090909e-02
v 8.585858585859e-01 0.000000000000e+00 1.515151515152e-01
v 8.989898989899e-01 0.000000000000e+00 1.515151515152e-01
v 8.787878787879e-01 0.000000000000e+00 1.313131313131e-01
v 8.989898989899e-01 0.000000000000e+00 1.313131313131e-01
v 8.787878787879e-01 0.000000000000e+00 1.515151515152e-01
v 8.585858585859e-01 0.000000000000e+00 7.070707070707e-02
v 8.989898989899e-01 0.000000000000e+00 9.090909090909e-02
v 8.787878787879e-01 0.000000000000e+00 9.090909090909e-02
v 8.585858585859e-01 0.000000000000e+00 1.111111111111e-01
v 8.787878787879e-01 0.000000000000e+00 1.111111111111e-01
v 8.989898989899e-01 0.000000000000e+00 1.111111111111e-01
v 9.393939393939e-01 0.000000000000e+00 9.090909090909e-02
v 9.595959595960e-01 0.000000000000e+00 9.090909090909e-02
v 9.797979797980e-01 0.000000000000e+00 9.090909090909e-02
v 1.000000000000e+00 0.000000000000e+00 9.090909090909e-02
v 9.595959595960e-01 0.000000000000e+00 1.111111111111e-01
v 9.191919191919e-01 0.000000000000e+00 9.090909090909e-02
v 9.191919191919e-01 0.000000000000e+00 7.070707070707e-02
v 9.595959595960e-01 0.000000000000e+00 7.070707070707e-02
v 9.797979797980e-01 0.000000000000e+00 7.070707070707e-02
v 1.000000000000e+00 0.000000000000e+00 7.070707070707e-02
v 9.797979797980e-01 0.000000000000e+00 1.111111111111e-01
v 9.393939393939e-01 0.000000000000e+00 1.111111111111e-01
v 9.191919191919e-01 0.000000000000e+00 1.111111111111e-01
v 1.000000000000e+00 0.000000000000e+00 1.111111111111e-01
v 9.393939393939e-01 0.000000000000e+00 7.070707070707e-02
v 9.797979797980e-01 0.000000000000e+00 1.515151515152e-01
v 9.595959595960e-01 0.000000000000e+00 1.515151515152e-01
v 9.393939393939e-01 0.000000000000e+00 1.515151515152e-01
v 9.191919191919e-01 0.000000000000e+00 1.717171717172e-01
v 9.595959595960e-01 0.000000000000e+00 1.717171717172e-01
v 1.000000000000e+00 0.000000000000e+00 1.717171717172e-01
v 9.393939393939e-01 0.000000000000e+00 1.717171717172e-01
v 9.191919191919e-01 0.000000000000e+00 1.515151515152e-01
v 1.000000000000e+00 0.000000000000e+00 1.313131313131e-01
v 9.393939393939e-01 0.000000000000e+00 1.313131313131e-01
v 9.797979797980e-01 0.000000000000e+00 1.313131313131e-01
v 9.797979797980e-01 0.000000000000e+00 1.717171717172e-01
v 9.595959595960e-01 0.000000000000e+00 1.313131313131e-01
v 1.000000000000e+00 0.000000000000e+00 1.515151515152e-01
v 9.191919191919e-01 0.000000000000e+00 1.313131313131e-01
v 7.979797979798e-01 0.000000000000e+00 1.313131313131e-01
v 7.979797979798e-01 0.000000000000e+00 9.090909090909e-02
v 8.383838383838e-01 0.000000000000e+00 1.313131313131e-01
v 8.383838383838e-01 0.000000000000e+00 9.090909090909e-02
v 8.383838383838e-01 0.000000000000e+00 7.070707070707e-02
v 8.181818181818e-01 0.000000000000e+00 1.313131313131e-01
v 8.383838383838e-01 0.000000000000e+00 1.515151515152e-01
v 8.181818181818e-01 0.000000000000e+00 1.515151515152e-01
v 7.979797979798e-01 0.000000000000e+00 1.515151515152e-01
v 8.383838383838e-01 0.000000000000e+00 1.111111111111e-01
v 8.181818181818e-01 0.000000000000e+00 7.070707070707e-02
v 8.181818181818e-01 0.000000000000e+00 1.111111111111e-01
v 7.979797979798e-01 0.000000000000e+00 1.111111111111e-01
v 8.181818181818e-01 0.000000000000e+00 9.090909090909e-02
v 7.979797979798e-01 0.000000000000e+00 7.070707070707e-02
v 7.373737373737e-01 0.000000000000e+00 1.515151515152e-01
v 7.575757575758e-01 0.000000000000e+00 1.515151515152e-01
v 7.373737373737e-01 0.000000000000e+00 9.090909090909e-02
v 7.373737373737e-01 0.000000000000e+00 1.313131313131e-01
v 7.373737373737e-01 0.000000000000e+00 1.111111111111e-01
v 7.777777777778e-01 0.000000000000e+00 1.111111111111e-01
v 7.575757575758e-01 0.000000000000e+00 7.070707070707e-02
v 7.575757575758e-01 0.000000000000e+00 1.313131313131e-01
v 7.373737373737e-01 0.000000000000e+00 7.070707070707e-02
v 7.575757575758e-01 0.000000000000e+00 1.111111111111e-01
v 7.777777777778e-01 0.000000000000e+00 7.070707070707e-02
v 7.777777777778e-01 0.000000000000e+00 1.515151515152e-01
v 7.777777777778e-01 0.000000000000e+00 9.090909090909e-02
v 7.777777777778e-01 0.000000000000e+00 1.313131313131e-01
v 7.575757575758e-01 0.000000000000e+00 9.090909090909e-02
v 7.575757575758e-01 0.000000000000e+00 2.323232323232e-01
v 7.373737373737e-01 0.000000000000e+00 2.323232323232e-01
v 7.979797979798e-01 0.000000000000e+00 2.525252525253e-01
v 7.575757575758e-01 0.000000000000e+00 2.525252525253e-01
v 7.777777777778e-01 0.000000000000e+00 2.727272727273e-01
v 7.979797979798e-01 0.000000000000e+00 2.727272727273e-01
v 7.777777777778e-01 0.000000000000e+00 2.323232323232e-01
v 7.777777777778e-01 0.000000000000e+00 2.525252525253e-01
v 7.575757575758e-01 0.000000000000e+00 2.929292929293e-01
v 7.777777777778e-01 0.000000000000e+00 2.929292929293e-01
v 7.979797979798e-01 0.000000000000e+00 2.929292929293e-01
v 7.373737373737e-01 0.000000000000e+00 2.727272727273e-01
v 7.373737373737e-01 0.000000000000e+00 2.525252525253e-01
v 7.373737373737e-01 0.000000000000e+00 2.929292929293e-01
v 7.575757575758e-01 0.000000000000e+00 2.727272727273e-01
v 8.383838383838e-01 0.000000000000e+00 2.727272727273e-01
v 8.383838383838e-01 0.000000000000e+00 2.323232323232e-01
v 8.383838383838e-01 0.000000000000e+00 2.121212121212e-01
v 8.383838383838e-01 0.000000000000e+00 1.919191919192e-01
v 8.585858585859e-01 0.000000000000e+00 1.919191919192e-01
v 8.383838383838e-01 0.000000000000e+00 2.525252525253e-01
v 8.585858585859e-01 0.000000000000e+00 2.121212121212e-01
v 8.181818181818e-01 0.000000000000e+00 2.525252525253e-01
v 8.585858585859e-01 0.000000000000e+00 2.727272727273e-01
v 8.585858585859e-01 0.000000000000e+00 2.525252525253e-01
v 8.181818181818e-01 0.000000000000e+00 2.323232323232e-01
v 8.181818181818e-01 0.000000000000e+00 2.727272727273e-01
v 7.979797979798e-01 0.000000000000e+00 2.323232323232e-01
v 8.181818181818e-01 0.000000000000e+00 2.121212121212e-01
v 8.585858585859e-01 0.000000000000e+00 2.323232323232e-01
v 8.383838383838e-01 0.000000000000e+00 1.717171717172e-01
v 7.979797979798e-01 0.000000000000e+00 1.919191919192e-01
v 7.777777777778e-01 0.000000000000e+00 1.717171717172e-01
v 7.373737373737e-01 0.000000000000e+00 2.121212121212e-01
v 7.575757575758e-01 0.000000000000e+00 2.121212121212e-01
v 7.575757575758e-01 0.000000000000e+00 1.919191919192e-01
v 7.373737373737e-01 0.000000000000e+00 1.919191919192e-01
v 7.575757575758e-01 0.000000000000e+00 1.717171717172e-01
v 8.181818181818e-01 0.000000000000e+00 1.919191919192e-01
v 7.373737373737e-01 0.000000000000e+00 1.717171717172e-01
v 7.777777777778e-01 0.000000000000e+00 1.919191919192e-01
v 7.979797979798e-01 0.000000000000e+00 2.121212121212e-01
v 7.777777777778e-01 0.000000000000e+00 2.121212121212e-01
v 8.181818181818e-01 0.000000000000e+00 1.717171717172e-01
v 7.979797979798e-01 0.000000000000e+00 1.717171717172e-01
v 8.181818181818e-01 0.000000000000e+00 3.535353535354e-01
v 8.181818181818e-01 0.000000000000e+00 3.737373737374e-01
v 8.585858585859e-01 0.000000000000e+00 3.333333333333e-01
v 8.181818181818e-01 0.000000000000e+00 2.929292929293e-01
v 8.383838383838e-01 0.000000000000e+00 3.131313131313e-01
v 8.585858585859e-01 0.000000000000e+00 3.131313131313e-01
v 8.181818181818e-01 0.000000000000e+00 3.131313131313e-01
v 7.979797979798e-01 0.000000000000e+00 3.131313131313e-01
v 8.383838383838e-01 0.000000000000e+00 2.929292929293e-01
v 7.979797979798e-01 0.000000000000e+00 3.737373737374e-01
v 8.383838383838e-01 0.000000000000e+00 3.333333333333e-01
v 7.979797979798e-01 0.000000000000e+00 3.535353535354e-01
v 8.181818181818e-01 0.000000000000e+00 3.333333333333e-01
v 7.979797979798e-01 0.000000000000e+00 3.333333333333e-01
v 8.383838383838e-01 0.000000000000e+00 3.535353535354e-01
v 8.383838383838e-01 0.000000000000e+00 3.737373737374e-01
v 7.575757575758e-01 0.000000000000e+00 3.737373737374e-01
v 7.575757575758e-01 0.000000000000e+00 3.939393939394e-01
v 7.777777777778e-01 0.000000000000e+00 3.737373737374e-01
v 7.777777777778e-01 0.000000000000e+00 3.131313131313e-01
v 7.373737373737e-01 0.000000000000e+00 3.939393939394e-01
v 7.777777777778e-01 0.000000000000e+00 3.535353535354e-01
v 7.575757575758e-01 0.000000000000e+00 3.131313131313e-01
v 7.171717171717e-01 0.000000000000e+00 3.939393939394e-01
v 7.777777777778e-01 0.000000000000e+00 3.333333333333e-01
v 7.373737373737e-01 0.000000000000e+00 3.131313131313e-01
v 7.575757575758e-01 0.000000000000e+00 3.333333333333e-01
v 7.575757575758e-01 0.000000000000e+00 3.535353535354e-01
v 7.373737373737e-01 0.000000000000e+00 3.535353535354e-01
v 7.373737373737e-01 0.000000000000e+00 3.737373737374e-01
v 7.373737373737e-01 0.000000000000e+00 3.333333333333e-01
v 7.575757575758e-01 0.000000000000e+00 4.141414141414e-01
v 7.171717171717e-01 0.000000000000e+00 4.141414141414e-01
v 7.373737373737e-01 0.000000000000e+00 4.141414141414e-01
v 7.171717171717e-01 0.000000000000e+00 4.747474747475e-01
v 7.575757575758e-01 0.000000000000e+00 4.747474747475e-01
v 7.575757575758e-01 0.000000000000e+00 4.343434343434e-01
v 7.373737373737e-01 0.000000000000e+00 4.949494949495e-01
v 7.171717171717e-01 0.000000000000e+00 4.949494949495e-01
v 7.373737373737e-01 0.000000000000e+00 4.343434343434e-01
v 7.373737373737e-01 0.000000000000e+00 4.747474747475e-01
v 7.171717171717e-01 0.000000000000e+00 4.343434343434e-01
v 7.373737373737e-01 0.000000000000e+00 4.545454545455e-01
v 7.171717171717e-01 0.000000000000e+00 4.545454545455e-01
v 7.575757575758e-01 0.000000000000e+00 4.949494949495e-01
v 7.575757575758e-01 0.000000000000e+00 4.545454545455e-01
v 8.585858585859e-01 0.000000000000e+00 4.545454545455e-01
v 8.585858585859e-01 0.000000000000e+00 4.747474747475e-01
v 8.383838383838e-01 0.000000000000e+00 4.545454545455e-01
v 8.383838383838e-01 0.000000000000e+00 4.747474747475e-01
v 7.979797979798e-01 0.000000000000e+00 4.949494949495e-01
v 8.181818181818e-01 0.000000000000e+00 4.747474747475e-01
v 7.777777777778e-01 0.000000000000e+00 4.545454545455e-01
v 7.777777777778e-01 0.000000000000e+00 4.747474747475e-01
v 7.979797979798e-01 0.000000000000e+00 4.747474747475e-01
v 8.181818181818e-01 0.000000000000e+00 4.949494949495e-01
v 8.181818181818e-01 0.000000000000e+00 4.545454545455e-01
v 7.979797979798e-01 0.000000000000e+00 4.545454545455e-01
v 8.383838383838e-01 0.000000000000e+00 4.949494949495e-01
v 8.585858585859e-01 0.000000000000e+00 4.949494949495e-01
v 7.777777777778e-01 0.000000000000e+00 4.949494949495e-01
v 7.979797979798e-01 0.000000000000e+00 3.939393939394e-01
v 7.979797979798e-01 0.000000000000e+00 4.141414141414e-01
v 8.181818181818e-01 0.000000000000e+00 4.343434343434e-01
v 7.777777777778e-01 0.000000000000e+00 3.939393939394e-01
v 7.777777777778e-01 0.000000000000e+00 4.343434343434e-01
v 7.777777777778e-01 0.000000000000e+00 4.141414141414e-01
v 7.979797979798e-01 0.000000000000e+00 4.343434343434e-01
v 8.181818181818e-01 0.000000000000e+00 4.141414141414e-01
v 8.181818181818e-01 0.000000000000e+00 3.939393939394e-01
v 8.383838383838e-01 0.000000000000e+00 3.939393939394e-01
v 8.585858585859e-01 0.000000000000e+00 3.939393939394e-01
v 8.383838383838e-01 0.000000000000e+00 4.343434343434e-01
v 8.383838383838e-01 0.000000000000e+00 4.141414141414e-01
v 8.585858585859e-01 0.000000000000e+00 4.343434343434e-01
v 8.585858585859e-01 0.000000000000e+00 4.141414141414e-01
v 9.595959595960e-01 0.000000000000e+00 3.535353535354e-01
v 9.797979797980e-01 0.000000000000e+00 2.727272727273e-01
v 1.000000000000e+00 0.000000000000e+00 3.333333333333e-01
v 1.000000000000e+00 0.000000000000e+00 2.727272727273e-01
v 9.595959595960e-01 0.000000000000e+00 3.333333333333e-01
v 1.000000000000e+00 0.000000000000e+00 3.131313131313e-01
v 9.595959595960e-01 0.000000000000e+00 2.727272727273e-01
v 9.595959595960e-01 0.000000000000e+00 3.131313131313e-01
v 9.797979797980e-01 0.000000000000e+00 3.131313131313e-01
v 9.797979797980e-01 0.000000000000e+00 3.333333333333e-01
v 9.797979797980e-01 0.000000000000e+00 2.929292929293e-01
v 1.000000000000e+00 0.000000000000e+00 3.535353535354e-01
v 9.797979797980e-01 0.000000000000e+00 3.535353535354e-01
v 9.595959595960e-01 0.000000000000e+00 2.929292929293e-01
v 1.000000000000e+00 0.000000000000e+00 2.929292929293e-01
v 8.989898989899e-01 0.000000000000e+00 3.535353535354e-01
v 8.787878787879e-01 0.000000000000e+00 3.535353535354e-01
v 9.191919191919e-01 0.000000000000e+00 3.737373737374e-01
v 9.393939393939e-01 0.000000000000e+00 3.737373737374e-01
v 8.585858585859e-01 0.000000000000e+00 3.737373737374e-01
v 8.585858585859e-01 0.000000000000e+00 3.535353535354e-01
v 9.191919191919e-01 0.000000000000e+00 3.333333333333e-01
v 9.393939393939e-01 0.000000000000e+00 3.333333333333e-01
v 9.393939393939e-01 0.000000000000e+00 3.535353535354e-01
v 9.191919191919e-01 0.000000000000e+00 3.535353535354e-01
v 8.787878787879e-01 0.000000000000e+00 3.333333333333e-01
v 8.787878787879e-01 0.000000000000e+00 3.737373737374e-01
v 8.989898989899e-01 0.000000000000e+00 3.333333333333e-01
v 8.989898989899e-01 0.000000000000e+00 3.737373737374e-01
v 8.787878787879e-01 0.000000000000e+00 2.525252525253e-01
v 9.191919191919e-01 0.000000000000e+00 2.929292929293e-01
v 8.989898989899e-01 0.000000000000e+00 2.727272727273e-01
v 8.989898989899e-01 0.000000000000e+00 3.131313131313e-01
v 8.787878787879e-01 0.000000000000e+00 2.727272727273e-01
v 9.393939393939e-01 0.000000000000e+00 2.727272727273e-01
v 8.787878787879e-01 0.000000000000e+00 2.929292929293e-01
v 8.989898989899e-01 0.000000000000e+00 2.525252525253e-01
v 9.191919191919e-01 0.000000000000e+00 3.131313131313e-01
v 9.393939393939e-01 0.000000000000e+00 3.131313131313e-01
v 8.787878787879e-01 0.000000000000e+00 3.131313131313e-01
v 9.191919191919e-01 0.000000000000e+00 2.727272727273e-01
v 9.393939393939e-01 0.000000000000e+00 2.929292929293e-01
v 8.989898989899e-01 0.000000000000e+00 2.929292929293e-01
v 8.585858585859e-01 0.000000000000e+00 2.929292929293e-01
v 9.191919191919e-01 0.000000000000e+00 2.525252525253e-01
v 9.595959595960e-01 0.000000000000e+00 4.141414141414e-01
v 1.000000000000e+00 0.000000000000e+00 4.343434343434e-01
v 9.393939393939e-01 0.000000000000e+00 3.939393939394e-01
v 9.393939393939e-01 0.000000000000e+00 4.141414141414e-01
v 1.000000000000e+00 0.000000000000e+00 3.939393939394e-01
v 9.595959595960e-01 0.000000000000e+00 3.737373737374e-01
v 9.797979797980e-01 0.000000000000e+00 3.737373737374e-01
v 1.000000000000e+00 0.000000000000e+00 3.737373737374e-01
v 1.000000000000e+00 0.000000000000e+00 4.141414141414e-01
v 9.797979797980e-01 0.000000000000e+00 4.343434343434e-01
v 9.797979797980e-01 0.000000000000e+00 3.939393939394e-01
v 9.797979797980e-01 0.000000000000e+00 4.141414141414e-01
v 9.595959595960e-01 0.000000000000e+00 3.939393939394e-01
v 9.393939393939e-01 0.000000000000e+00 4.343434343434e-01
v 9.595959595960e-01 0.000000000000e+00 4.343434343434e-01
v 8.989898989899e-01 0.000000000000e+00 4.141414141414e-01
v 8.989898989899e-01 0.000000000000e+00 4.949494949495e-01
v 9.191919191919e-01 0.000000000000e+00 4.141414141414e-01
v 8.989898989899e-01 0.000000000000e+00 3.939393939394e-01
v 8.787878787879e-01 0.000000000000e+00 4.343434343434e-01
v 8.787878787879e-01 0.000000000000e+00 3.939393939394e-01
v 8.787878787879e-01 0.000000000000e+00 4.141414141414e-01
v 9.191919191919e-01 0.000000000000e+00 3.939393939394e-01
v 8.989898989899e-01 0.000000000000e+00 4.545454545455e-01
v 8.787878787879e-01 0.000000000000e+00 4.545454545455e-01
v 8.787878787879e-01 0.000000000000e+00 4.747474747475e-01
v 8.989898989899e-01 0.000000000000e+00 4.343434343434e-01
v 8.989898989899e-01 0.000000000000e+00 4.747474747475e-01
v 8.787878787879e-01 0.000000000000e+00 4.949494949495e-01
v 9.191919191919e-01 0.000000000000e+00 4.343434343434e-01
v 1.000000000000e+00 0.000000000000e+00 4.949494949495e-01
v 9.191919191919e-01 0.000000000000e+00 4.545454545455e-01
v 9.595959595960e-01 0.000000000000e+00 4.545454545455e-01
v 9.393939393939e-01 0.000000000000e+00 4.545454545455e-01
v 9.191919191919e-01 0.000000000000e+00 4.747474747475e-01
v 9.797979797980e-01 0.000000000000e+00 4.545454545455e-01
v 9.393939393939e-01 0.000000000000e+00 4.747474747475e-01
v 9.595959595960e-01 0.000000000000e+00 4.747474747475e-01
v 9.797979797980e-01 0.000000000000e+00 4.747474747475e-01
v 9.393939393939e-01 0.000000000000e+00 4.949494949495e-01
v 9.191919191919e-01 0.000000000000e+00 4.949494949495e-01
v 1.000000000000e+00 0.000000000000e+00 4.545454545455e-01
v 9.595959595960e-01 0.000000000000e+00 4.949494949495e-01
v 9.797979797980e-01 0.000000000000e+00 4.949494949495e-01
v 1.000000000000e+00 0.000000000000e+00 4.747474747475e-01
v 6.767676767677e-01 0.000000000000e+00 4.545454545455e-01
v 6.565656565657e-01 0.000000000000e+00 4.545454545455e-01
v 6.767676767677e-01 0.000000000000e+00 4.747474747475e-01
v 6.767676767677e-01 0.000000000000e+00 4.343434343434e-01
v 6.565656565657e-01 0.000000000000e+00 4.949494949495e-01
v 6.565656565657e-01 0.000000000000e+00 4.343434343434e-01
v 6.565656565657e-01 0.000000000000e+00 4.747474747475e-01
v 6.969696969697e-01 0.000000000000e+00 4.545454545455e-01
v 6.767676767677e-01 0.000000000000e+00 4.949494949495e-01
v 6.969696969697e-01 0.000000000000e+00 4.747474747475e-01
v 6.969696969697e-01 0.000000000000e+00 4.343434343434e-01
v 6.767676767677e-01 0.000000000000e+00 5.151515151515e-01
v 6.969696969697e-01 0.000000000000e+00 5.151515151515e-01
v 6.565656565657e-01 0.000000000000e+00 5.151515151515e-01
v 6.969696969697e-01 0.000000000000e+00 4.949494949495e-01
v 5.959595959596e-01 0.000000000000e+00 5.151515151515e-01
v 6.161616161616e-01 0.000000000000e+00 4.747474747475e-01
v 6.363636363636e-01 0.000000000000e+00 4.747474747475e-01
v 5.959595959596e-01 0.000000000000e+00 4.949494949495e-01
v 6.161616161616e-01 0.000000000000e+00 4.949494949495e-01
v 6.363636363636e-01 0.000000000000e+00 4.949494949495e-01
v 5.959595959596e-01 0.000000000000e+00 5.353535353535e-01
v 6.363636363636e-01 0.000000000000e+00 5.151515151515e-01
v 6.161616161616e-01 0.000000000000e+00 5.151515151515e-01
v 6.161616161616e-01 0.000000000000e+00 4.343434343434e-01
v 6.363636363636e-01 0.000000000000e+00 5.353535353535e-01
v 6.363636363636e-01 0.000000000000e+00 4.343434343434e-01
v 6.161616161616e-01 0.000000000000e+00 5.353535353535e-01
v 6.161616161616e-01 0.000000000000e+00 4.545454545455e-01
v 6.363636363636e-01 0.000000000000e+00 4.545454545455e-01
v 4.747474747475e-01 0.000000000000e+00 4.949494949495e-01
v 5.555555555556e-01 0.000000000000e+00 5.353535353535e-01
v 5.353535353535e-01 0.000000000000e+00 5.353535353535e-01
v 5.353535353535e-01 0.000000000000e+00 5.151515151515e-01
v 5.151515151515e-01 0.000000000000e+00 5.353535353535e-01
v 4.949494949495e-01 0.000000000000e+00 5.353535353535e-01
v 4.747474747475e-01 0.000000000000e+00 5.151515151515e-01
v 5.151515151515e-01 0.000000000000e+00 5.151515151515e-01
v 5.757575757576e-01 0.000000000000e+00 5.353535353535e-01
v 5.151515151515e-01 0.000000000000e+00 4.949494949495e-01
v 4.949494949495e-01 0.000000000000e+00 5.151515151515e-01
v 5.353535353535e-01 0.000000000000e+00 4.949494949495e-01
v 5.757575757576e-01 0.000000000000e+00 5.151515151515e-01
v 5.555555555556e-01 0.000000000000e+00 5.151515151515e-01
v 4.949494949495e-01 0.000000000000e+00 4.949494949495e-01
v 5.959595959596e-01 0.000000000000e+00 4.141414141414e-01
v 5.555555555556e-01 0.000000000000e+00 4.141414141414e-01
v 5.757575757576e-01 0.000000000000e+00 4.141414141414e-01
v 5.757575757576e-01 0.000000000000e+00 4.949494949495e-01
v 5.555555555556e-01 0.000000000000e+00 4.343434343434e-01
v 5.555555555556e-01 0.000000000000e+00 4.949494949495e-01
v 5.555555555556e-01 0.000000000000e+00 4.747474747475e-01
v 5.959595959596e-01 0.000000000000e+00 4.343434343434e-01
v 5.757575757576e-01 0.000000000000e+00 4.545454545455e-01
v 5.555555555556e-01 0.000000000000e+00 4.545454545455e-01
v 5.757575757576e-01 0.000000000000e+00 4.343434343434e-01
v 5.959595959596e-01 0.000000000000e+00 4.747474747475e-01
v 5.757575757576e-01 0.000000000000e+00 4.747474747475e-01
v 5.959595959596e-01 0.000000000000e+00 4.545454545455e-01
v 5.151515151515e-01 0.000000000000e+00 4.747474747475e-01
v 5.151515151515e-01 0.000000000000e+00 4.343434343434e-01
v 5.353535353535e-01 0.000000000000e+00 4.343434343434e-01
v 4.747474747475e-01 0.000000000000e+00 4.343434343434e-01
v 5.353535353535e-01 0.000000000000e+00 4.545454545455e-01
v 5.151515151515e-01 0.000000000000e+00 4.545454545455e-01
v 4.747474747475e-01 0.000000000000e+00 4.545454545455e-01
v 4.949494949495e-01 0.000000000000e+00 4.545454545455e-01
v 4.747474747475e-01 0.000000000000e+00 4.141414141414e-01
v 5.353535353535e-01 0.000000000000e+00 4.747474747475e-01
v 4.747474747475e-01 0.000000000000e+00 4.747474747475e-01
v 4.949494949495e-01 0.000000000000e+00 4.141414141414e-01
v 5.151515151515e-01 0.000000000000e+00 4.141414141414e-01
v 4.949494949495e-01 0.000000000000e+00 4.343434343434e-01
v 4.949494949495e-01 0.000000000000e+00 4.747474747475e-01
v 4.545454545455e-01 0.000000000000e+00 3.333333333333e-01
v 4.747474747475e-01 0.000000000000e+00 3.333333333333e-01
v 4.949494949495e-01 0.000000000000e+00 3.131313131313e-01
v 4.949494949495e-01 0.000000000000e+00 3.737373737374e-01
v 4.747474747475e-01 0.000000000000e+00 3.939393939394e-01
v 4.949494949495e-01 0.000000000000e+00 3.939393939394e-01
v 4.949494949495e-01 0.000000000000e+00 3.535353535354e-01
v 4.747474747475e-01 0.000000000000e+00 3.737373737374e-01
v 4.545454545455e-01 0.000000000000e+00 3.737373737374e-01
v 4.747474747475e-01 0.000000000000e+00 3.535353535354e-01
v 4.949494949495e-01 0.000000000000e+00 3.333333333333e-01
v 4.545454545455e-01 0.000000000000e+00 3.131313131313e-01
v 4.545454545455e-01 0.000000000000e+00 3.535353535354e-01
v 4.747474747475e-01 0.000000000000e+00 3.131313131313e-01
v 5.151515151515e-01 0.000000000000e+00 3.737373737374e-01
v 5.151515151515e-01 0.000000000000e+00 3.535353535354e-01
v 5.151515151515e-01 0.000000000000e+00 3.939393939394e-01
v 5.555555555556e-01 0.000000000000e+00 3.939393939394e-01
v 5.353535353535e-01 0.000000000000e+00 3.939393939394e-01
v 5.757575757576e-01 0.000000000000e+00 3.939393939394e-01
v 5.555555555556e-01 0.000000000000e+00 3.737373737374e-01
v 5.353535353535e-01 0.000000000000e+00 3.333333333333e-01
v 5.353535353535e-01 0.000000000000e+00 4.141414141414e-01
v 5.757575757576e-01 0.000000000000e+00 3.737373737374e-01
v 5.151515151515e-01 0.000000000000e+00 3.333333333333e-01
v 5.555555555556e-01 0.000000000000e+00 3.131313131313e-01
v 5.555555555556e-01 0.000000000000e+00 3.333333333333e-01
v 5.353535353535e-01 0.000000000000e+00 3.535353535354e-01
v 5.555555555556e-01 0.000000000000e+00 3.535353535354e-01
v 5.353535353535e-01 0.000000000000e+00 3.737373737374e-01
v 7.171717171717e-01 0.000000000000e+00 2.929292929293e-01
v 6.767676767677e-01 0.000000000000e+00 3.535353535354e-01
v 6.969696969697e-01 0.000000000000e+00 3.535353535354e-01
v 6.767676767677e-01 0.000000000000e+00 3.737373737374e-01
v 7.171717171717e-01 0.000000000000e+00 3.535353535354e-01
v 6.767676767677e-01 0.000000000000e+00 3.333333333333e-01
v 6.969696969697e-01 0.000000000000e+00 2.929292929293e-01
v 7.171717171717e-01 0.000000000000e+00 3.131313131313e-01
v 6.969696969697e-01 0.000000000000e+00 3.131313131313e-01
v 6.969696969697e-01 0.000000000000e+00 3.333333333333e-01
v 7.171717171717e-01 0.000000000000e+00 3.333333333333e-01
v 6.969696969697e-01 0.000000000000e+00 3.737373737374e-01
v 6.767676767677e-01 0.000000000000e+00 3.131313131313e-01
v 6.767676767677e-01 0.000000000000e+00 2.929292929293e-01
v 7.171717171717e-01 0.000000000000e+00 3.737373737374e-01
v 6.161616161616e-01 0.000000000000e+00 3.333333333333e-01
v 6.161616161616e-01 0.000000000000e+00 3.131313131313e-01
v 5.959595959596e-01 0.000000000000e+00 3.535353535354e-01
v 5.959595959596e-01 0.000000000000e+00 3.131313131313e-01
v 5.757575757576e-01 0.000000000000e+00 3.333333333333e-01
v 6.161616161616e-01 0.000000000000e+00 3.535353535354e-01
v 5.757575757576e-01 0.000000000000e+00 3.535353535354e-01
v 5.959595959596e-01 0.000000000000e+00 3.333333333333e-01
v 6.363636363636e-01 0.000000000000e+00 3.535353535354e-01
v 6.565656565657e-01 0.000000000000e+00 3.535353535354e-01
v 6.565656565657e-01 0.000000000000e+00 3.131313131313e-01
v 6.363636363636e-01 0.000000000000e+00 3.131313131313e-01
v 6.565656565657e-01 0.000000000000e+00 3.333333333333e-01
v 6.363636363636e-01 0.000000000000e+00 3.333333333333e-01
v 5.757575757576e-01 0.000000000000e+00 3.131313131313e-01
v 6.363636363636e-01 0.000000000000e+00 3.737373737374e-01
v 6.565656565657e-01 0.000000000000e+00 3.737373737374e-01
v 6.565656565657e-01 0.000000000000e+00 4.141414141414e-01
v 6.363636363636e-01 0.000000000000e+00 4.141414141414e-01
v 6.161616161616e-01 0.000000000000e+00 3.737373737374e-01
v 5.959595959596e-01 0.000000000000e+00 3.737373737374e-01
v 6.767676767677e-01 0.000000000000e+00 4.141414141414e-01
v 5.959595959596e-01 0.000000000000e+00 3.939393939394e-01
v 6.161616161616e-01 0.000000000000e+00 4.141414141414e-01
v 6.363636363636e-01 0.000000000000e+00 3.939393939394e-01
v 6.161616161616e-01 0.000000000000e+00 3.939393939394e-01
v 6.969696969697e-01 0.000000000000e+00 4.141414141414e-01
v 6.565656565657e-01 0.000000000000e+00 3.939393939394e-01
v 6.969696969697e-01 0.000000000000e+00 3.939393939394e-01
v 6.767676767677e-01 0.000000000000e+00 3.939393939394e-01
v 7.171717171717e-01 0.000000000000e+00 1.515151515152e-01
v 7.171717171717e-01 0.000000000000e+00 1.111111111111e-01
v 6.969696969697e-01 0.000000000000e+00 1.111111111111e-01
v 6.969696969697e-01 0.000000000000e+00 9.090909090909e-02
v 6.767676767677e-01 0.000000000000e+00 9.090909090909e-02
v 7.171717171717e-01 0.000000000000e+00 9.090909090909e-02
v 6.767676767677e-01 0.000000000000e+00 1.313131313131e-01
v 6.767676767677e-01 0.000000000000e+00 1.515151515152e-01
v 6.969696969697e-01 0.000000000000e+00 1.515151515152e-01
v 7.171717171717e-01 0.000000000000e+00 1.313131313131e-01
v 6.969696969697e-01 0.000000000000e+00 1.313131313131e-01
v 6.969696969697e-01 0.000000000000e+00 7.070707070707e-02
v 7.171717171717e-01 0.000000000000e+00 7.070707070707e-02
v 6.767676767677e-01 0.000000000000e+00 7.070707070707e-02
v 6.767676767677e-01 0.000000000000e+00 1.111111111111e-01
v 6.161616161616e-01 0.000000000000e+00 1.313131313131e-01
v 6.161616161616e-01 0.000000000000e+00 1.111111111111e-01
v 6.565656565657e-01 0.000000000000e+00 1.111111111111e-01
v 6.565656565657e-01 0.000000000000e+00 1.313131313131e-01
v 6.363636363636e-01 0.000000000000e+00 1.111111111111e-01
v 6.363636363636e-01 0.000000000000e+00 1.515151515152e-01
v 6.161616161616e-01 0.000000000000e+00 9.090909090909e-02
v 6.363636363636e-01 0.000000000000e+00 1.313131313131e-01
v 6.565656565657e-01 0.000000000000e+00 1.515151515152e-01
v 6.161616161616e-01 0.000000000000e+00 7.070707070707e-02
v 6.363636363636e-01 0.000000000000e+00 7.070707070707e-02
v 6.565656565657e-01 0.000000000000e+00 7.070707070707e-02
v 6.565656565657e-01 0.000000000000e+00 9.090909090909e-02
v 6.363636363636e-01 0.000000000000e+00 9.090909090909e-02
v 6.161616161616e-01 0.000000000000e+00 1.515151515152e-01
v 7.171717171717e-01 0.000000000000e+00 2.121212121212e-01
v 7.171717171717e-01 0.000000000000e+00 2.323232323232e-01
v 6.969696969697e-01 0.000000000000e+00 2.525252525253e-01
v 7.171717171717e-01 0.000000000000e+00 1.717171717172e-01
v 6.969696969697e-01 0.000000000000e+00 2.727272727273e-01
v 7.171717171717e-01 0.000000000000e+00 2.727272727273e-01
v 6.969696969697e-01 0.000000000000e+00 2.121212121212e-01
v 6.969696969697e-01 0.000000000000e+00 1.717171717172e-01
v 7.171717171717e-01 0.000000000000e+00 1.919191919192e-01
v 6.767676767677e-01 0.000000000000e+00 1.717171717172e-01
v 6.969696969697e-01 0.000000000000e+00 2.323232323232e-01
v 6.969696969697e-01 0.000000000000e+00 1.919191919192e-01
v 6.767676767677e-01 0.000000000000e+00 1.919191919192e-01
v 7.171717171717e-01 0.000000000000e+00 2.525252525253e-01
v 6.767676767677e-01 0.000000000000e+00 2.323232323232e-01
v 6.767676767677e-01 0.000000000000e+00 2.121212121212e-01
v 5.959595959596e-01 0.000000000000e+00 2.727272727273e-01
v 6.161616161616e-01 0.000000000000e+00 2.525252525253e-01
v 6.161616161616e-01 0.000000000000e+00 2.929292929293e-01
v 5.959595959596e-01 0.000000000000e+00 2.929292929293e-01
v 5.959595959596e-01 0.000000000000e+00 2.525252525253e-01
v 6.161616161616e-01 0.000000000000e+00 2.727272727273e-01
v 6.363636363636e-01 0.000000000000e+00 2.727272727273e-01
v 6.363636363636e-01 0.000000000000e+00 2.929292929293e-01
v 6.363636363636e-01 0.000000000000e+00 2.525252525253e-01
v 6.565656565657e-01 0.000000000000e+00 2.525252525253e-01
v 6.565656565657e-01 0.000000000000e+00 2.727272727273e-01
v 6.767676767677e-01 0.000000000000e+00 2.727272727273e-01
v 6.767676767677e-01 0.000000000000e+00 2.525252525253e-01
v 6.565656565657e-01 0.000000000000e+00 2.929292929293e-01
v 5.959595959596e-01 0.000000000000e+00 1.919191919192e-01
v 5.959595959596e-01 0.000000000000e+00 2.121212121212e-01
v 5.959595959596e-01 0.000000000000e+00 2.323232323232e-01
v 6.161616161616e-01 0.000000000000e+00 2.323232323232e-01
v 6.363636363636e-01 0.000000000000e+00 1.919191919192e-01
v 6.161616161616e-01 0.000000000000e+00 1.919191919192e-01
v 6.565656565657e-01 0.000000000000e+00 2.323232323232e-01
v 6.363636363636e-01 0.000000000000e+00 2.323232323232e-01
v 6.565656565657e-01 0.000000000000e+00 2.121212121212e-01
v 6.363636363636e-01 0.000000000000e+00 2.121212121212e-01
v 6.161616161616e-01 0.000000000000e+00 2.121212121212e-01
v 6.565656565657e-01 0.000000000000e+00 1.919191919192e-01
v 6.161616161616e-01 0.000000000000e+00 1.717171717172e-01
v 6.565656565657e-01 0.000000000000e+00 1.717171717172e-01
v 6.363636363636e-01 0.000000000000e+00 1.717171717172e-01
v 4.545454545455e-01 0.000000000000e+00 2.121212121212e-01
v 5.151515151515e-01 0.000000000000e+00 1.919191919192e-01
v 4.949494949495e-01 0.000000000000e+00 1.919191919192e-01
v 4.747474747475e-01 0.000000000000e+00 1.717171717172e-01
v 4.747474747475e-01 0.000000000000e+00 2.121212121212e-01
v 4.747474747475e-01 0.000000000000e+00 2.323232323232e-01
v 4.545454545455e-01 0.000000000000e+00 1.919191919192e-01
v 4.545454545455e-01 0.000000000000e+00 2.323232323232e-01
v 4.747474747475e-01 0.000000000000e+00 1.919191919192e-01
v 4.545454545455e-01 0.000000000000e+00 1.717171717172e-01
v 4.949494949495e-01 0.000000000000e+00 2.121212121212e-01
v 5.151515151515e-01 0.000000000000e+00 2.121212121212e-01
v 4.949494949495e-01 0.000000000000e+00 1.717171717172e-01
v 5.151515151515e-01 0.000000000000e+00 2.323232323232e-01
v 4.949494949495e-01 0.000000000000e+00 2.323232323232e-01
v 5.353535353535e-01 0.000000000000e+00 2.727272727273e-01
v 4.949494949495e-01 0.000000000000e+00 2.525252525253e-01
v 5.151515151515e-01 0.000000000000e+00 2.525252525253e-01
v 4.949494949495e-01 0.000000000000e+00 2.929292929293e-01
v 5.353535353535e-01 0.000000000000e+00 3.131313131313e-01
v 4.545454545455e-01 0.000000000000e+00 2.525252525253e-01
v 5.151515151515e-01 0.000000000000e+00 3.131313131313e-01
v 4.545454545455e-01 0.000000000000e+00 2.929292929293e-01
v 4.949494949495e-01 0.000000000000e+00 2.727272727273e-01
v 5.151515151515e-01 0.000000000000e+00 2.727272727273e-01
v 5.151515151515e-01 0.000000000000e+00 2.929292929293e-01
v 5.353535353535e-01 0.000000000000e+00 2.929292929293e-01
v 4.747474747475e-01 0.000000000000e+00 2.525252525253e-01
v 4.545454545455e-01 0.000000000000e+00 2.727272727273e-01
v 4.747474747475e-01 0.000000000000e+00 2.929292929293e-01
v 4.747474747475e-01 0.000000000000e+00 2.727272727273e-01
v 5.353535353535e-01 0.000000000000e+00 2.525252525253e-01
v 5.555555555556e-01 0.000000000000e+00 2.323232323232e-01
v 5.757575757576e-01 0.000000000000e+00 2.727272727273e-01
v 5.757575757576e-01 0.000000000000e+00 2.929292929293e-01
v 5.555555555556e-01 0.000000000000e+00 2.525252525253e-01
v 5.757575757576e-01 0.000000000000e+00 1.919191919192e-01
v 5.555555555556e-01 0.000000000000e+00 2.929292929293e-01
v 5.757575757576e-01 0.000000000000e+00 2.121212121212e-01
v 5.555555555556e-01 0.000000000000e+00 2.727272727273e-01
v 5.353535353535e-01 0.000000000000e+00 1.919191919192e-01
v 5.353535353535e-01 0.000000000000e+00 2.121212121212e-01
v 5.555555555556e-01 0.000000000000e+00 2.121212121212e-01
v 5.757575757576e-01 0.000000000000e+00 2.525252525253e-01
v 5.757575757576e-01 0.000000000000e+00 2.323232323232e-01
v 5.555555555556e-01 0.000000000000e+00 1.919191919192e-01
v 5.353535353535e-01 0.000000000000e+00 2.323232323232e-01
v 4.545454545455e-01 0.000000000000e+00 9.090909090909e-02
v 4.747474747475e-01 0.000000000000e+00 9.090909090909e-02
v 4.949494949495e-01 0.000000000000e+00 1.313131313131e-01
v 4.545454545455e-01 0.000000000000e+00 7.070707070707e-02
v 4.747474747475e-01 0.000000000000e+00 1.313131313131e-01
v 4.747474747475e-01 0.000000000000e+00 7.070707070707e-02
v 4.949494949495e-01 0.000000000000e+00 1.111111111111e-01
v 4.747474747475e-01 0.000000000000e+00 1.515151515152e-01
v 4.747474747475e-01 0.000000000000e+00 1.111111111111e-01
v 4.949494949495e-01 0.000000000000e+00 9.090909090909e-02
v 4.949494949495e-01 0.000000000000e+00 7.070707070707e-02
v 4.545454545455e-01 0.000000000000e+00 1.111111111111e-01
v 4.545454545455e-01 0.000000000000e+00 1.515151515152e-01
v 4.949494949495e-01 0.000000000000e+00 1.515151515152e-01
v 4.545454545455e-01 0.000000000000e+00 1.313131313131e-01
v 5.555555555556e-01 0.000000000000e+00 1.111111111111e-01
v 5.353535353535e-01 0.000000000000e+00 1.111111111111e-01
v 5.151515151515e-01 0.000000000000e+00 7.070707070707e-02
v 5.757575757576e-01 0.000000000000e+00 7.070707070707e-02
v 5.151515151515e-01 0.000000000000e+00 9.090909090909e-02
v 5.353535353535e-01 0.000000000000e+00 9.090909090909e-02
v 5.757575757576e-01 0.000000000000e+00 1.111111111111e-01
v 5.555555555556e-01 0.000000000000e+00 7.070707070707e-02
v 5.959595959596e-01 0.000000000000e+00 7.070707070707e-02
v 5.353535353535e-01 0.000000000000e+00 7.070707070707e-02
v 5.959595959596e-01 0.000000000000e+00 1.111111111111e-01
v 5.757575757576e-01 0.000000000000e+00 9.090909090909e-02
v 5.959595959596e-01 0.000000000000e+00 9.090909090909e-02
v 5.151515151515e-01 0.000000000000e+00 1.111111111111e-01
v 5.555555555556e-01 0.000000000000e+00 9.090909090909e-02
v 5.959595959596e-01 0.000000000000e+00 1.313131313131e-01
v 5.757575757576e-01 0.000000000000e+00 1.717171717172e-01
v 5.555555555556e-01 0.000000000000e+00 1.717171717172e-01
v 5.959595959596e-01 0.000000000000e+00 1.515151515152e-01
v 5.353535353535e-01 0.000000000000e+00 1.515151515152e-01
v 5.555555555556e-01 0.000000000000e+00 1.313131313131e-01
v 5.757575757576e-01 0.000000000000e+00 1.313131313131e-01
v 5.151515151515e-01 0.000000000000e+00 1.515151515152e-01
v 5.353535353535e-01 0.000000000000e+00 1.717171717172e-01
v 5.151515151515e-01 0.000000000000e+00 1.313131313131e-01
v 5.757575757576e-01 0.000000000000e+00 1.515151515152e-01
v 5.151515151515e-01 0.000000000000e+00 1.717171717172e-01
v 5.959595959596e-01 0.000000000000e+00 1.717171717172e-01
v 5.555555555556e-01 0.000000000000e+00 1.515151515152e-01
v 5.353535353535e-01 0.000000000000e+00 1.313131313131e-01
v 5.353535353535e-01 0.000000000000e+00 5.959595959596e-01
v 4.949494949495e-01 0.000000000000e+00 5.959595959596e-01
v 4.949494949495e-01 0.000000000000e+00 5.757575757576e-01
v 4.949494949495e-01 0.000000000000e+00 5.555555555556e-01
v 4.747474747475e-01 0.000000000000e+00 5.959595959596e-01
v 4.949494949495e-01 0.000000000000e+00 6.161616161616e-01
v 5.151515151515e-01 0.000000000000e+00 5.757575757576e-01
v 5.151515151515e-01 0.000000000000e+00 5.959595959596e-01
v 5.353535353535e-01 0.000000000000e+00 6.161616161616e-01
v 5.151515151515e-01 0.000000000000e+00 6.161616161616e-01
v 5.353535353535e-01 0.000000000000e+00 5.555555555556e-01
v 5.151515151515e-01 0.000000000000e+00 5.555555555556e-01
v 5.555555555556e-01 0.000000000000e+00 5.959595959596e-01
v 5.353535353535e-01 0.000000000000e+00 5.757575757576e-01
v 5.555555555556e-01 0.000000000000e+00 6.161616161616e-01
v 6.161616161616e-01 0.000000000000e+00 6.161616161616e-01
v 6.161616161616e-01 0.000000000000e+00 5.555555555556e-01
v 6.161616161616e-01 0.000000000000e+00 5.959595959596e-01
v 5.959595959596e-01 0.000000000000e+00 6.161616161616e-01
v 5.757575757576e-01 0.000000000000e+00 5.555555555556e-01
v 5.555555555556e-01 0.000000000000e+00 5.555555555556e-01
v 5.959595959596e-01 0.000000000000e+00 5.757575757576e-01
v 5.959595959596e-01 0.000000000000e+00 5.959595959596e-01
v 6.161616161616e-01 0.000000000000e+00 5.757575757576e-01
v 5.757575757576e-01 0.000000000000e+00 5.757575757576e-01
v 5.757575757576e-01 0.000000000000e+00 5.959595959596e-01
v 5.757575757576e-01 0.000000000000e+00 6.161616161616e-01
v 5.959595959596e-01 0.000000000000e+00 5.555555555556e-01
v 5.555555555556e-01 0.000000000000e+00 5.757575757576e-01
v 5.959595959596e-01 0.000000000000e+00 6.969696969697e-01
v 5.757575757576e-01 0.000000000000e+00 6.969696969697e-01
v 5.959595959596e-01 0.000000000000e+00 6.565656565657e-01
v 5.757575757576e-01 0.000000000000e+00 6.565656565657e-01
v 6.161616161616e-01 0.000000000000e+00 6.969696969697e-01
v 5.959595959596e-01 0.000000000000e+00 7.171717171717e-01
v 6.161616161616e-01 0.000000000000e+00 7.171717171717e-01
v 6.161616161616e-01 0.000000000000e+00 6.363636363636e-01
v 5.757575757576e-01 0.000000000000e+00 6.363636363636e-01
v 5.959595959596e-01 0.000000000000e+00 6.363636363636e-01
v 5.757575757576e-01 0.000000000000e+00 6.767676767677e-01
v 6.161616161616e-01 0.000000000000e+00 6.565656565657e-01
v 5.959595959596e-01 0.000000000000e+00 6.767676767677e-01
v 6.161616161616e-01 0.000000000000e+00 6.767676767677e-01
v 5.555555555556e-01 0.000000000000e+00 7.171717171717e-01
v 5.151515151515e-01 0.000000000000e+00 7.575757575758e-01
v 5.353535353535e-01 0.000000000000e+00 7.575757575758e-01
v 5.555555555556e-01 0.000000000000e+00 7.575757575758e-01
v 5.151515151515e-01 0.000000000000e+00 7.171717171717e-01
v 5.151515151515e-01 0.000000000000e+00 7.373737373737e-01
v 4.949494949495e-01 0.000000000000e+00 7.373737373737e-01
v 5.555555555556e-01 0.000000000000e+00 7.373737373737e-01
v 5.757575757576e-01 0.000000000000e+00 7.373737373737e-01
v 4.949494949495e-01 0.000000000000e+00 7.575757575758e-01
v 4.949494949495e-01 0.000000000000e+00 7.171717171717e-01
v 5.757575757576e-01 0.000000000000e+00 7.171717171717e-01
v 5.757575757576e-01 0.000000000000e+00 7.575757575758e-01
v 5.353535353535e-01 0.000000000000e+00 7.373737373737e-01
v 5.353535353535e-01 0.000000000000e+00 7.171717171717e-01
v 4.949494949495e-01 0.000000000000e+00 6.363636363636e-01
v 5.353535353535e-01 0.000000000000e+00 6.969696969697e-01
v 5.555555555556e-01 0.000000000000e+00 6.969696969697e-01
v 5.555555555556e-01 0.000000000000e+00 6.767676767677e-01
v 5.353535353535e-01 0.000000000000e+00 6.767676767677e-01
v 5.353535353535e-01 0.000000000000e+00 6.565656565657e-01
v 4.949494949495e-01 0.000000000000e+00 6.767676767677e-01
v 5.151515151515e-01 0.000000000000e+00 6.363636363636e-01
v 4.949494949495e-01 0.000000000000e+00 6.969696969697e-01
v 5.353535353535e-01 0.000000000000e+00 6.363636363636e-01
v 5.555555555556e-01 0.000000000000e+00 6.363636363636e-01
v 5.555555555556e-01 0.000000000000e+00 6.565656565657e-01
v 5.151515151515e-01 0.000000000000e+00 6.969696969697e-01
v 5.151515151515e-01 0.000000000000e+00 6.767676767677e-01
v 4.949494949495e-01 0.000000000000e+00 6.565656565657e-01
v 5.151515151515e-01 0.000000000000e+00 6.565656565657e-01
v 7.171717171717e-01 0.000000000000e+00 6.969696969697e-01
v 6.767676767677e-01 0.000000000000e+00 7.171717171717e-01
v 6.969696969697e-01 0.000000000000e+00 6.767676767677e-01
v 7.171717171717e-01 0.000000000000e+00 6.767676767677e-01
v 7.373737373737e-01 0.000000000000e+00 6.767676767677e-01
v 6.969696969697e-01 0.000000000000e+00 7.171717171717e-01
v 6.969696969697e-01 0.000000000000e+00 6.969696969697e-01
v 6.767676767677e-01 0.000000000000e+00 7.373737373737e-01
v 6.969696969697e-01 0.000000000000e+00 7.373737373737e-01
v 7.171717171717e-01 0.000000000000e+00 7.373737373737e-01
v 7.171717171717e-01 0.000000000000e+00 7.171717171717e-01
v 7.373737373737e-01 0.000000000000e+00 7.373737373737e-01
v 7.373737373737e-01 0.000000000000e+00 7.171717171717e-01
v 7.373737373737e-01 0.000000000000e+00 6.969696969697e-01
v 7.575757575758e-01 0.000000000000e+00 6.767676767677e-01
v 6.363636363636e-01 0.000000000000e+00 7.171717171717e-01
v 6.565656565657e-01 0.000000000000e+00 7.171717171717e-01
v 6.767676767677e-01 0.000000000000e+00 6.565656565657e-01
v 6.565656565657e-01 0.000000000000e+00 6.565656565657e-01
v 6.363636363636e-01 0.000000000000e+00 7.373737373737e-01
v 6.767676767677e-01 0.000000000000e+00 6.969696969697e-01
v 6.565656565657e-01 0.000000000000e+00 6.969696969697e-01
v 6.363636363636e-01 0.000000000000e+00 6.565656565657e-01
v 6.363636363636e-01 0.000000000000e+00 6.969696969697e-01
v 6.767676767677e-01 0.000000000000e+00 6.767676767677e-01
v 6.565656565657e-01 0.000000000000e+00 6.767676767677e-01
v 6.363636363636e-01 0.000000000000e+00 6.363636363636e-01
v 6.565656565657e-01 0.000000000000e+00 6.363636363636e-01
v 6.565656565657e-01 0.000000000000e+00 7.373737373737e-01
v 6.363636363636e-01 0.000000000000e+00 6.767676767677e-01
v 6.969696969697e-01 0.000000000000e+00 5.353535353535e-01
v 7.171717171717e-01 0.000000000000e+00 5.353535353535e-01
v 7.373737373737e-01 0.000000000000e+00 5.555555555556e-01
v 7.171717171717e-01 0.000000000000e+00 5.555555555556e-01
v 7.575757575758e-01 0.000000000000e+00 5.353535353535e-01
v 7.171717171717e-01 0.000000000000e+00 5.757575757576e-01
v 7.373737373737e-01 0.000000000000e+00 5.959595959596e-01
v 7.575757575758e-01 0.000000000000e+00 5.959595959596e-01
v 7.575757575758e-01 0.000000000000e+00 5.757575757576e-01
v 7.373737373737e-01 0.000000000000e+00 5.757575757576e-01
v 7.373737373737e-01 0.000000000000e+00 5.151515151515e-01
v 7.575757575758e-01 0.000000000000e+00 5.151515151515e-01
v 7.373737373737e-01 0.000000000000e+00 5.353535353535e-01
v 7.575757575758e-01 0.000000000000e+00 5.555555555556e-01
v 7.171717171717e-01 0.000000000000e+00 5.151515151515e-01
v 7.575757575758e-01 0.000000000000e+00 6.161616161616e-01
v 7.575757575758e-01 0.000000000000e+00 6.565656565657e-01
v 6.969696969697e-01 0.000000000000e+00 6.161616161616e-01
v 6.767676767677e-01 0.000000000000e+00 6.161616161616e-01
v 6.969696969697e-01 0.000000000000e+00 5.959595959596e-01
v 6.969696969697e-01 0.000000000000e+00 6.565656565657e-01
v 7.171717171717e-01 0.000000000000e+00 5.959595959596e-01
v 7.171717171717e-01 0.000000000000e+00 6.161616161616e-01
v 7.171717171717e-01 0.000000000000e+00 6.565656565657e-01
v 6.969696969697e-01 0.000000000000e+00 6.363636363636e-01
v 7.171717171717e-01 0.000000000000e+00 6.363636363636e-01
v 6.767676767677e-01 0.000000000000e+00 6.363636363636e-01
v 7.373737373737e-01 0.000000000000e+00 6.565656565657e-01
v 7.373737373737e-01 0.000000000000e+00 6.363636363636e-01
v 7.373737373737e-01 0.000000000000e+00 6.161616161616e-01
v 7.575757575758e-01 0.000000000000e+00 6.363636363636e-01
v 6.565656565657e-01 0.000000000000e+00 5.959595959596e-01
v 6.969696969697e-01 0.000000000000e+00 5.757575757576e-01
v 6.363636363636e-01 0.000000000000e+00 5.555555555556e-01
v 6.363636363636e-01 0.000000000000e+00 6.161616161616e-01
v 6.767676767677e-01 0.000000000000e+00 5.555555555556e-01
v 6.565656565657e-01 0.000000000000e+00 5.353535353535e-01
v 6.363636363636e-01 0.000000000000e+00 5.959595959596e-01
v 6.565656565657e-01 0.000000000000e+00 5.555555555556e-01
v 6.969696969697e-01 0.000000000000e+00 5.555555555556e-01
v 6.565656565657e-01 0.000000000000e+00 6.161616161616e-01
v 6.767676767677e-01 0.000000000000e+00 5.757575757576e-01
v 6.767676767677e-01 0.000000000000e+00 5.959595959596e-01
v 6.363636363636e-01 0.000000000000e+00 5.757575757576e-01
v 6.565656565657e-01 0.000000000000e+00 5.757575757576e-01
v 6.767676767677e-01 0.000000000000e+00 5.353535353535e-01
v 7.171717171717e-01 0.000000000000e+00 7.979797979798e-01
v 6.969696969697e-01 0.000000000000e+00 7.575757575758e-01
v 7.171717171717e-01 0.000000000000e+00 7.777777777778e-01
v 6.767676767677e-01 0.000000000000e+00 7.575757575758e-01
v 6.565656565657e-01 0.000000000000e+00 7.777777777778e-01
v 7.373737373737e-01 0.000000000000e+00 7.575757575758e-01
v 6.969696969697e-01 0.000000000000e+00 7.777777777778e-01
v 7.171717171717e-01 0.000000000000e+00 7.575757575758e-01
v 6.565656565657e-01 0.000000000000e+00 7.979797979798e-01
v 7.373737373737e-01 0.000000000000e+00 7.979797979798e-01
v 6.969696969697e-01 0.000000000000e+00 7.979797979798e-01
v 6.767676767677e-01 0.000000000000e+00 7.777777777778e-01
v 6.565656565657e-01 0.000000000000e+00 7.575757575758e-01
v 6.767676767677e-01 0.000000000000e+00 7.979797979798e-01
v 7.373737373737e-01 0.000000000000e+00 7.777777777778e-01
v 7.373737373737e-01 0.000000000000e+00 8.181818181818e-01
v 7.171717171717e-01 0.000000000000e+00 8.181818181818e-01
v 6.969696969697e-01 0.000000000000e+00 8.181818181818e-01
v 6.767676767677e-01 0.000000000000e+00 8.181818181818e-01
v 6.969696969697e-01 0.000000000000e+00 8.585858585859e-01
v 6.767676767677e-01 0.000000000000e+00 8.383838383838e-01
v 6.565656565657e-01 0.000000000000e+00 8.585858585859e-01
v 6.565656565657e-01 0.000000000000e+00 8.383838383838e-01
v 7.373737373737e-01 0.000000000000e+00 8.383838383838e-01
v 6.565656565657e-01 0.000000000000e+00 8.181818181818e-01
v 7.171717171717e-01 0.000000000000e+00 8.383838383838e-01
v 7.171717171717e-01 0.000000000000e+00 8.585858585859e-01
v 7.373737373737e-01 0.000000000000e+00 8.585858585859e-01
v 6.767676767677e-01 0.000000000000e+00 8.585858585859e-01
v 6.969696969697e-01 0.000000000000e+00 8.383838383838e-01
v 5.151515151515e-01 0.000000000000e+00 8.181818181818e-01
v 5.151515151515e-01 0.000000000000e+00 7.979797979798e-01
v 5.353535353535e-01 0.000000000000e+00 7.777777777778e-01
v 4.949494949495e-01 0.000000000000e+00 7.777777777778e-01
v 4.949494949495e-01 0.000000000000e+00 7.979797979798e-01
v 5.353535353535e-01 0.000000000000e+00 8.585858585859e-01
v 5.353535353535e-01 0.000000000000e+00 7.979797979798e-01
v 5.151515151515e-01 0.000000000000e+00 8.383838383838e-01
v 4.949494949495e-01 0.000000000000e+00 8.181818181818e-01
v 5.353535353535e-01 0.000000000000e+00 8.181818181818e-01
v 4.949494949495e-01 0.000000000000e+00 8.585858585859e-01
v 4.949494949495e-01 0.000000000000e+00 8.383838383838e-01
v 5.353535353535e-01 0.000000000000e+00 8.383838383838e-01
v 5.151515151515e-01 0.000000000000e+00 8.585858585859e-01
v 5.151515151515e-01 0.000000000000e+00 7.777777777778e-01
v 5.757575757576e-01 0.000000000000e+00 7.777777777778e-01
v 6.161616161616e-01 0.000000000000e+00 7.777777777778e-01
v 5.959595959596e-01 0.000000000000e+00 7.575757575758e-01
v 5.959595959596e-01 0.000000000000e+00 7.373737373737e-01
v 6.161616161616e-01 0.000000000000e+00 7.575757575758e-01
v 5.555555555556e-01 0.000000000000e+00 7.777777777778e-01
v 5.757575757576e-01 0.000000000000e+00 7.979797979798e-01
v 6.363636363636e-01 0.000000000000e+00 7.575757575758e-01
v 5.959595959596e-01 0.000000000000e+00 7.777777777778e-01
v 6.363636363636e-01 0.000000000000e+00 7.777777777778e-01
v 5.959595959596e-01 0.000000000000e+00 7.979797979798e-01
v 6.161616161616e-01 0.000000000000e+00 7.979797979798e-01
v 6.363636363636e-01 0.000000000000e+00 7.979797979798e-01
v 6.161616161616e-01 0.000000000000e+00 7.373737373737e-01
v 5.555555555556e-01 0.000000000000e+00 7.979797979798e-01
v 6.161616161616e-01 0.000000000000e+00 8.585858585859e-01
v 5.555555555556e-01 0.000000000000e+00 8.585858585859e-01
v 5.757575757576e-01 0.000000000000e+00 8.181818181818e-01
v 5.555555555556e-01 0.000000000000e+00 8.181818181818e-01
v 5.555555555556e-01 0.000000000000e+00 8.383838383838e-01
v 6.363636363636e-01 0.000000000000e+00 8.585858585859e-01
v 6.161616161616e-01 0.000000000000e+00 8.383838383838e-01
v 6.363636363636e-01 0.000000000000e+00 8.383838383838e-01
v 5.959595959596e-01 0.000000000000e+00 8.585858585859e-01
v 5.757575757576e-01 0.000000000000e+00 8.585858585859e-01
v 5.959595959596e-01 0.000000000000e+00 8.383838383838e-01
v 5.959595959596e-01 0.000000000000e+00 8.181818181818e-01
v 6.161616161616e-01 0.000000000000e+00 8.181818181818e-01
v 6.363636363636e-01 0.000000000000e+00 8.181818181818e-01
v 5.757575757576e-01 0.000000000000e+00 8.383838383838e-01
v 5.555555555556e-01 0.000000000000e+00 8.787878787879e-01
v 5.959595959596e-01 0.000000000000e+00 8.989898989899e-01
v 5.757575757576e-01 0.000000000000e+00 8.989898989899e-01
v 5.959595959596e-01 0.000000000000e+00 8.787878787879e-01
v 5.757575757576e-01 0.000000000000e+00 8.787878787879e-01
v 5.151515151515e-01 0.000000000000e+00 8.989898989899e-01
v 5.555555555556e-01 0.000000000000e+00 8.989898989899e-01
v 4.949494949495e-01 0.000000000000e+00 9.191919191919e-01
v 4.949494949495e-01 0.000000000000e+00 8.989898989899e-01
v 5.353535353535e-01 0.000000000000e+00 8.989898989899e-01
v 5.353535353535e-01 0.000000000000e+00 8.787878787879e-01
v 5.151515151515e-01 0.000000000000e+00 8.787878787879e-01
v 5.151515151515e-01 0.000000000000e+00 9.191919191919e-01
v 5.353535353535e-01 0.000000000000e+00 9.191919191919e-01
v 5.555555555556e-01 0.000000000000e+00 9.191919191919e-01
v 4.949494949495e-01 0.000000000000e+00 8.787878787879e-01
v 6.161616161616e-01 0.000000000000e+00 1.000000000000e+00
v 6.161616161616e-01 0.000000000000e+00 9.595959595960e-01
v 5.959595959596e-01 0.000000000000e+00 1.000000000000e+00
v 6.161616161616e-01 0.000000000000e+00 9.393939393939e-01
v 5.757575757576e-01 0.000000000000e+00 9.797979797980e-01
v 5.959595959596e-01 0.000000000000e+00 9.595959595960e-01
v 5.959595959596e-01 0.000000000000e+00 9.797979797980e-01
v 5.959595959596e-01 0.000000000000e+00 9.393939393939e-01
v 6.161616161616e-01 0.000000000000e+00 9.797979797980e-01
v 5.757575757576e-01 0.000000000000e+00 9.595959595960e-01
v 5.757575757576e-01 0.000000000000e+00 9.191919191919e-01
v 5.959595959596e-01 0.000000000000e+00 9.191919191919e-01
v 6.161616161616e-01 0.000000000000e+00 9.191919191919e-01
v 5.757575757576e-01 0.000000000000e+00 1.000000000000e+00
v 5.757575757576e-01 0.000000000000e+00 9.393939393939e-01
v 5.555555555556e-01 0.000000000000e+00 9.797979797980e-01
v 5.151515151515e-01 0.000000000000e+00 1.000000000000e+00
v 5.353535353535e-01 0.000000000000e+00 1.000000000000e+00
v 5.555555555556e-01 0.000000000000e+00 1.000000000000e+00
v 5.353535353535e-01 0.000000000000e+00 9.797979797980e-01
v 5.151515151515e-01 0.000000000000e+00 9.797979797980e-01
v 5.555555555556e-01 0.000000000000e+00 9.595959595960e-01
v 5.353535353535e-01 0.000000000000e+00 9.595959595960e-01
v 5.151515151515e-01 0.000000000000e+00 9.595959595960e-01
v 5.555555555556e-01 0.000000000000e+00 9.393939393939e-01
v 5.151515151515e-01 0.000000000000e+00 9.393939393939e-01
v 4.949494949495e-01 0.000000000000e+00 1.000000000000e+00
v 4.949494949495e-01 0.000000000000e+00 9.797979797980e-01
v 4.949494949495e-01 0.000000000000e+00 9.595959595960e-01
v 4.949494949495e-01 0.000000000000e+00 9.393939393939e-01
v 5.353535353535e-01 0.000000000000e+00 9.393939393939e-01
v 6.161616161616e-01 0.000000000000e+00 8.787878787879e-01
v 7.171717171717e-01 0.000000000000e+00 8.989898989899e-01
v 6.565656565657e-01 0.000000000000e+00 8.989898989899e-01
v 6.363636363636e-01 0.000000000000e+00 8.989898989899e-01
v 6.969696969697e-01 0.000000000000e+00 8.787878787879e-01
v 6.363636363636e-01 0.000000000000e+00 9.191919191919e-01
v 6.767676767677e-01 0.000000000000e+00 8.787878787879e-01
v 6.969696969697e-01 0.000000000000e+00 8.989898989899e-01
v 6.363636363636e-01 0.000000000000e+00 8.787878787879e-01
v 7.171717171717e-01 0.000000000000e+00 8.787878787879e-01
v 6.161616161616e-01 0.000000000000e+00 8.989898989899e-01
v 6.767676767677e-01 0.000000000000e+00 8.989898989899e-01
v 6.565656565657e-01 0.000000000000e+00 8.787878787879e-01
v 7.373737373737e-01 0.000000000000e+00 8.787878787879e-01
v 7.373737373737e-01 0.000000000000e+00 8.989898989899e-01
v 7.171717171717e-01 0.000000000000e+00 1.000000000000e+00
v 6.969696969697e-01 0.000000000000e+00 9.797979797980e-01
v 7.373737373737e-01 0.000000000000e+00 1.000000000000e+00
v 6.969696969697e-01 0.000000000000e+00 1.000000000000e+00
v 7.373737373737e-01 0.000000000000e+00 9.191919191919e-01
v 6.969696969697e-01 0.000000000000e+00 9.191919191919e-01
v 7.171717171717e-01 0.000000000000e+00 9.191919191919e-01
v 7.373737373737e-01 0.000000000000e+00 9.393939393939e-01
v 7.171717171717e-01 0.000000000000e+00 9.393939393939e-01
v 6.969696969697e-01 0.000000000000e+00 9.393939393939e-01
v 7.171717171717e-01 0.000000000000e+00 9.797979797980e-01
v 7.373737373737e-01 0.000000000000e+00 9.797979797980e-01
v 7.171717171717e-01 0.000000000000e+00 9.595959595960e-01
v 7.373737373737e-01 0.000000000000e+00 9.595959595960e-01
v 6.969696969697e-01 0.000000000000e+00 9.595959595960e-01
v 6.565656565657e-01 0.000000000000e+00 9.191919191919e-01
v 6.767676767677e-01 0.000000000000e+00 9.191919191919e-01
v 6.767676767677e-01 0.000000000000e+00 9.595959595960e-01
v 6.767676767677e-01 0.000000000000e+00 9.393939393939e-01
v 6.767676767677e-01 0.000000000000e+00 1.000000000000e+00
v 6.565656565657e-01 0.000000000000e+00 1.000000000000e+00
v 6.767676767677e-01 0.000000000000e+00 9.797979797980e-01
v 6.565656565657e-01 0.000000000000e+00 9.393939393939e-01
v 6.363636363636e-01 0.000000000000e+00 9.797979797980e-01
v 6.363636363636e-01 0.000000000000e+00 9.393939393939e-01
v 6.363636363636e-01 0.000000000000e+00 9.595959595960e-01
v 6.565656565657e-01 0.000000000000e+00 9.797979797980e-01
v 6.565656565657e-01 0.000000000000e+00 9.595959595960e-01
v 6.363636363636e-01 0.000000000000e+00 1.000000000000e+00
v 8.383838383838e-01 0.000000000000e+00 9.393939393939e-01
v 8.585858585859e-01 0.000000000000e+00 9.797979797980e-01
v 8.585858585859e-01 0.000000000000e+00 9.393939393939e-01
v 8.787878787879e-01 0.000000000000e+00 1.000000000000e+00
v 8.585858585859e-01 0.000000000000e+00 9.595959595960e-01
v 8.787878787879e-01 0.000000000000e+00 9.393939393939e-01
v 8.787878787879e-01 0.000000000000e+00 9.595959595960e-01
v 8.383838383838e-01 0.000000000000e+00 9.191919191919e-01
v 8.383838383838e-01 0.000000000000e+00 9.595959595960e-01
v 8.383838383838e-01 0.000000000000e+00 1.000000000000e+00
v 8.383838383838e-01 0.000000000000e+00 9.797979797980e-01
v 8.585858585859e-01 0.000000000000e+00 1.000000000000e+00
v 8.787878787879e-01 0.000000000000e+00 9.797979797980e-01
v 8.181818181818e-01 0.000000000000e+00 9.393939393939e-01
v 7.777777777778e-01 0.000000000000e+00 9.393939393939e-01
v 7.979797979798e-01 0.000000000000e+00 9.797979797980e-01
v 8.181818181818e-01 0.000000000000e+00 1.000000000000e+00
v 7.979797979798e-01 0.000000000000e+00 1.000000000000e+00
v 7.777777777778e-01 0.000000000000e+00 9.595959595960e-01
v 7.979797979798e-01 0.000000000000e+00 9.595959595960e-01
v 8.181818181818e-01 0.000000000000e+00 9.595959595960e-01
v 7.979797979798e-01 0.000000000000e+00 9.393939393939e-01
v 7.575757575758e-01 0.000000000000e+00 9.393939393939e-01
v 7.575757575758e-01 0.000000000000e+00 9.797979797980e-01
v 7.777777777778e-01 0.000000000000e+00 9.797979797980e-01
v 7.777777777778e-01 0.000000000000e+00 1.000000000000e+00
v 8.181818181818e-01 0.000000000000e+00 9.797979797980e-01
v 7.575757575758e-01 0.000000000000e+00 9.595959595960e-01
v 7.575757575758e-01 0.000000000000e+00 1.000000000000e+00
v 8.181818181818e-01 0.000000000000e+00 7.979797979798e-01
v 7.777777777778e-01 0.000000000000e+00 8.181818181818e-01
v 8.585858585859e-01 0.000000000000e+00 8.181818181818e-01
v 8.383838383838e-01 0.000000000000e+00 7.979797979798e-01
v 7.979797979798e-01 0.000000000000e+00 7.979797979798e-01
v 8.383838383838e-01 0.000000000000e+00 8.181818181818e-01
v 7.979797979798e-01 0.000000000000e+00 8.181818181818e-01
v 7.979797979798e-01 0.000000000000e+00 8.383838383838e-01
v 7.777777777778e-01 0.000000000000e+00 8.383838383838e-01
v 7.777777777778e-01 0.000000000000e+00 7.979797979798e-01
v 8.181818181818e-01 0.000000000000e+00 8.181818181818e-01
v 7.575757575758e-01 0.000000000000e+00 7.979797979798e-01
v 8.585858585859e-01 0.000000000000e+00 7.979797979798e-01
v 7.575757575758e-01 0.000000000000e+00 8.181818181818e-01
v 7.575757575758e-01 0.000000000000e+00 8.383838383838e-01
v 8.181818181818e-01 0.000000000000e+00 9.191919191919e-01
v 7.575757575758e-01 0.000000000000e+00 8.989898989899e-01
v 7.777777777778e-01 0.000000000000e+00 8.787878787879e-01
v 7.575757575758e-01 0.000000000000e+00 8.585858585859e-01
v 8.181818181818e-01 0.000000000000e+00 8.787878787879e-01
v 7.979797979798e-01 0.000000000000e+00 8.585858585859e-01
v 7.575757575758e-01 0.000000000000e+00 8.787878787879e-01
v 7.979797979798e-01 0.000000000000e+00 9.191919191919e-01
v 7.979797979798e-01 0.000000000000e+00 8.989898989899e-01
v 7.575757575758e-01 0.000000000000e+00 9.191919191919e-01
v 7.777777777778e-01 0.000000000000e+00 8.585858585859e-01
v 8.181818181818e-01 0.000000000000e+00 8.989898989899e-01
v 7.777777777778e-01 0.000000000000e+00 8.989898989899e-01
v 7.777777777778e-01 0.000000000000e+00 9.191919191919e-01
v 7.979797979798e-01 0.000000000000e+00 8.787878787879e-01
v 8.383838383838e-01 0.000000000000e+00 8.383838383838e-01
v 8.787878787879e-01 0.000000000000e+00 8.585858585859e-01
v 8.585858585859e-01 0.000000000000e+00 8.585858585859e-01
v 8.585858585859e-01 0.000000000000e+00 9.191919191919e-01
v 8.181818181818e-01 0.000000000000e+00 8.383838383838e-01
v 8.181818181818e-01 0.000000000000e+00 8.585858585859e-01
v 8.383838383838e-01 0.000000000000e+00 8.989898989899e-01
v 8.383838383838e-01 0.000000000000e+00 8.787878787879e-01
v 8.787878787879e-01 0.000000000000e+00 9.191919191919e-01
v 8.585858585859e-01 0.000000000000e+00 8.989898989899e-01
v 8.383838383838e-01 0.000000000000e+00 8.585858585859e-01
v 8.787878787879e-01 0.000000000000e+00 8.787878787879e-01
v 8.585858585859e-01 0.000000000000e+00 8.787878787879e-01
v 8.585858585859e-01 0.000000000000e+00 8.383838383838e-01
v 8.787878787879e-01 0.000000000000e+00 8.989898989899e-01
v 1.000000000000e+00 0.000000000000e+00 9.797979797980e-01
v 1.000000000000e+00 0.000000000000e+00 9.191919191919e-01
v 9.595959595960e-01 0.000000000000e+00 9.393939393939e-01
v 9.595959595960e-01 0.000000000000e+00 9.595959595960e-01
v 1.000000000000e+00 0.000000000000e+00 9.595959595960e-01
v 9.797979797980e-01 0.000000000000e+00 1.000000000000e+00
v 9.797979797980e-01 0.000000000000e+00 9.595959595960e-01
v 9.595959595960e-01 0.000000000000e+00 9.191919191919e-01
v 9.797979797980e-01 0.000000000000e+00 9.191919191919e-01
v 9.595959595960e-01 0.000000000000e+00 9.797979797980e-01
v 1.000000000000e+00 0.000000000000e+00 1.000000000000e+00
v 9.595959595960e-01 0.000000000000e+00 1.000000000000e+00
v 9.797979797980e-01 0.000000000000e+00 9.797979797980e-01
v 9.797979797980e-01 0.000000000000e+00 9.393939393939e-01
v 1.000000000000e+00 0.000000000000e+00 9.393939393939e-01
v 9.393939393939e-01 0.000000000000e+00 9.393939393939e-01
v 8.989898989899e-01 0.000000000000e+00 1.000000000000e+00
v 9.191919191919e-01 0.000000000000e+00 9.595959595960e-01
v 8.989898989899e-01 0.000000000000e+00 9.797979797980e-01
v 9.191919191919e-01 0.000000000000e+00 9.191919191919e-01
v 9.191919191919e-01 0.000000000000e+00 9.393939393939e-01
v 8.989898989899e-01 0.000000000000e+00 9.393939393939e-01
v 8.989898989899e-01 0.000000000000e+00 9.595959595960e-01
v 9.393939393939e-01 0.000000000000e+00 9.797979797980e-01
v 8.989898989899e-01 0.000000000000e+00 9.191919191919e-01
v 9.393939393939e-01 0.000000000000e+00 9.595959595960e-01
v 9.393939393939e-01 0.000000000000e+00 1.000000000000e+00
v 9.191919191919e-01 0.000000000000e+00 9.797979797980e-01
v 9.191919191919e-01 0.000000000000e+00 1.000000000000e+00
v 9.393939393939e-01 0.000000000000e+00 9.191919191919e-01
v 9.191919191919e-01 0.000000000000e+00 8.787878787879e-01
v 1.000000000000e+00 0.000000000000e+00 8.787878787879e-01
v 9.595959595960e-01 0.000000000000e+00 8.989898989899e-01
v 9.797979797980e-01 0.000000000000e+00 8.989898989899e-01
v 1.000000000000e+00 0.000000000000e+00 8.585858585859e-01
v 8.989898989899e-01 0.000000000000e+00 8.787878787879e-01
v 9.393939393939e-01 0.000000000000e+00 8.989898989899e-01
v 9.393939393939e-01 0.000000000000e+00 8.787878787879e-01
v 9.595959595960e-01 0.000000000000e+00 8.787878787879e-01
v 9.797979797980e-01 0.000000000000e+00 8.787878787879e-01
v 1.000000000000e+00 0.000000000000e+00 8.989898989899e-01
v 9.191919191919e-01 0.000000000000e+00 8.989898989899e-01
v 9.595959595960e-01 0.000000000000e+00 8.585858585859e-01
v 8.989898989899e-01 0.000000000000e+00 8.989898989899e-01
v 9.393939393939e-01 0.000000000000e+00 8.585858585859e-01
v 9.797979797980e-01 0.000000000000e+00 8.585858585859e-01
v 8.989898989899e-01 0.000000000000e+00 7.979797979798e-01
v 8.787878787879e-01 0.000000000000e+00 7.979797979798e-01
v 9.191919191919e-01 0.000000000000e+00 7.777777777778e-01
v 8.989898989899e-01 0.000000000000e+00 8.585858585859e-01
v 9.191919191919e-01 0.000000000000e+00 8.585858585859e-01
v 8.787878787879e-01 0.000000000000e+00 8.383838383838e-01
v 8.989898989899e-01 0.000000000000e+00 8.383838383838e-01
v 9.191919191919e-01 0.000000000000e+00 8.383838383838e-01
v 8.787878787879e-01 0.000000000000e+00 8.181818181818e-01
v 8.989898989899e-01 0.000000000000e+00 8.181818181818e-01
v 9.191919191919e-01 0.000000000000e+00 8.181818181818e-01
v 8.989898989899e-01 0.000000000000e+00 7.777777777778e-01
v 8.787878787879e-01 0.000000000000e+00 7.777777777778e-01
v 9.191919191919e-01 0.000000000000e+00 7.979797979798e-01
v 9.595959595960e-01 0.000000000000e+00 8.383838383838e-01
v 9.595959595960e-01 0.000000000000e+00 8.181818181818e-01
v 9.797979797980e-01 0.000000000000e+00 7.777777777778e-01
v 9.595959595960e-01 0.000000000000e+00 7.979797979798e-01
v 1.000000000000e+00 0.000000000000e+00 7.777777777778e-01
v 1.000000000000e+00 0.000000000000e+00 8.181818181818e-01
v 9.797979797980e-01 0.000000000000e+00 8.181818181818e-01
v 9.393939393939e-01 0.000000000000e+00 8.181818181818e-01
v 9.393939393939e-01 0.000000000000e+00 7.979797979798e-01
v 9.393939393939e-01 0.000000000000e+00 8.383838383838e-01
v 1.000000000000e+00 0.000000000000e+00 7.979797979798e-01
v 9.595959595960e-01 0.000000000000e+00 7.777777777778e-01
v 9.797979797980e-01 0.000000000000e+00 7.979797979798e-01
v 9.797979797980e-01 0.000000000000e+00 8.383838383838e-01
v 1.000000000000e+00 0.000000000000e+00 8.383838383838e-01
v 1.000000000000e+00 0.000000000000e+00 5.959595959596e-01
v 9.595959595960e-01 0.000000000000e+00 5.959595959596e-01
v 1.000000000000e+00 0.000000000000e+00 6.161616161616e-01
v 9.797979797980e-01 0.000000000000e+00 6.161616161616e-01
v 9.393939393939e-01 0.000000000000e+00 6.161616161616e-01
v 9.595959595960e-01 0.000000000000e+00 6.161616161616e-01
v 9.393939393939e-01 0.000000000000e+00 5.959595959596e-01
v 9.191919191919e-01 0.000000000000e+00 6.161616161616e-01
v 9.191919191919e-01 0.000000000000e+00 5.959595959596e-01
v 9.191919191919e-01 0.000000000000e+00 5.757575757576e-01
v 9.393939393939e-01 0.000000000000e+00 5.757575757576e-01
v 9.797979797980e-01 0.000000000000e+00 5.757575757576e-01
v 1.000000000000e+00 0.000000000000e+00 5.757575757576e-01
v 9.595959595960e-01 0.000000000000e+00 5.757575757576e-01
v 9.797979797980e-01 0.000000000000e+00 5.959595959596e-01
v 9.595959595960e-01 0.000000000000e+00 5.353535353535e-01
v 9.797979797980e-01 0.000000000000e+00 5.555555555556e-01
v 1.000000000000e+00 0.000000000000e+00 5.555555555556e-01
v 9.797979797980e-01 0.000000000000e+00 5.353535353535e-01
v 9.191919191919e-01 0.000000000000e+00 5.353535353535e-01
v 9.393939393939e-01 0.000000000000e+00 5.555555555556e-01
v 9.393939393939e-01 0.000000000000e+00 5.353535353535e-01
v 9.191919191919e-01 0.000000000000e+00 5.555555555556e-01
v 9.595959595960e-01 0.000000000000e+00 5.555555555556e-01
v 1.000000000000e+00 0.000000000000e+00 5.353535353535e-01
v 9.191919191919e-01 0.000000000000e+00 5.151515151515e-01
v 1.000000000000e+00 0.000000000000e+00 5.151515151515e-01
v 9.797979797980e-01 0.000000000000e+00 5.151515151515e-01
v 9.595959595960e-01 0.000000000000e+00 5.151515151515e-01
v 9.393939393939e-01 0.000000000000e+00 5.151515151515e-01
v 8.989898989899e-01 0.000000000000e+00 5.555555555556e-01
v 8.585858585859e-01 0.000000000000e+00 5.959595959596e-01
v 8.787878787879e-01 0.000000000000e+00 5.757575757576e-01
v 8.585858585859e-01 0.000000000000e+00 5.757575757576e-01
v 8.989898989899e-01 0.000000000000e+00 5.151515151515e-01
v 8.787878787879e-01 0.000000000000e+00 5.151515151515e-01
v 8.787878787879e-01 0.000000000000e+00 5.353535353535e-01
v 8.787878787879e-01 0.000000000000e+00 6.161616161616e-01
v 8.989898989899e-01 0.000000000000e+00 5.757575757576e-01
v 8.787878787879e-01 0.000000000000e+00 5.555555555556e-01
v 8.989898989899e-01 0.000000000000e+00 6.161616161616e-01
v 8.787878787879e-01 0.000000000000e+00 5.959595959596e-01
v 8.989898989899e-01 0.000000000000e+00 5.959595959596e-01
v 8.585858585859e-01 0.000000000000e+00 6.161616161616e-01
v 8.989898989899e-01 0.000000000000e+00 5.353535353535e-01
v 8.383838383838e-01 0.000000000000e+00 5.959595959596e-01
v 8.181818181818e-01 0.000000000000e+00 5.959595959596e-01
v 7.979797979798e-01 0.000000000000e+00 5.757575757576e-01
v 8.383838383838e-01 0.000000000000e+00 5.757575757576e-01
v 7.979797979798e-01 0.000000000000e+00 6.363636363636e-01
v 7.777777777778e-01 0.000000000000e+00 5.959595959596e-01
v 7.777777777778e-01 0.000000000000e+00 6.363636363636e-01
v 8.181818181818e-01 0.000000000000e+00 6.161616161616e-01
v 8.383838383838e-01 0.000000000000e+00 6.161616161616e-01
v 8.181818181818e-01 0.000000000000e+00 6.363636363636e-01
v 7.777777777778e-01 0.000000000000e+00 5.757575757576e-01
v 7.777777777778e-01 0.000000000000e+00 6.161616161616e-01
v 8.181818181818e-01 0.000000000000e+00 5.757575757576e-01
v 7.979797979798e-01 0.000000000000e+00 6.161616161616e-01
v 7.979797979798e-01 0.000000000000e+00 5.959595959596e-01
v 7.979797979798e-01 0.000000000000e+00 5.151515151515e-01
v 7.777777777778e-01 0.000000000000e+00 5.151515151515e-01
v 8.585858585859e-01 0.000000000000e+00 5.151515151515e-01
v 8.383838383838e-01 0.000000000000e+00 5.151515151515e-01
v 8.383838383838e-01 0.000000000000e+00 5.353535353535e-01
v 8.181818181818e-01 0.000000000000e+00 5.555555555556e-01
v 8.181818181818e-01 0.000000000000e+00 5.151515151515e-01
v 7.777777777778e-01 0.000000000000e+00 5.353535353535e-01
v 7.777777777778e-01 0.000000000000e+00 5.555555555556e-01
v 8.585858585859e-01 0.000000000000e+00 5.353535353535e-01
v 7.979797979798e-01 0.000000000000e+00 5.555555555556e-01
v 7.979797979798e-01 0.000000000000e+00 5.353535353535e-01
v 8.181818181818e-01 0.000000000000e+00 5.353535353535e-01
v 8.383838383838e-01 0.000000000000e+00 5.555555555556e-01
v 8.585858585859e-01 0.000000000000e+00 5.555555555556e-01
v 9.393939393939e-01 0.000000000000e+00 7.777777777778e-01
v 9.797979797980e-01 0.000000000000e+00 7.575757575758e-01
v 8.989898989899e-01 0.000000000000e+00 7.171717171717e-01
v 9.191919191919e-01 0.000000000000e+00 7.171717171717e-01
v 9.393939393939e-01 0.000000000000e+00 7.171717171717e-01
v 9.393939393939e-01 0.000000000000e+00 7.373737373737e-01
v 9.191919191919e-01 0.000000000000e+00 7.575757575758e-01
v 9.191919191919e-01 0.000000000000e+00 7.373737373737e-01
v 8.989898989899e-01 0.000000000000e+00 7.373737373737e-01
v 8.989898989899e-01 0.000000000000e+00 7.575757575758e-01
v 9.797979797980e-01 0.000000000000e+00 7.373737373737e-01
v 9.595959595960e-01 0.000000000000e+00 7.373737373737e-01
v 9.595959595960e-01 0.000000000000e+00 7.171717171717e-01
v 9.595959595960e-01 0.000000000000e+00 7.575757575758e-01
v 9.393939393939e-01 0.000000000000e+00 7.575757575758e-01
v 1.000000000000e+00 0.000000000000e+00 7.575757575758e-01
v 9.797979797980e-01 0.000000000000e+00 6.565656565657e-01
v 9.595959595960e-01 0.000000000000e+00 6.565656565657e-01
v 9.797979797980e-01 0.000000000000e+00 7.171717171717e-01
v 9.595959595960e-01 0.000000000000e+00 6.767676767677e-01
v 9.797979797980e-01 0.000000000000e+00 6.767676767677e-01
v 1.000000000000e+00 0.000000000000e+00 7.171717171717e-01
v 1.000000000000e+00 0.000000000000e+00 6.969696969697e-01
v 1.000000000000e+00 0.000000000000e+00 6.767676767677e-01
v 9.797979797980e-01 0.000000000000e+00 6.969696969697e-01
v 1.000000000000e+00 0.000000000000e+00 7.373737373737e-01
v 9.595959595960e-01 0.000000000000e+00 6.969696969697e-01
v 9.595959595960e-01 0.000000000000e+00 6.363636363636e-01
v 9.797979797980e-01 0.000000000000e+00 6.363636363636e-01
v 1.000000000000e+00 0.000000000000e+00 6.565656565657e-01
v 1.000000000000e+00 0.000000000000e+00 6.363636363636e-01
v 8.989898989899e-01 0.000000000000e+00 6.565656565657e-01
v 9.393939393939e-01 0.000000000000e+00 6.565656565657e-01
v 9.393939393939e-01 0.000000000000e+00 6.767676767677e-01
v 9.393939393939e-01 0.000000000000e+00 6.363636363636e-01
v 8.787878787879e-01 0.000000000000e+00 6.767676767677e-01
v 9.191919191919e-01 0.000000000000e+00 6.969696969697e-01
v 8.989898989899e-01 0.000000000000e+00 6.969696969697e-01
v 8.989898989899e-01 0.000000000000e+00 6.767676767677e-01
v 9.393939393939e-01 0.000000000000e+00 6.969696969697e-01
v 9.191919191919e-01 0.000000000000e+00 6.565656565657e-01
v 8.787878787879e-01 0.000000000000e+00 6.565656565657e-01
v 9.191919191919e-01 0.000000000000e+00 6.767676767677e-01
v 8.787878787879e-01 0.000000000000e+00 6.363636363636e-01
v 8.989898989899e-01 0.000000000000e+00 6.363636363636e-01
v 9.191919191919e-01 0.000000000000e+00 6.363636363636e-01
v 8.585858585859e-01 0.000000000000e+00 6.767676767677e-01
v 7.777777777778e-01 0.000000000000e+00 6.565656565657e-01
v 8.383838383838e-01 0.000000000000e+00 6.565656565657e-01
v 8.585858585859e-01 0.000000000000e+00 6.363636363636e-01
v 8.585858585859e-01 0.000000000000e+00 6.565656565657e-01
v 8.383838383838e-01 0.000000000000e+00 6.767676767677e-01
v 8.383838383838e-01 0.000000000000e+00 6.969696969697e-01
v 8.181818181818e-01 0.000000000000e+00 6.767676767677e-01
v 7.979797979798e-01 0.000000000000e+00 6.969696969697e-01
v 8.181818181818e-01 0.000000000000e+00 6.565656565657e-01
v 7.979797979798e-01 0.000000000000e+00 6.565656565657e-01
v 8.383838383838e-01 0.000000000000e+00 6.363636363636e-01
v 8.181818181818e-01 0.000000000000e+00 6.969696969697e-01
v 7.777777777778e-01 0.000000000000e+00 6.767676767677e-01
v 7.979797979798e-01 0.000000000000e+00 6.767676767677e-01
v 8.787878787879e-01 0.000000000000e+00 7.171717171717e-01
v 8.383838383838e-01 0.000000000000e+00 7.575757575758e-01
v 8.585858585859e-01 0.000000000000e+00 7.171717171717e-01
v 8.383838383838e-01 0.000000000000e+00 7.373737373737e-01
v 8.181818181818e-01 0.000000000000e+00 7.373737373737e-01
v 8.585858585859e-01 0.000000000000e+00 7.373737373737e-01
v 8.787878787879e-01 0.000000000000e+00 7.575757575758e-01
v 8.787878787879e-01 0.000000000000e+00 7.373737373737e-01
v 8.585858585859e-01 0.000000000000e+00 7.777777777778e-01
v 8.383838383838e-01 0.000000000000e+00 7.171717171717e-01
v 8.585858585859e-01 0.000000000000e+00 6.969696969697e-01
v 8.383838383838e-01 0.000000000000e+00 7.777777777778e-01
v 8.181818181818e-01 0.000000000000e+00 7.171717171717e-01
v 8.585858585859e-01 0.000000000000e+00 7.575757575758e-01
v 8.787878787879e-01 0.000000000000e+00 6.969696969697e-01
v 7.575757575758e-01 0.000000000000e+00 7.171717171717e-01
v 7.777777777778e-01 0.000000000000e+00 7.171717171717e-01
v 7.777777777778e-01 0.000000000000e+00 7.575757575758e-01
v 7.575757575758e-01 0.000000000000e+00 7.575757575758e-01
v 8.181818181818e-01 0.000000000000e+00 7.777777777778e-01
v 7.575757575758e-01 0.000000000000e+00 7.373737373737e-01
v 7.777777777778e-01 0.000000000000e+00 7.373737373737e-01
v 7.575757575758e-01 0.000000000000e+00 7.777777777778e-01
v 8.181818181818e-01 0.000000000000e+00 7.575757575758e-01
v 7.777777777778e-01 0.000000000000e+00 6.969696969697e-01
v 7.979797979798e-01 0.000000000000e+00 7.777777777778e-01
v 7.777777777778e-01 0.000000000000e+00 7.777777777778e-01
v 7.979797979798e-01 0.000000000000e+00 7.575757575758e-01
v 7.575757575758e-01 0.000000000000e+00 6.969696969697e-01
v 7.979797979798e-01 0.000000000000e+00 7.171717171717e-01
v 7.979797979798e-01 0.000000000000e+00 7.373737373737e-01
f 2333 2328 2327
f 2333 2327 2325
f 2328 2334 2327
f 2334 2329 2327
f 2334 2337 2335
f 2334 2335 2329
f 2337 2336 2335
f 2336 2330 2335
f 2336 2340 2341
f 2336 2341 2330
f 2340 2346 2341
f 2346 2353 2341
f 2346 2350 2344
f 2346 2344 2353
f 2350 2351 2344
f 2351 2354 2344
f 2351 2412 2406
f 2351 2406 2354
f 2412 2411 2406
f 2411 2405 2406
f 2411 2410 2413
f 2411 2413 2405
f 2410 2401 2413
f 2401 2407 2413
f 2401 2483 2491
f 2401 2491 2407
f 2483 2488 2491
f 2488 2481 2491
f 2488 2487 2479
f 2488 2479 2481
f 2487 2486 2479
f 2486 2490 2479
f 2486 2485 2478
f 2486 2478 2490
f 2485 2024 2478
f 2024 2021 2478
f 2024 2018 2015
f 2024 2015 2021
f 2018 2012 2015
f 2012 2014 2015
f 2012 2016 2013
f 2012 2013 2014
f 2016 2027 2013
f 2027 2039 2013
f 2027 2028 2040
f 2027 2040 2039
f 2028 2142 2040
f 2142 2137 2040
f 2142 2139 2136
f 2142 2136 2137
f 2139 2146 2136
f 2146 2133 2136
f 2146 2135 2138
f 2146 2138 2133
f 2135 2156 2138
f 2156 2161 2138
f 2156 2157 2148
f 2156 2148 2161
f 2157 2155 2148
f 2155 2151 2148
f 2155 2149 2147
f 2155 2147 2151
f 2149 2172 2147
f 2172 2162 2147
f 2172 2173 2163
f 2172 2163 2162
f 2173 518 2163
f 518 524 2163
f 518 525 516
f 518 516 524
f 525 519 516
f 519 515 516
f 519 500 504
f 519 504 515
f 500 505 504
f 505 502 504
f 505 507 501
f 505 501 502
f 507 475 501
f 475 471 501
f 475 474 470
f 475 470 471
f 474 480 470
f 480 479 470
f 480 416 422
f 480 422 479
f 416 413 422
f 413 415 422
f 413 417 414
f 413 414 415
f 417 446 414
f 446 449 414
f 446 445 448
f 446 448 449
f 445 451 448
f 451 447 448
f 451 452 438
f 451 438 447
f 452 440 438
f 440 441 438
f 440 4098 4097
f 440 4097 441
f 4098 4099 4097
f 4099 4108 4097
f 4099 4105 4096
f 4099 4096 4108
f 4105 4103 4096
f 4103 4095 4096
f 4103 4091 4088
f 4103 4088 4095
f 4091 4092 4088
f 4092 4084 4088
f 4092 4086 4085
f 4092 4085 4084
f 4086 4061 4085
f 4061 4052 4085
f 4061 4057 4053
f 4061 4053 4052
f 4057 4055 4053
f 4055 4058 4053
f 4055 4060 4059
f 4055 4059 4058
f 4060 4062 4059
f 4062 4065 4059
f 4062 4356 4361
f 4062 4361 4065
f 4356 4350 4361
f 4350 4351 4361
f 4350 4338 4336
f 4350 4336 4351
f 4338 4343 4336
f 4343 4341 4336
f 4343 4337 4342
f 4343 4342 4341
f 4337 4339 4342
f 4339 4346 4342
f 4339 4281 4279
f 4339 4279 4346
f 4281 4288 4279
f 4288 4282 4279
f 4288 4284 4285
f 4288 4285 4282
f 4284 4317 4285
f 4317 4313 4285
f 4317 4310 4314
f 4317 4314 4313
f 4310 4311 4314
f 4311 4315 4314
f 4311 4312 4306
f 4311 4306 4315
f 4312 4915 4306
f 4915 4917 4306
f 4915 4919 4912
f 4915 4912 4917
f 4919 4934 4912
f 4934 4928 4912
f 4934 4930 4926
f 4934 4926 4928
f 4930 4931 4926
f 4931 4929 4926
f 4931 4932 4933
f 4931 4933 4929
f 4932 4925 4933
f 4925 4922 4933
f 4925 4859 4858
f 4925 4858 4922
f 4859 4856 4858
f 4856 4857 4858
f 4856 4846 4855
f 4856 4855 4857
f 4846 4853 4855
f 4853 4851 4855
f 4853 4843 4832
f 4853 4832 4851
f 4843 4831 4832
f 4831 4842 4832
f 4831 4705 4704
f 4831 4704 4842
f 4705 4701 4704
f 4701 4695 4704
f 4701 4706 4709
f 4701 4709 4695
f 4706 4694 4709
f 4694 4689 4709
f 4694 4688 4685
f 4694 4685 4689
f 4688 4687 4685
f 4687 4683 4685
f 4687 4720 4711
f 4687 4711 4683
f 4720 4722 4711
f 4722 4712 4711
f 4722 4716 4713
f 4722 4713 4712
f 4716 4714 4713
f 4714 4715 4713
f 4714 4717 4721
f 4714 4721 4715
f 2325 2327 2326
f 2327 2339 2326
f 2327 2329 2338
f 2327 2338 2339
f 2329 2335 2338
f 2335 2331 2338
f 2335 2330 2332
f 2335 2332 2331
f 2330 2341 2332
f 2341 2342 2332
f 2341 2353 2347
f 2341 2347 2342
f 2353 2344 2347
f 2344 2348 2347
f 2344 2354 2349
f 2344 2349 2348
f 2354 2406 2349
f 2406 2414 2349
f 2406 2405 2408
f 2406 2408 2414
f 2405 2413 2408
f 2413 2409 2408
f 2413 2407 2400
f 2413 2400 2409
f 2407 2491 2400
f 2491 2489 2400
f 2491 2481 2477
f 2491 2477 2489
f 2481 2479 2477
f 2479 2480 2477
f 2479 2490 2482
f 2479 2482 2480
f 2490 2478 2482
f 2478 2484 2482
f 2478 2021 2020
f 2478 2020 2484
f 2021 2015 2020
f 2015 2023 2020
f 2015 2014 2017
f 2015 2017 2023
f 2014 2013 2017
f 2013 2022 2017
f 2013 2039 2037
f 2013 2037 2022
f 2039 2040 2037
f 2040 2030 2037
f 2040 2137 2036
f 2040 2036 2030
f 2137 2136 2036
f 2136 2140 2036
f 2136 2133 2144
f 2136 2144 2140
f 2133 2138 2144
f 2138 2134 2144
f 2138 2161 2158
f 2138 2158 2134
f 2161 2148 2158
f 2148 2159 2158
f 2148 2151 2160
f 2148 2160 2159
f 2151 2147 2160
f 2147 2150 2160
f 2147 2162 2175
f 2147 2175 2150
f 2162 2163 2175
f 2163 2164 2175
f 2163 524 513
f 2163 513 2164
f 524 516 513
f 516 527 513
f 516 515 522
f 516 522 527
f 515 504 522
f 504 511 522
f 504 502 512
f 504 512 511
f 502 501 512
f 501 498 512
f 501 471 469
f 501 469 498
f 471 470 469
f 470 468 469
f 470 479 482
f 470 482 468
f 479 422 482
f 422 418 482
f 422 415 420
f 422 420 418
f 415 414 420
f 414 419 420
f 414 449 442
f 414 442 419
f 449 448 442
f 448 450 442
f 448 447 444
f 448 444 450
f 447 438 444
f 438 443 444
f 438 441 439
f 438 439 443
f 441 4097 439
f 4097 4104 439
f 4097 4108 4101
f 4097 4101 4104
f 4108 4096 4101
f 4096 4109 4101
f 4096 4095 4106
f 4096 4106 4109
f 4095 4088 4106
f 4088 4100 4106
f 4088 4084 4087
f 4088 4087 4100
f 4084 4085 4087
f 4085 4089 4087
f 4085 4052 4054
f 4085 4054 4089
f 4052 4053 4054
f 4053 4064 4054
f 4053 4058 4056
f 4053 4056 4064
f 4058 4059 4056
f 4059 4063 4056
f 4059 4065 4051
f 4059 4051 4063
f 4065 4361 4051
f 4361 4357 4051
f 4361 4351 4362
f 4361 4362 4357
f 4351 4336 4362
f 4336 4335 4362
f 4336 4341 4349
f 4336 4349 4335
f 4341 4342 4349
f 4342 4348 4349
f 4342 4346 4340
f 4342 4340 4348
f 4346 4279 4340
f 4279 4278 4340
f 4279 4282 4280
f 4279 4280 4278
f 4282 4285 4280
f 4285 4287 4280
f 4285 4313 4304
f 4285 4304 4287
f 4313 4314 4304
f 4314 4308 4304
f 4314 4315 4309
f 4314 4309 4308
f 4315 4306 4309
f 4306 4316 4309
f 4306 4917 4913
f 4306 4913 4316
f 4917 4912 4913
f 4912 4914 4913
f 4912 4928 4908
f 4912 4908 4914
f 4928 4926 4908
f 4926 4921 4908
f 4926 4929 4923
f 4926 4923 4921
f 4929 4933 4923
f 4933 4927 4923
f 4933 4922 4924
f 4933 4924 4927
f 4922 4858 4924
f 4858 4848 4924
f 4858 4857 4847
f 4858 4847 4848
f 4857 4855 4847
f 4855 4852 4847
f 4855 4851 4845
f 4855 4845 4852
f 4851 4832 4845
f 4832 4834 4845
f 4832 4842 4835
f 4832 4835 4834
f 4842 4704 4835
f 4704 4707 4835
f 4704 4695 4708
f 4704 4708 4707
f 4695 4709 4708
f 4709 4700 4708
f 4709 4689 4691
f 4709 4691 4700
f 4689 4685 4691
f 4685 4692 4691
f 4685 4683 4686
f 4685 4686 4692
f 4683 4711 4686
f 4711 4724 4686
f 4711 4712 4723
f 4711 4723 4724
f 4712 4713 4723
f 4713 4710 4723
f 4713 4715 4719
f 4713 4719 4710
f 4715 4721 4719
f 4721 4718 4719
f 2326 2339 2391
f 2326 2391 2387
f 2339 2338 2391
f 2338 2386 2391
f 2338 2331 2397
f 2338 2397 2386
f 2331 2332 2397
f 2332 2398 2397
f 2332 2342 2345
f 2332 2345 2398
f 2342 2347 2345
f 2347 2352 2345
f 2347 2348 2343
f 2347 2343 2352
f 2348 2349 2343
f 2349 2435 2343
f 2349 2414 2439
f 2349 2439 2435
f 2414 2408 2439
f 2408 2404 2439
f 2408 2409 2402
f 2408 2402 2404
f 2409 2400 2402
f 2400 2403 2402
f 2400 2489 2461
f 2400 2461 2403
f 2489 2477 2461
f 2477 2473 2461
f 2477 2480 2462
f 2477 2462 2473
f 2480 2482 2462
f 2482 2464 2462
f 2482 2484 2476
f 2482 2476 2464
f 2484 2020 2476
f 2020 2026 2476
f 2020 2023 2019
f 2020 2019 2026
f 2023 2017 2019
f 2017 2025 2019
f 2017 2022 2031
f 2017 2031 2025
f 2022 2037 2031
f 2037 2038 2031
f 2037 2030 2029
f 2037 2029 2038
f 2030 2036 2029
f 2036 2033 2029
f 2036 2140 2145
f 2036 2145 2033
f 2140 2144 2145
f 2144 2143 2145
f 2144 2134 2141
f 2144 2141 2143
f 2134 2158 2141
f 2158 2154 2141
f 2158 2159 2152
f 2158 2152 2154
f 2159 2160 2152
f 2160 2153 2152
f 2160 2150 2165
f 2160 2165 2153
f 2150 2175 2165
f 2175 2176 2165
f 2175 2164 2170
f 2175 2170 2176
f 2164 513 2170
f 513 514 2170
f 513 527 517
f 513 517 514
f 527 522 517
f 522 523 517
f 522 511 508
f 522 508 523
f 511 512 508
f 512 509 508
f 512 498 510
f 512 510 509
f 498 469 510
f 469 481 510
f 469 468 473
f 469 473 481
f 468 482 473
f 482 472 473
f 482 418 408
f 482 408 472
f 418 420 408
f 420 409 408
f 420 419 411
f 420 411 409
f 419 442 411
f 442 435 411
f 442 450 426
f 442 426 435
f 450 444 426
f 444 424 426
f 444 443 427
f 444 427 424
f 443 439 427
f 439 432 427
f 439 4104 4125
f 439 4125 432
f 4104 4101 4125
f 4101 4119 4125
f 4101 4109 4124
f 4101 4124 4119
f 4109 4106 4124
f 4106 4102 4124
f 4106 4100 4107
f 4106 4107 4102
f 4100 4087 4107
f 4087 4090 4107
f 4087 4089 4081
f 4087 4081 4090
f 4089 4054 4081
f 4054 4066 4081
f 4054 4064 4067
f 4054 4067 4066
f 4064 4056 4067
f 4056 4080 4067
f 4056 4063 4076
f 4056 4076 4080
f 4063 4051 4076
f 4051 4070 4076
f 4051 4357 4353
f 4051 4353 4070
f 4357 4362 4353
f 4362 4364 4353
f 4362 4335 4363
f 4362 4363 4364
f 4335 4349 4363
f 4349 4347 4363
f 4349 4348 4345
f 4349 4345 4347
f 4348 4340 4345
f 4340 4344 4345
f 4340 4278 4275
f 4340 4275 4344
f 4278 4280 4275
f 4280 4286 4275
f 4280 4287 4289
f 4280 4289 4286
f 4287 4304 4289
f 4304 4307 4289
f 4304 4308 4305
f 4304 4305 4307
f 4308 4309 4305
f 4309 4318 4305
f 4309 4316 4319
f 4309 4319 4318
f 4316 4913 4319
f 4913 4909 4319
f 4913 4914 4920
f 4913 4920 4909
f 4914 4908 4920
f 4908 4910 4920
f 4908 4921 4945
f 4908 4945 4910
f 4921 4923 4945
f 4923 4948 4945
f 4923 4927 4944
f 4923 4944 4948
f 4927 4924 4944
f 4924 4942 4944
f 4924 4848 4849
f 4924 4849 4942
f 4848 4847 4849
f 4847 4850 4849
f 4847 4852 4854
f 4847 4854 4850
f 4852 4845 4854
f 4845 4838 4854
f 4845 4834 4839
f 4845 4839 4838
f 4834 4835 4839
f 4835 4841 4839
f 4835 4707 4702
f 4835 4702 4841
f 4707 4708 4702
f 4708 4698 4702
f 4708 4700 4697
f 4708 4697 4698
f 4700 4691 4697
f 4691 4690 4697
f 4691 4692 4682
f 4691 4682 4690
f 4692 4686 4682
f 4686 4684 4682
f 4686 4724 4753
f 4686 4753 4684
f 4724 4723 4753
f 4723 4751 4753
f 4723 4710 4748
f 4723 4748 4751
f 4710 4719 4748
f 4719 4730 4748
f 4719 4718 4732
f 4719 4732 4730
f 2387 2391 2388
f 2391 2389 2388
f 2391 2386 2390
f 2391 2390 2389
f 2386 2397 2390
f 2397 2399 2390
f 2397 2398 2385
f 2397 2385 2399
f 2398 2345 2385
f 2345 2356 2385
f 2345 2352 2366
f 2345 2366 2356
f 2352 2343 2366
f 2343 2367 2366
f 2343 2435 2434
f 2343 2434 2367
f 2435 2439 2434
f 2439 2437 2434
f 2439 2404 2438
f 2439 2438 2437
f 2404 2402 2438
f 2402 2436 2438
f 2402 2403 2467
f 2402 2467 2436
f 2403 2461 2467
f 2461 2472 2467
f 2461 2473 2469
f 2461 2469 2472
f 2473 2462 2469
f 2462 2474 2469
f 2462 2464 2466
f 2462 2466 2474
f 2464 2476 2466
f 2476 2475 2466
f 2476 2026 2075
f 2476 2075 2475
f 2026 2019 2075
f 2019 2072 2075
f 2019 2025 2082
f 2019 2082 2072
f 2025 2031 2082
f 2031 2034 2082
f 2031 2038 2032
f 2031 2032 2034
f 2038 2029 2032
f 2029 2041 2032
f 2029 2033 2035
f 2029 2035 2041
f 2033 2145 2035
f 2145 2106 2035
f 2145 2143 2107
f 2145 2107 2106
f 2143 2141 2107
f 2141 2113 2107
f 2141 2154 2109
f 2141 2109 2113
f 2154 2152 2109
f 2152 2114 2109
f 2152 2153 2169
f 2152 2169 2114
f 2153 2165 2169
f 2165 2166 2169
f 2165 2176 2167
f 2165 2167 2166
f 2176 2170 2167
f 2170 2174 2167
f 2170 514 520
f 2170 520 2174
f 514 517 520
f 517 521 520
f 517 523 526
f 517 526 521
f 523 508 526
f 508 503 526
f 508 509 506
f 508 506 503
f 509 510 506
f 510 499 506
f 510 481 478
f 510 478 499
f 481 473 478
f 473 477 478
f 473 472 476
f 473 476 477
f 472 408 476
f 408 421 476
f 408 409 412
f 408 412 421
f 409 411 412
f 411 410 412
f 411 435 429
f 411 429 410
f 435 426 429
f 426 433 429
f 426 424 430
f 426 430 433
f 424 427 430
f 427 428 430
f 427 432 423
f 427 423 428
f 432 4125 423
f 4125 4122 423
f 4125 4119 4121
f 4125 4121 4122
f 4119 4124 4121
f 4124 4112 4121
f 4124 4102 4113
f 4124 4113 4112
f 4102 4107 4113
f 4107 4110 4113
f 4107 4090 4093
f 4107 4093 4110
f 4090 4081 4093
f 4081 4082 4093
f 4081 4066 4072
f 4081 4072 4082
f 4066 4067 4072
f 4067 4073 4072
f 4067 4080 4075
f 4067 4075 4073
f 4080 4076 4075
f 4076 4077 4075
f 4076 4070 4071
f 4076 4071 4077
f 4070 4353 4071
f 4353 4360 4071
f 4353 4364 4355
f 4353 4355 4360
f 4364 4363 4355
f 4363 4332 4355
f 4363 4347 4328
f 4363 4328 4332
f 4347 4345 4328
f 4345 4327 4328
f 4345 4344 4324
f 4345 4324 4327
f 4344 4275 4324
f 4275 4331 4324
f 4275 4286 4276
f 4275 4276 4331
f 4286 4289 4276
f 4289 4283 4276
f 4289 4307 4296
f 4289 4296 4283
f 4307 4305 4296
f 4305 4294 4296
f 4305 4318 4293
f 4305 4293 4294
f 4318 4319 4293
f 4319 4298 4293
f 4319 4909 4918
f 4319 4918 4298
f 4909 4920 4918
f 4920 4916 4918
f 4920 4910 4905
f 4920 4905 4916
f 4910 4945 4905
f 4945 4943 4905
f 4945 4948 4946
f 4945 4946 4943
f 4948 4944 4946
f 4944 4947 4946
f 4944 4942 4941
f 4944 4941 4947
f 4942 4849 4941
f 4849 4861 4941
f 4849 4850 4875
f 4849 4875 4861
f 4850 4854 4875
f 4854 4863 4875
f 4854 4838 4837
f 4854 4837 4863
f 4838 4839 4837
f 4839 4844 4837
f 4839 4841 4833
f 4839 4833 4844
f 4841 4702 4833
f 4702 4703 4833
f 4702 4698 4699
f 4702 4699 4703
f 4698 4697 4699
f 4697 4696 4699
f 4697 4690 4693
f 4697 4693 4696
f 4690 4682 4693
f 4682 4681 4693
f 4682 4684 4742
f 4682 4742 4681
f 4684 4753 4742
f 4753 4750 4742
f 4753 4751 4745
f 4753 4745 4750
f 4751 4748 4745
f 4748 4749 4745
f 4748 4730 4734
f 4748 4734 4749
f 4730 4732 4734
f 4732 4733 4734
f 2388 2389 2395
f 2388 2395 2396
f 2389 2390 2395
f 2390 2394 2395
f 2390 2399 2393
f 2390 2393 2394
f 2399 2385 2393
f 2385 2392 2393
f 2385 2356 2355
f 2385 2355 2392
f 2356 2366 2355
f 2366 2358 2355
f 2366 2367 2359
f 2366 2359 2358
f 2367 2434 2359
f 2434 2443 2359
f 2434 2437 2445
f 2434 2445 2443
f 2437 2438 2445
f 2438 2430 2445
f 2438 2436 2431
f 2438 2431 2430
f 2436 2467 2431
f 2467 2432 2431
f 2467 2472 2465
f 2467 2465 2432
f 2472 2469 2465
f 2469 2470 2465
f 2469 2474 2463
f 2469 2463 2470
f 2474 2466 2463
f 2466 2468 2463
f 2466 2475 2471
f 2466 2471 2468
f 2475 2075 2471
f 2075 2084 2471
f 2075 2072 2083
f 2075 2083 2084
f 2072 2082 2083
f 2082 2077 2083
f 2082 2034 2086
f 2082 2086 2077
f 2034 2032 2086
f 2032 2056 2086
f 2032 2041 2048
f 2032 2048 2056
f 2041 2035 2048
f 2035 2053 2048
f 2035 2106 2105
f 2035 2105 2053
f 2106 2107 2105
f 2107 2104 2105
f 2107 2113 2110
f 2107 2110 2104
f 2113 2109 2110
f 2109 2117 2110
f 2109 2114 2116
f 2109 2116 2117
f 2114 2169 2116
f 2169 2115 2116
f 2169 2166 2168
f 2169 2168 2115
f 2166 2167 2168
f 2167 2171 2168
f 2167 2174 2177
f 2167 2177 2171
f 2174 520 2177
f 520 494 2177
f 520 521 495
f 520 495 494
f 521 526 495
f 526 497 495
f 526 503 496
f 526 496 497
f 503 506 496
f 506 492 496
f 506 499 459
f 506 459 492
f 499 478 459
f 478 466 459
f 478 477 461
f 478 461 466
f 477 476 461
f 476 463 461
f 476 421 389
f 476 389 463
f 421 412 389
f 412 383 389
f 412 410 379
f 412 379 383
f 410 429 379
f 429 425 379
f 429 433 431
f 429 431 425
f 433 430 431
f 430 434 431
f 430 428 436
f 430 436 434
f 428 423 436
f 423 437 436
f 423 4122 4115
f 423 4115 437
f 4122 4121 4115
f 4121 4116 4115
f 4121 4112 4117
f 4121 4117 4116
f 4112 4113 4117
f 4113 4111 4117
f 4113 4110 4118
f 4113 4118 4111
f 4110 4093 4118
f 4093 4083 4118
f 4093 4082 4094
f 4093 4094 4083
f 4082 4072 4094
f 4072 4069 4094
f 4072 4073 4078
f 4072 4078 4069
f 4073 4075 4078
f 4075 4068 4078
f 4075 4077 4079
f 4075 4079 4068
f 4077 4071 4079
f 4071 4074 4079
f 4071 4360 4359
f 4071 4359 4074
f 4360 4355 4359
f 4355 4354 4359
f 4355 4332 4321
f 4355 4321 4354
f 4332 4328 4321
f 4328 4330 4321
f 4328 4327 4334
f 4328 4334 4330
f 4327 4324 4334
f 4324 4329 4334
f 4324 4331 4320
f 4324 4320 4329
f 4331 4276 4320
f 4276 4277 4320
f 4276 4283 4299
f 4276 4299 4277
f 4283 4296 4299
f 4296 4302 4299
f 4296 4294 4301
f 4296 4301 4302
f 4294 4293 4301
f 4293 4303 4301
f 4293 4298 4300
f 4293 4300 4303
f 4298 4918 4300
f 4918 4911 4300
f 4918 4916 4906
f 4918 4906 4911
f 4916 4905 4906
f 4905 4907 4906
f 4905 4943 4935
f 4905 4935 4907
f 4943 4946 4935
f 4946 4936 4935
f 4946 4947 4949
f 4946 4949 4936
f 4947 4941 4949
f 4941 4939 4949
f 4941 4861 4867
f 4941 4867 4939
f 4861 4875 4867
f 4875 4860 4867
f 4875 4863 4874
f 4875 4874 4860
f 4863 4837 4874
f 4837 4862 4874
f 4837 4844 4836
f 4837 4836 4862
f 4844 4833 4836
f 4833 4830 4836
f 4833 4703 4789
f 4833 4789 4830
f 4703 4699 4789
f 4699 4792 4789
f 4699 4696 4791
f 4699 4791 4792
f 4696 4693 4791
f 4693 4793 4791
f 4693 4681 4752
f 4693 4752 4793
f 4681 4742 4752
f 4742 4747 4752
f 4742 4750 4744
f 4742 4744 4747
f 4750 4745 4744
f 4745 4754 4744
f 4745 4749 4729
f 4745 4729 4754
f 4749 4734 4729
f 4734 4728 4729
f 4734 4733 4727
f 4734 4727 4728
f 2396 2395 2379
f 2395 2380 2379
f 2395 2394 2381
f 2395 2381 2380
f 2394 2393 2381
f 2393 2382 2381
f 2393 2392 2383
f 2393 2383 2382
f 2392 2355 2383
f 2355 2369 2383
f 2355 2358 2361
f 2355 2361 2369
f 2358 2359 2361
f 2359 2360 2361
f 2359 2443 2444
f 2359 2444 2360
f 2443 2445 2444
f 2445 2442 2444
f 2445 2430 2441
f 2445 2441 2442
f 2430 2431 2441
f 2431 2440 2441
f 2431 2432 2433
f 2431 2433 2440
f 2432 2465 2433
f 2465 2450 2433
f 2465 2470 2451
f 2465 2451 2450
f 2470 2463 2451
f 2463 2447 2451
f 2463 2468 2449
f 2463 2449 2447
f 2468 2471 2449
f 2471 2453 2449
f 2471 2084 2073
f 2471 2073 2453
f 2084 2083 2073
f 2083 2078 2073
f 2083 2077 2081
f 2083 2081 2078
f 2077 2086 2081
f 2086 2076 2081
f 2086 2056 2044
f 2086 2044 2076
f 2056 2048 2044
f 2048 2052 2044
f 2048 2053 2047
f 2048 2047 2052
f 2053 2105 2047
f 2105 2131 2047
f 2105 2104 2127
f 2105 2127 2131
f 2104 2110 2127
f 2110 2118 2127
f 2110 2117 2112
f 2110 2112 2118
f 2117 2116 2112
f 2116 2108 2112
f 2116 2115 2111
f 2116 2111 2108
f 2115 2168 2111
f 2168 2090 2111
f 2168 2171 2101
f 2168 2101 2090
f 2171 2177 2101
f 2177 2099 2101
f 2177 494 485
f 2177 485 2099
f 494 495 485
f 495 493 485
f 495 497 483
f 495 483 493
f 497 496 483
f 496 488 483
f 496 492 491
f 496 491 488
f 492 459 491
f 459 460 491
f 459 466 454
f 459 454 460
f 466 461 454
f 461 462 454
f 461 463 456
f 461 456 462
f 463 389 456
f 389 380 456
f 389 383 382
f 389 382 380
f 383 379 382
f 379 390 382
f 379 425 378
f 379 378 390
f 425 431 378
f 431 397 378
f 431 434 394
f 431 394 397
f 434 436 394
f 436 395 394
f 436 437 404
f 436 404 395
f 437 4115 404
f 4115 4120 404
f 4115 4116 4123
f 4115 4123 4120
f 4116 4117 4123
f 4117 4114 4123
f 4117 4111 4136
f 4117 4136 4114
f 4111 4118 4136
f 4118 4135 4136
f 4118 4083 4130
f 4118 4130 4135
f 4083 4094 4130
f 4094 4138 4130
f 4094 4069 4190
f 4094 4190 4138
f 4069 4078 4190
f 4078 4197 4190
f 4078 4068 4186
f 4078 4186 4197
f 4068 4079 4186
f 4079 4187 4186
f 4079 4074 4188
f 4079 4188 4187
f 4074 4359 4188
f 4359 4358 4188
f 4359 4354 4352
f 4359 4352 4358
f 4354 4321 4352
f 4321 4333 4352
f 4321 4330 4322
f 4321 4322 4333
f 4330 4334 4322
f 4334 4323 4322
f 4334 4329 4326
f 4334 4326 4323
f 4329 4320 4326
f 4320 4325 4326
f 4320 4277 4244
f 4320 4244 4325
f 4277 4299 4244
f 4299 4295 4244
f 4299 4302 4290
f 4299 4290 4295
f 4302 4301 4290
f 4301 4291 4290
f 4301 4303 4292
f 4301 4292 4291
f 4303 4300 4292
f 4300 4297 4292
f 4300 4911 4990
f 4300 4990 4297
f 4911 4906 4990
f 4906 4992 4990
f 4906 4907 4982
f 4906 4982 4992
f 4907 4935 4982
f 4935 4989 4982
f 4935 4936 4938
f 4935 4938 4989
f 4936 4949 4938
f 4949 4940 4938
f 4949 4939 4937
f 4949 4937 4940
f 4939 4867 4937
f 4867 4872 4937
f 4867 4860 4866
f 4867 4866 4872
f 4860 4874 4866
f 4874 4871 4866
f 4874 4862 4870
f 4874 4870 4871
f 4862 4836 4870
f 4836 4840 4870
f 4836 4830 4786
f 4836 4786 4840
f 4830 4789 4786
f 4789 4794 4786
f 4789 4792 4790
f 4789 4790 4794
f 4792 4791 4790
f 4791 4788 4790
f 4791 4793 4799
f 4791 4799 4788
f 4793 4752 4799
f 4752 4743 4799
f 4752 4747 4740
f 4752 4740 4743
f 4747 4744 4740
f 4744 4741 4740
f 4744 4754 4746
f 4744 4746 4741
f 4754 4729 4746
f 4729 4726 4746
f 4729 4728 4725
f 4729 4725 4726
f 4728 4727 4725
f 4727 4731 4725
f 2379 2380 2376
f 2379 2376 2384
f 2380 2381 2376
f 2381 2377 2376
f 2381 2382 2378
f 2381 2378 2377
f 2382 2383 2378
f 2383 2372 2378
f 2383 2369 2364
f 2383 2364 2372
f 2369 2361 2364
f 2361 2363 2364
f 2361 2360 2357
f 2361 2357 2363
f 2360 2444 2357
f 2444 2427 2357
f 2444 2442 2428
f 2444 2428 2427
f 2442 2441 2428
f 2441 2424 2428
f 2441 2440 2426
f 2441 2426 2424
f 2440 2433 2426
f 2433 2418 2426
f 2433 2450 2448
f 2433 2448 2418
f 2450 2451 2448
f 2451 2446 2448
f 2451 2447 2452
f 2451 2452 2446
f 2447 2449 2452
f 2449 2456 2452
f 2449 2453 2459
f 2449 2459 2456
f 2453 2073 2459
f 2073 2080 2459
f 2073 2078 2085
f 2073 2085 2080
f 2078 2081 2085
f 2081 2074 2085
f 2081 2076 2079
f 2081 2079 2074
f 2076 2044 2079
f 2044 2051 2079
f 2044 2052 2049
f 2044 2049 2051
f 2052 2047 2049
f 2047 2042 2049
f 2047 2131 2119
f 2047 2119 2042
f 2131 2127 2119
f 2127 2124 2119
f 2127 2118 2122
f 2127 2122 2124
f 2118 2112 2122
f 2112 2126 2122
f 2112 2108 2102
f 2112 2102 2126
f 2108 2111 2102
f 2111 2103 2102
f 2111 2090 2093
f 2111 2093 2103
f 2090 2101 2093
f 2101 2092 2093
f 2101 2099 2091
f 2101 2091 2092
f 2099 485 2091
f 485 490 2091
f 485 493 487
f 485 487 490
f 493 483 487
f 483 486 487
f 483 488 484
f 483 484 486
f 488 491 484
f 491 489 484
f 491 460 465
f 491 465 489
f 460 454 465
f 454 464 465
f 454 462 455
f 454 455 464
f 462 456 455
f 456 453 455
f 456 380 381
f 456 381 453
f 380 382 381
f 382 388 381
f 382 390 387
f 382 387 388
f 390 378 387
f 378 384 387
f 378 397 396
f 378 396 384
f 397 394 396
f 394 403 396
f 394 395 407
f 394 407 403
f 395 404 407
f 404 393 407
f 404 4120 4145
f 404 4145 393
f 4120 4123 4145
f 4123 4146 4145
f 4123 4114 4133
f 4123 4133 4146
f 4114 4136 4133
f 4136 4129 4133
f 4136 4135 4128
f 4136 4128 4129
f 4135 4130 4128
f 4130 4127 4128
f 4130 4138 4140
f 4130 4140 4127
f 4138 4190 4140
f 4190 4193 4140
f 4190 4197 4192
f 4190 4192 4193
f 4197 4186 4192
f 4186 4194 4192
f 4186 4187 4199
f 4186 4199 4194
f 4187 4188 4199
f 4188 4198 4199
f 4188 4358 4200
f 4188 4200 4198
f 4358 4352 4200
f 4352 4206 4200
f 4352 4333 4208
f 4352 4208 4206
f 4333 4322 4208
f 4322 4207 4208
f 4322 4323 4202
f 4322 4202 4207
f 4323 4326 4202
f 4326 4209 4202
f 4326 4325 4254
f 4326 4254 4209
f 4325 4244 4254
f 4244 4255 4254
f 4244 4295 4256
f 4244 4256 4255
f 4295 4290 4256
f 4290 4251 4256
f 4290 4291 4249
f 4290 4249 4251
f 4291 4292 4249
f 4292 4245 4249
f 4292 4297 4981
f 4292 4981 4245
f 4297 4990 4981
f 4990 4984 4981
f 4990 4992 4988
f 4990 4988 4984
f 4992 4982 4988
f 4982 4991 4988
f 4982 4989 4993
f 4982 4993 4991
f 4989 4938 4993
f 4938 4954 4993
f 4938 4940 4964
f 4938 4964 4954
f 4940 4937 4964
f 4937 4953 4964
f 4937 4872 4868
f 4937 4868 4953
f 4872 4866 4868
f 4866 4869 4868
f 4866 4871 4873
f 4866 4873 4869
f 4871 4870 4873
f 4870 4893 4873
f 4870 4840 4901
f 4870 4901 4893
f 4840 4786 4901
f 4786 4787 4901
f 4786 4794 4797
f 4786 4797 4787
f 4794 4790 4797
f 4790 4800 4797
f 4790 4788 4798
f 4790 4798 4800
f 4788 4799 4798
f 4799 4808 4798
f 4799 4743 4814
f 4799 4814 4808
f 4743 4740 4814
f 4740 4759 4814
f 4740 4741 4756
f 4740 4756 4759
f 4741 4746 4756
f 4746 4766 4756
f 4746 4726 4737
f 4746 4737 4766
f 4726 4725 4737
f 4725 4738 4737
f 4725 4731 4739
f 4725 4739 4738
f 2384 2376 2375
f 2376 2373 2375
f 2376 2377 2370
f 2376 2370 2373
f 2377 2378 2370
f 2378 2371 2370
f 2378 2372 2374
f 2378 2374 2371
f 2372 2364 2374
f 2364 2365 2374
f 2364 2363 2362
f 2364 2362 2365
f 2363 2357 2362
f 2357 2368 2362
f 2357 2427 2422
f 2357 2422 2368
f 2427 2428 2422
f 2428 2420 2422
f 2428 2424 2421
f 2428 2421 2420
f 2424 2426 2421
f 2426 2416 2421
f 2426 2418 2419
f 2426 2419 2416
f 2418 2448 2419
f 2448 2458 2419
f 2448 2446 2457
f 2448 2457 2458
f 2446 2452 2457
f 2452 2460 2457
f 2452 2456 2455
f 2452 2455 2460
f 2456 2459 2455
f 2459 2454 2455
f 2459 2080 2057
f 2459 2057 2454
f 2080 2085 2057
f 2085 2064 2057
f 2085 2074 2060
f 2085 2060 2064
f 2074 2079 2060
f 2079 2061 2060
f 2079 2051 2054
f 2079 2054 2061
f 2051 2049 2054
f 2049 2050 2054
f 2049 2042 2046
f 2049 2046 2050
f 2042 2119 2046
f 2119 2125 2046
f 2119 2124 2128
f 2119 2128 2125
f 2124 2122 2128
f 2122 2121 2128
f 2122 2126 2120
f 2122 2120 2121
f 2126 2102 2120
f 2102 2096 2120
f 2102 2103 2097
f 2102 2097 2096
f 2103 2093 2097
f 2093 2098 2097
f 2093 2092 2100
f 2093 2100 2098
f 2092 2091 2100
f 2091 2094 2100
f 2091 490 539
f 2091 539 2094
f 490 487 539
f 487 537 539
f 487 486 555
f 487 555 537
f 486 484 555
f 484 554 555
f 484 489 550
f 484 550 554
f 489 465 550
f 465 553 550
f 465 464 458
f 465 458 553
f 464 455 458
f 455 457 458
f 455 453 467
f 455 467 457
f 453 381 467
f 381 391 467
f 381 388 386
f 381 386 391
f 388 387 386
f 387 385 386
f 387 384 392
f 387 392 385
f 384 396 392
f 396 402 392
f 396 403 401
f 396 401 402
f 403 407 401
f 407 400 401
f 407 393 406
f 407 406 400
f 393 4145 406
f 4145 4148 406
f 4145 4146 4149
f 4145 4149 4148
f 4146 4133 4149
f 4133 4153 4149
f 4133 4129 4139
f 4133 4139 4153
f 4129 4128 4139
f 4128 4134 4139
f 4128 4127 4131
f 4128 4131 4134
f 4127 4140 4131
f 4140 4137 4131
f 4140 4193 4196
f 4140 4196 4137
f 4193 4192 4196
f 4192 4191 4196
f 4192 4194 4189
f 4192 4189 4191
f 4194 4199 4189
f 4199 4195 4189
f 4199 4198 4185
f 4199 4185 4195
f 4198 4200 4185
f 4200 4210 4185
f 4200 4206 4212
f 4200 4212 4210
f 4206 4208 4212
f 4208 4201 4212
f 4208 4207 4214
f 4208 4214 4201
f 4207 4202 4214
f 4202 4213 4214
f 4202 4209 4234
f 4202 4234 4213
f 4209 4254 4234
f 4254 4235 4234
f 4254 4255 4257
f 4254 4257 4235
f 4255 4256 4257
f 4256 4258 4257
f 4256 4251 4247
f 4256 4247 4258
f 4251 4249 4247
f 4249 4248 4247
f 4249 4245 4246
f 4249 4246 4248
f 4245 4981 4246
f 4981 4987 4246
f 4981 4984 4985
f 4981 4985 4987
f 4984 4988 4985
f 4988 4994 4985
f 4988 4991 4986
f 4988 4986 4994
f 4991 4993 4986
f 4993 4983 4986
f 4993 4954 4955
f 4993 4955 4983
f 4954 4964 4955
f 4964 4956 4955
f 4964 4953 4952
f 4964 4952 4956
f 4953 4868 4952
f 4868 4865 4952
f 4868 4869 4864
f 4868 4864 4865
f 4869 4873 4864
f 4873 4902 4864
f 4873 4893 4903
f 4873 4903 4902
f 4893 4901 4903
f 4901 4904 4903
f 4901 4787 4895
f 4901 4895 4904
f 4787 4797 4895
f 4797 4795 4895
f 4797 4800 4796
f 4797 4796 4795
f 4800 4798 4796
f 4798 4804 4796
f 4798 4808 4801
f 4798 4801 4804
f 4808 4814 4801
f 4814 4802 4801
f 4814 4759 4763
f 4814 4763 4802
f 4759 4756 4763
f 4756 4758 4763
f 4756 4766 4765
f 4756 4765 4758
f 4766 4737 4765
f 4737 4755 4765
f 4737 4738 4735
f 4737 4735 4755
f 4738 4739 4735
f 4739 4736 4735
f 2375 2373 2180
f 2375 2180 2179
f 2373 2370 2180
f 2370 2189 2180
f 2370 2371 2201
f 2370 2201 2189
f 2371 2374 2201
f 2374 2198 2201
f 2374 2365 2192
f 2374 2192 2198
f 2365 2362 2192
f 2362 2194 2192
f 2362 2368 2205
f 2362 2205 2194
f 2368 2422 2205
f 2422 2423 2205
f 2422 2420 2425
f 2422 2425 2423
f 2420 2421 2425
f 2421 2429 2425
f 2421 2416 2415
f 2421 2415 2429
f 2416 2419 2415
f 2419 2417 2415
f 2419 2458 2322
f 2419 2322 2417
f 2458 2457 2322
f 2457 2323 2322
f 2457 2460 2321
f 2457 2321 2323
f 2460 2455 2321
f 2455 2320 2321
f 2455 2454 2070
f 2455 2070 2320
f 2454 2057 2070
f 2057 2068 2070
f 2057 2064 2062
f 2057 2062 2068
f 2064 2060 2062
f 2060 2065 2062
f 2060 2061 2066
f 2060 2066 2065
f 2061 2054 2066
f 2054 2055 2066
f 2054 2050 2045
f 2054 2045 2055
f 2050 2046 2045
f 2046 2043 2045
f 2046 2125 2130
f 2046 2130 2043
f 2125 2128 2130
f 2128 2132 2130
f 2128 2121 2123
f 2128 2123 2132
f 2121 2120 2123
f 2120 2129 2123
f 2120 2096 2089
f 2120 2089 2129
f 2096 2097 2089
f 2097 2088 2089
f 2097 2098 2087
f 2097 2087 2088
f 2098 2100 2087
f 2100 2095 2087
f 2100 2094 535
f 2100 535 2095
f 2094 539 535
f 539 540 535
f 539 537 528
f 539 528 540
f 537 555 528
f 555 548 528
f 555 554 549
f 555 549 548
f 554 550 549
f 550 543 549
f 550 553 551
f 550 551 543
f 553 458 551
f 458 565 551
f 458 457 558
f 458 558 565
f 457 467 558
f 467 566 558
f 467 391 336
f 467 336 566
f 391 386 336
f 386 345 336
f 386 385 341
f 386 341 345
f 385 392 341
f 392 340 341
f 392 402 342
f 392 342 340
f 402 401 342
f 401 399 342
f 401 400 398
f 401 398 399
f 400 406 398
f 406 405 398
f 406 4148 4142
f 406 4142 405
f 4148 4149 4142
f 4149 4155 4142
f 4149 4153 4154
f 4149 4154 4155
f 4153 4139 4154
f 4139 4132 4154
f 4139 4134 4126
f 4139 4126 4132
f 4134 4131 4126
f 4131 4159 4126
f 4131 4137 4156
f 4131 4156 4159
f 4137 4196 4156
f 4196 4157 4156
f 4196 4191 4174
f 4196 4174 4157
f 4191 4189 4174
f 4189 4171 4174
f 4189 4195 4184
f 4189 4184 4171
f 4195 4185 4184
f 4185 4176 4184
f 4185 4210 4204
f 4185 4204 4176
f 4210 4212 4204
f 4212 4203 4204
f 4212 4201 4205
f 4212 4205 4203
f 4201 4214 4205
f 4214 4211 4205
f 4214 4213 4232
f 4214 4232 4211
f 4213 4234 4232
f 4234 4233 4232
f 4234 4235 4238
f 4234 4238 4233
f 4235 4257 4238
f 4257 4252 4238
f 4257 4258 4253
f 4257 4253 4252
f 4258 4247 4253
f 4247 4250 4253
f 4247 4248 4266
f 4247 4266 4250
f 4248 4246 4266
f 4246 4269 4266
f 4246 4987 4975
f 4246 4975 4269
f 4987 4985 4975
f 4985 4976 4975
f 4985 4994 4978
f 4985 4978 4976
f 4994 4986 4978
f 4986 4977 4978
f 4986 4983 4963
f 4986 4963 4977
f 4983 4955 4963
f 4955 4960 4963
f 4955 4956 4962
f 4955 4962 4960
f 4956 4952 4962
f 4952 4889 4962
f 4952 4865 4885
f 4952 4885 4889
f 4865 4864 4885
f 4864 4888 4885
f 4864 4902 4899
f 4864 4899 4888
f 4902 4903 4899
f 4903 4898 4899
f 4903 4904 4891
f 4903 4891 4898
f 4904 4895 4891
f 4895 4818 4891
f 4895 4795 4826
f 4895 4826 4818
f 4795 4796 4826
f 4796 4828 4826
f 4796 4804 4807
f 4796 4807 4828
f 4804 4801 4807
f 4801 4805 4807
f 4801 4802 4803
f 4801 4803 4805
f 4802 4763 4803
f 4763 4768 4803
f 4763 4758 4769
f 4763 4769 4768
f 4758 4765 4769
f 4765 4760 4769
f 4765 4755 4761
f 4765 4761 4760
f 4755 4735 4761
f 4735 4780 4761
f 4735 4736 4784
f 4735 4784 4780
f 2179 2180 2183
f 2180 2184 2183
f 2180 2189 2178
f 2180 2178 2184
f 2189 2201 2178
f 2201 2199 2178
f 2201 2198 2196
f 2201 2196 2199
f 2198 2192 2196
f 2192 2203 2196
f 2192 2194 2195
f 2192 2195 2203
f 2194 2205 2195
f 2205 2193 2195
f 2205 2423 2283
f 2205 2283 2193
f 2423 2425 2283
f 2425 2292 2283
f 2425 2429 2301
f 2425 2301 2292
f 2429 2415 2301
f 2415 2296 2301
f 2415 2417 2297
f 2415 2297 2296
f 2417 2322 2297
f 2322 2315 2297
f 2322 2323 2316
f 2322 2316 2315
f 2323 2321 2316
f 2321 2314 2316
f 2321 2320 2318
f 2321 2318 2314
f 2320 2070 2318
f 2070 2071 2318
f 2070 2068 2067
f 2070 2067 2071
f 2068 2062 2067
f 2062 2063 2067
f 2062 2065 2069
f 2062 2069 2063
f 2065 2066 2069
f 2066 2058 2069
f 2066 2055 2059
f 2066 2059 2058
f 2055 2045 2059
f 2045 1870 2059
f 2045 2043 1869
f 2045 1869 1870
f 2043 2130 1869
f 2130 1871 1869
f 2130 2132 1865
f 2130 1865 1871
f 2132 2123 1865
f 2123 1877 1865
f 2123 2129 1873
f 2123 1873 1877
f 2129 2089 1873
f 2089 1934 1873
f 2089 2088 1928
f 2089 1928 1934
f 2088 2087 1928
f 2087 1931 1928
f 2087 2095 1925
f 2087 1925 1931
f 2095 535 1925
f 535 529 1925
f 535 540 541
f 535 541 529
f 540 528 541
f 528 538 541
f 528 548 546
f 528 546 538
f 548 549 546
f 549 556 546
f 549 543 552
f 549 552 556
f 543 551 552
f 551 561 552
f 551 565 560
f 551 560 561
f 565 558 560
f 558 567 560
f 558 566 568
f 558 568 567
f 566 336 568
f 336 346 568
f 336 345 334
f 336 334 346
f 345 341 334
f 341 337 334
f 341 340 344
f 341 344 337
f 340 342 344
f 342 339 344
f 342 399 306
f 342 306 339
f 399 398 306
f 398 304 306
f 398 405 305
f 398 305 304
f 405 4142 305
f 4142 4152 305
f 4142 4155 4151
f 4142 4151 4152
f 4155 4154 4151
f 4154 4150 4151
f 4154 4132 4141
f 4154 4141 4150
f 4132 4126 4141
f 4126 4160 4141
f 4126 4159 4168
f 4126 4168 4160
f 4159 4156 4168
f 4156 4170 4168
f 4156 4157 4167
f 4156 4167 4170
f 4157 4174 4167
f 4174 4178 4167
f 4174 4171 4180
f 4174 4180 4178
f 4171 4184 4180
f 4184 4179 4180
f 4184 4176 4177
f 4184 4177 4179
f 4176 4204 4177
f 4204 4215 4177
f 4204 4203 4216
f 4204 4216 4215
f 4203 4205 4216
f 4205 4223 4216
f 4205 4211 4224
f 4205 4224 4223
f 4211 4232 4224
f 4232 4236 4224
f 4232 4233 4243
f 4232 4243 4236
f 4233 4238 4243
f 4238 4231 4243
f 4238 4252 4237
f 4238 4237 4231
f 4252 4253 4237
f 4253 4270 4237
f 4253 4250 4272
f 4253 4272 4270
f 4250 4266 4272
f 4266 4264 4272
f 4266 4269 4261
f 4266 4261 4264
f 4269 4975 4261
f 4975 4979 4261
f 4975 4976 4973
f 4975 4973 4979
f 4976 4978 4973
f 4978 4968 4973
f 4978 4977 4967
f 4978 4967 4968
f 4977 4963 4967
f 4963 4958 4967
f 4963 4960 4957
f 4963 4957 4958
f 4960 4962 4957
f 4962 4951 4957
f 4962 4889 4876
f 4962 4876 4951
f 4889 4885 4876
f 4885 4877 4876
f 4885 4888 4878
f 4885 4878 4877
f 4888 4899 4878
f 4899 4882 4878
f 4899 4898 4892
f 4899 4892 4882
f 4898 4891 4892
f 4891 4890 4892
f 4891 4818 4819
f 4891 4819 4890
f 4818 4826 4819
f 4826 4816 4819
f 4826 4828 4817
f 4826 4817 4816
f 4828 4807 4817
f 4807 4820 4817
f 4807 4805 4806
f 4807 4806 4820
f 4805 4803 4806
f 4803 4812 4806
f 4803 4768 4767
f 4803 4767 4812
f 4768 4769 4767
f 4769 4762 4767
f 4769 4760 4757
f 4769 4757 4762
f 4760 4761 4757
f 4761 4764 4757
f 4761 4780 4782
f 4761 4782 4764
f 4780 4784 4782
f 4784 4785 4782
f 2183 2184 2191
f 2183 2191 2188
f 2184 2178 2191
f 2178 2190 2191
f 2178 2199 2181
f 2178 2181 2190
f 2199 2196 2181
f 2196 2202 2181
f 2196 2203 2200
f 2196 2200 2202
f 2203 2195 2200
f 2195 2197 2200
f 2195 2193 2204
f 2195 2204 2197
f 2193 2283 2204
f 2283 2282 2204
f 2283 2292 2291
f 2283 2291 2282
f 2292 2301 2291
f 2301 2302 2291
f 2301 2296 2308
f 2301 2308 2302
f 2296 2297 2308
f 2297 2303 2308
f 2297 2315 2312
f 2297 2312 2303
f 2315 2316 2312
f 2316 2310 2312
f 2316 2314 2317
f 2316 2317 2310
f 2314 2318 2317
f 2318 2319 2317
f 2318 2071 1969
f 2318 1969 2319
f 2071 2067 1969
f 2067 1970 1969
f 2067 2063 1971
f 2067 1971 1970
f 2063 2069 1971
f 2069 1979 1971
f 2069 2058 1968
f 2069 1968 1979
f 2058 2059 1968
f 2059 1967 1968
f 2059 1870 1864
f 2059 1864 1967
f 1870 1869 1864
f 1869 1868 1864
f 1869 1871 1866
f 1869 1866 1868
f 1871 1865 1866
f 1865 1867 1866
f 1865 1877 1874
f 1865 1874 1867
f 1877 1873 1874
f 1873 1876 1874
f 1873 1934 1927
f 1873 1927 1876
f 1934 1928 1927
f 1928 1935 1927
f 1928 1931 1926
f 1928 1926 1935
f 1931 1925 1926
f 1925 1932 1926
f 1925 529 530
f 1925 530 1932
f 529 541 530
f 541 533 530
f 541 538 534
f 541 534 533
f 538 546 534
f 546 547 534
f 546 556 542
f 546 542 547
f 556 552 542
f 552 545 542
f 552 561 563
f 552 563 545
f 561 560 563
f 560 570 563
f 560 567 572
f 560 572 570
f 567 568 572
f 568 571 572
f 568 346 343
f 568 343 571
f 346 334 343
f 334 335 343
f 334 337 347
f 334 347 335
f 337 344 347
f 344 338 347
f 344 339 307
f 344 307 338
f 339 306 307
f 306 309 307
f 306 304 316
f 306 316 309
f 304 305 316
f 305 314 316
f 305 4152 315
f 305 315 314
f 4152 4151 315
f 4151 4143 315
f 4151 4150 4144
f 4151 4144 4143
f 4150 4141 4144
f 4141 4147 4144
f 4141 4160 4158
f 4141 4158 4147
f 4160 4168 4158
f 4168 4165 4158
f 4168 4170 4164
f 4168 4164 4165
f 4170 4167 4164
f 4167 4161 4164
f 4167 4178 4172
f 4167 4172 4161
f 4178 4180 4172
f 4180 4175 4172
f 4180 4179 4181
f 4180 4181 4175
f 4179 4177 4181
f 4177 4218 4181
f 4177 4215 4226
f 4177 4226 4218
f 4215 4216 4226
f 4216 4225 4226
f 4216 4223 4219
f 4216 4219 4225
f 4223 4224 4219
f 4224 4222 4219
f 4224 4236 4240
f 4224 4240 4222
f 4236 4243 4240
f 4243 4239 4240
f 4243 4231 4230
f 4243 4230 4239
f 4231 4237 4230
f 4237 4262 4230
f 4237 4270 4265
f 4237 4265 4262
f 4270 4272 4265
f 4272 4267 4265
f 4272 4264 4273
f 4272 4273 4267
f 4264 4261 4273
f 4261 4260 4273
f 4261 4979 4980
f 4261 4980 4260
f 4979 4973 4980
f 4973 4965 4980
f 4973 4968 4969
f 4973 4969 4965
f 4968 4967 4969
f 4967 4972 4969
f 4967 4958 4961
f 4967 4961 4972
f 4958 4957 4961
f 4957 4959 4961
f 4957 4951 4950
f 4957 4950 4959
f 4951 4876 4950
f 4876 4886 4950
f 4876 4877 4884
f 4876 4884 4886
f 4877 4878 4884
f 4878 4879 4884
f 4878 4882 4881
f 4878 4881 4879
f 4882 4892 4881
f 4892 4896 4881
f 4892 4890 4894
f 4892 4894 4896
f 4890 4819 4894
f 4819 4827 4894
f 4819 4816 4829
f 4819 4829 4827
f 4816 4817 4829
f 4817 4815 4829
f 4817 4820 4821
f 4817 4821 4815
f 4820 4806 4821
f 4806 4810 4821
f 4806 4812 4813
f 4806 4813 4810
f 4812 4767 4813
f 4767 4783 4813
f 4767 4762 4773
f 4767 4773 4783
f 4762 4757 4773
f 4757 4775 4773
f 4757 4764 4779
f 4757 4779 4775
f 4764 4782 4779
f 4782 4778 4779
f 4782 4785 4776
f 4782 4776 4778
f 2188 2191 2182
f 2191 2187 2182
f 2191 2190 2185
f 2191 2185 2187
f 2190 2181 2185
f 2181 2186 2185
f 2181 2202 2227
f 2181 2227 2186
f 2202 2200 2227
f 2200 2232 2227
f 2200 2197 2233
f 2200 2233 2232
f 2197 2204 2233
f 2204 2223 2233
f 2204 2282 2294
f 2204 2294 2223
f 2282 2291 2294
f 2291 2285 2294
f 2291 2302 2309
f 2291 2309 2285
f 2302 2308 2309
f 2308 2300 2309
f 2308 2303 2298
f 2308 2298 2300
f 2303 2312 2298
f 2312 2299 2298
f 2312 2310 2311
f 2312 2311 2299
f 2310 2317 2311
f 2317 2324 2311
f 2317 2319 2313
f 2317 2313 2324
f 2319 1969 2313
f 1969 1975 2313
f 1969 1970 1980
f 1969 1980 1975
f 1970 1971 1980
f 1971 1972 1980
f 1971 1979 1966
f 1971 1966 1972
f 1979 1968 1966
f 1968 1977 1966
f 1968 1967 1976
f 1968 1976 1977
f 1967 1864 1976
f 1864 1885 1976
f 1864 1868 1884
f 1864 1884 1885
f 1868 1866 1884
f 1866 1883 1884
f 1866 1867 1872
f 1866 1872 1883
f 1867 1874 1872
f 1874 1863 1872
f 1874 1876 1875
f 1874 1875 1863
f 1876 1927 1875
f 1927 1930 1875
f 1927 1935 1922
f 1927 1922 1930
f 1935 1926 1922
f 1926 1923 1922
f 1926 1932 1924
f 1926 1924 1923
f 1932 530 1924
f 530 531 1924
f 530 533 532
f 530 532 531
f 533 534 532
f 534 536 532
f 534 547 544
f 534 544 536
f 547 542 544
f 542 557 544
f 542 545 559
f 542 559 557
f 545 563 559
f 563 562 559
f 563 570 564
f 563 564 562
f 570 572 564
f 572 569 564
f 572 571 364
f 572 364 569
f 571 343 364
f 343 365 364
f 343 335 363
f 343 363 365
f 335 347 363
f 347 368 363
f 347 338 377
f 347 377 368
f 338 307 377
f 307 317 377
f 307 309 308
f 307 308 317
f 309 316 308
f 316 313 308
f 316 314 303
f 316 303 313
f 314 315 303
f 315 4011 303
f 315 4143 4010
f 315 4010 4011
f 4143 4144 4010
f 4144 4014 4010
f 4144 4147 4013
f 4144 4013 4014
f 4147 4158 4013
f 4158 4169 4013
f 4158 4165 4166
f 4158 4166 4169
f 4165 4164 4166
f 4164 4163 4166
f 4164 4161 4162
f 4164 4162 4163
f 4161 4172 4162
f 4172 4183 4162
f 4172 4175 4182
f 4172 4182 4183
f 4175 4181 4182
f 4181 4173 4182
f 4181 4218 4217
f 4181 4217 4173
f 4218 4226 4217
f 4226 4220 4217
f 4226 4225 4221
f 4226 4221 4220
f 4225 4219 4221
f 4219 4227 4221
f 4219 4222 4228
f 4219 4228 4227
f 4222 4240 4228
f 4240 4241 4228
f 4240 4239 4242
f 4240 4242 4241
f 4239 4230 4242
f 4230 4229 4242
f 4230 4262 4271
f 4230 4271 4229
f 4262 4265 4271
f 4265 4274 4271
f 4265 4267 4259
f 4265 4259 4274
f 4267 4273 4259
f 4273 4268 4259
f 4273 4260 4263
f 4273 4263 4268
f 4260 4980 4263
f 4980 4966 4263
f 4980 4965 4970
f 4980 4970 4966
f 4965 4969 4970
f 4969 4971 4970
f 4969 4972 4974
f 4969 4974 4971
f 4972 4961 4974
f 4961 4604 4974
f 4961 4959 4601
f 4961 4601 4604
f 4959 4950 4601
f 4950 4598 4601
f 4950 4886 4599
f 4950 4599 4598
f 4886 4884 4599
f 4884 4883 4599
f 4884 4879 4887
f 4884 4887 4883
f 4879 4881 4887
f 4881 4880 4887
f 4881 4896 4897
f 4881 4897 4880
f 4896 4894 4897
f 4894 4900 4897
f 4894 4827 4822
f 4894 4822 4900
f 4827 4829 4822
f 4829 4823 4822
f 4829 4815 4824
f 4829 4824 4823
f 4815 4821 4824
f 4821 4825 4824
f 4821 4810 4809
f 4821 4809 4825
f 4810 4813 4809
f 4813 4811 4809
f 4813 4783 4772
f 4813 4772 4811
f 4783 4773 4772
f 4773 4774 4772
f 4773 4775 4781
f 4773 4781 4774
f 4775 4779 4781
f 4779 4777 4781
f 4779 4778 4770
f 4779 4770 4777
f 4778 4776 4770
f 4776 4771 4770
f 2182 2187 2212
f 2182 2212 2210
f 2187 2185 2212
f 2185 2209 2212
f 2185 2186 2225
f 2185 2225 2209
f 2186 2227 2225
f 2227 2224 2225
f 2227 2232 2221
f 2227 2221 2224
f 2232 2233 2221
f 2233 2222 2221
f 2233 2223 2230
f 2233 2230 2222
f 2223 2294 2230
f 2294 2287 2230
f 2294 2285 2286
f 2294 2286 2287
f 2285 2309 2286
f 2309 2305 2286
f 2309 2300 2307
f 2309 2307 2305
f 2300 2298 2307
f 2298 2306 2307
f 2298 2299 2304
f 2298 2304 2306
f 2299 2311 2304
f 2311 2266 2304
f 2311 2324 2257
f 2311 2257 2266
f 2324 2313 2257
f 2313 2255 2257
f 2313 1975 1998
f 2313 1998 2255
f 1975 1980 1998
f 1980 1999 1998
f 1980 1972 2004
f 1980 2004 1999
f 1972 1966 2004
f 1966 1973 2004
f 1966 1977 1978
f 1966 1978 1973
f 1977 1976 1978
f 1976 1974 1978
f 1976 1885 1890
f 1976 1890 1974
f 1885 1884 1890
f 1884 1887 1890
f 1884 1883 1888
f 1884 1888 1887
f 1883 1872 1888
f 1872 1881 1888
f 1872 1863 1882
f 1872 1882 1881
f 1863 1875 1882
f 1875 1910 1882
f 1875 1930 1911
f 1875 1911 1910
f 1930 1922 1911
f 1922 1912 1911
f 1922 1923 1933
f 1922 1933 1912
f 1923 1924 1933
f 1924 1929 1933
f 1924 531 598
f 1924 598 1929
f 531 532 598
f 532 597 598
f 532 536 596
f 532 596 597
f 536 544 596
f 544 605 596
f 544 557 610
f 544 610 605
f 557 559 610
f 559 616 610
f 559 562 586
f 559 586 616
f 562 564 586
f 564 573 586
f 564 569 578
f 564 578 573
f 569 364 578
f 364 369 578
f 364 365 372
f 364 372 369
f 365 363 372
f 363 367 372
f 363 368 374
f 363 374 367
f 368 377 374
f 377 376 374
f 377 317 311
f 377 311 376
f 317 308 311
f 308 302 311
f 308 313 310
f 308 310 302
f 313 303 310
f 303 312 310
f 303 4011 4007
f 303 4007 312
f 4011 4010 4007
f 4010 4008 4007
f 4010 4014 4012
f 4010 4012 4008
f 4014 4013 4012
f 4013 4009 4012
f 4013 4169 4019
f 4013 4019 4009
f 4169 4166 4019
f 4166 4001 4019
f 4166 4163 3998
f 4166 3998 4001
f 4163 4162 3998
f 4162 4003 3998
f 4162 4183 3989
f 4162 3989 4003
f 4183 4182 3989
f 4182 3982 3989
f 4182 4173 3986
f 4182 3986 3982
f 4173 4217 3986
f 4217 3807 3986
f 4217 4220 3803
f 4217 3803 3807
f 4220 4221 3803
f 4221 3796 3803
f 4221 4227 3798
f 4221 3798 3796
f 4227 4228 3798
f 4228 3797 3798
f 4228 4241 3773
f 4228 3773 3797
f 4241 4242 3773
f 4242 3768 3773
f 4242 4229 3767
f 4242 3767 3768
f 4229 4271 3767
f 4271 3752 3767
f 4271 4274 3763
f 4271 3763 3752
f 4274 4259 3763
f 4259 3754 3763
f 4259 4268 3755
f 4259 3755 3754
f 4268 4263 3755
f 4263 3758 3755
f 4263 4966 4645
f 4263 4645 3758
f 4966 4970 4645
f 4970 4639 4645
f 4970 4971 4648
f 4970 4648 4639
f 4971 4974 4648
f 4974 4638 4648
f 4974 4604 4603
f 4974 4603 4638
f 4604 4601 4603
f 4601 4605 4603
f 4601 4598 4590
f 4601 4590 4605
f 4598 4599 4590
f 4599 4591 4590
f 4599 4883 4596
f 4599 4596 4591
f 4883 4887 4596
f 4887 4630 4596
f 4887 4880 4633
f 4887 4633 4630
f 4880 4897 4633
f 4897 4634 4633
f 4897 4900 4390
f 4897 4390 4634
f 4900 4822 4390
f 4822 4379 4390
f 4822 4823 4372
f 4822 4372 4379
f 4823 4824 4372
f 4824 4370 4372
f 4824 4825 4373
f 4824 4373 4370
f 4825 4809 4373
f 4809 4366 4373
f 4809 4811 4374
f 4809 4374 4366
f 4811 4772 4374
f 4772 4441 4374
f 4772 4774 4442
f 4772 4442 4441
f 4774 4781 4442
f 4781 4450 4442
f 4781 4777 4459
f 4781 4459 4450
f 4777 4770 4459
f 4770 4460 4459
f 4770 4771 4456
f 4770 4456 4460
f 2210 2212 2215
f 2212 2218 2215
f 2212 2209 2208
f 2212 2208 2218
f 2209 2225 2208
f 2225 2236 2208
f 2225 2224 2235
f 2225 2235 2236
f 2224 2221 2235
f 2221 2229 2235
f 2221 2222 2226
f 2221 2226 2229
f 2222 2230 2226
f 2230 2228 2226
f 2230 2287 2295
f 2230 2295 2228
f 2287 2286 2295
f 2286 2289 2295
f 2286 2305 2290
f 2286 2290 2289
f 2305 2307 2290
f 2307 2271 2290
f 2307 2306 2279
f 2307 2279 2271
f 2306 2304 2279
f 2304 2269 2279
f 2304 2266 2260
f 2304 2260 2269
f 2266 2257 2260
f 2257 2262 2260
f 2257 2255 2254
f 2257 2254 2262
f 2255 1998 2254
f 1998 2003 2254
f 1998 1999 2007
f 1998 2007 2003
f 1999 2004 2007
f 2004 2010 2007
f 2004 1973 2001
f 2004 2001 2010
f 1973 1978 2001
f 1978 1992 2001
f 1978 1974 1993
f 1978 1993 1992
f 1974 1890 1993
f 1890 1991 1993
f 1890 1887 1879
f 1890 1879 1991
f 1887 1888 1879
f 1888 1889 1879
f 1888 1881 1880
f 1888 1880 1889
f 1881 1882 1880
f 1882 1878 1880
f 1882 1910 1914
f 1882 1914 1878
f 1910 1911 1914
f 1911 1913 1914
f 1911 1912 1908
f 1911 1908 1913
f 1912 1933 1908
f 1933 1909 1908
f 1933 1929 590
f 1933 590 1909
f 1929 598 590
f 598 589 590
f 598 597 592
f 598 592 589
f 597 596 592
f 596 595 592
f 596 605 606
f 596 606 595
f 605 610 606
f 610 609 606
f 610 616 611
f 610 611 609
f 616 586 611
f 586 584 611
f 586 573 575
f 586 575 584
f 573 578 575
f 578 587 575
f 578 369 375
f 578 375 587
f 369 372 375
f 372 370 375
f 372 367 373
f 372 373 370
f 367 374 373
f 374 371 373
f 374 376 366
f 374 366 371
f 376 311 366
f 311 322 366
f 311 302 325
f 311 325 322
f 302 310 325
f 310 321 325
f 310 312 318
f 310 318 321
f 312 4007 318
f 4007 4016 318
f 4007 4008 4015
f 4007 4015 4016
f 4008 4012 4015
f 4012 4018 4015
f 4012 4009 4017
f 4012 4017 4018
f 4009 4019 4017
f 4019 4020 4017
f 4019 4001 4005
f 4019 4005 4020
f 4001 3998 4005
f 3998 3997 4005
f 3998 4003 4002
f 3998 4002 3997
f 4003 3989 4002
f 3989 3988 4002
f 3989 3982 3981
f 3989 3981 3988
f 3982 3986 3981
f 3986 3976 3981
f 3986 3807 3806
f 3986 3806 3976
f 3807 3803 3806
f 3803 3799 3806
f 3803 3796 3808
f 3803 3808 3799
f 3796 3798 3808
f 3798 3794 3808
f 3798 3797 3795
f 3798 3795 3794
f 3797 3773 3795
f 3773 3772 3795
f 3773 3768 3774
f 3773 3774 3772
f 3768 3767 3774
f 3767 3778 3774
f 3767 3752 3750
f 3767 3750 3778
f 3752 3763 3750
f 3763 3760 3750
f 3763 3754 3764
f 3763 3764 3760
f 3754 3755 3764
f 3755 3761 3764
f 3755 3758 3762
f 3755 3762 3761
f 3758 4645 3762
f 4645 4643 3762
f 4645 4639 4644
f 4645 4644 4643
f 4639 4648 4644
f 4648 4649 4644
f 4648 4638 4637
f 4648 4637 4649
f 4638 4603 4637
f 4603 4602 4637
f 4603 4605 4600
f 4603 4600 4602
f 4605 4590 4600
f 4590 4595 4600
f 4590 4591 4594
f 4590 4594 4595
f 4591 4596 4594
f 4596 4597 4594
f 4596 4630 4631
f 4596 4631 4597
f 4630 4633 4631
f 4633 4627 4631
f 4633 4634 4629
f 4633 4629 4627
f 4634 4390 4629
f 4390 4389 4629
f 4390 4379 4381
f 4390 4381 4389
f 4379 4372 4381
f 4372 4375 4381
f 4372 4370 4371
f 4372 4371 4375
f 4370 4373 4371
f 4373 4365 4371
f 4373 4366 4367
f 4373 4367 4365
f 4366 4374 4367
f 4374 4378 4367
f 4374 4441 4452
f 4374 4452 4378
f 4441 4442 4452
f 4442 4455 4452
f 4442 4450 4448
f 4442 4448 4455
f 4450 4459 4448
f 4459 4462 4448
f 4459 4460 4458
f 4459 4458 4462
f 4460 4456 4458
f 4456 4461 4458
f 2215 2218 2217
f 2215 2217 2216
f 2218 2208 2217
f 2208 2206 2217
f 2208 2236 2231
f 2208 2231 2206
f 2236 2235 2231
f 2235 2234 2231
f 2235 2229 2247
f 2235 2247 2234
f 2229 2226 2247
f 2226 2244 2247
f 2226 2228 2243
f 2226 2243 2244
f 2228 2295 2243
f 2295 2284 2243
f 2295 2289 2288
f 2295 2288 2284
f 2289 2290 2288
f 2290 2293 2288
f 2290 2271 2267
f 2290 2267 2293
f 2271 2279 2267
f 2279 2280 2267
f 2279 2269 2268
f 2279 2268 2280
f 2269 2260 2268
f 2260 2264 2268
f 2260 2262 2265
f 2260 2265 2264
f 2262 2254 2265
f 2254 2253 2265
f 2254 2003 2000
f 2254 2000 2253
f 2003 2007 2000
f 2007 2002 2000
f 2007 2010 1997
f 2007 1997 2002
f 2010 2001 1997
f 2001 1984 1997
f 2001 1992 1989
f 2001 1989 1984
f 1992 1993 1989
f 1993 1981 1989
f 1993 1991 1982
f 1993 1982 1981
f 1991 1879 1982
f 1879 1886 1982
f 1879 1889 1892
f 1879 1892 1886
f 1889 1880 1892
f 1880 1891 1892
f 1880 1878 1894
f 1880 1894 1891
f 1878 1914 1894
f 1914 1917 1894
f 1914 1913 1916
f 1914 1916 1917
f 1913 1908 1916
f 1908 1915 1916
f 1908 1909 1918
f 1908 1918 1915
f 1909 590 1918
f 590 600 1918
f 590 589 601
f 590 601 600
f 589 592 601
f 592 602 601
f 592 595 588
f 592 588 602
f 595 606 588
f 606 604 588
f 606 609 615
f 606 615 604
f 609 611 615
f 611 607 615
f 611 584 576
f 611 576 607
f 584 575 576
f 575 580 576
f 575 587 585
f 575 585 580
f 587 375 585
f 375 357 585
f 375 370 349
f 375 349 357
f 370 373 349
f 373 361 349
f 373 371 355
f 373 355 361
f 371 366 355
f 366 359 355
f 366 322 324
f 366 324 359
f 322 325 324
f 325 323 324
f 325 321 328
f 325 328 323
f 321 318 328
f 318 319 328
f 318 4016 4049
f 318 4049 319
f 4016 4015 4049
f 4015 4037 4049
f 4015 4018 4038
f 4015 4038 4037
f 4018 4017 4038
f 4017 4036 4038
f 4017 4020 3993
f 4017 3993 4036
f 4020 4005 3993
f 4005 3991 3993
f 4005 3997 3992
f 4005 3992 3991
f 3997 4002 3992
f 4002 3995 3992
f 4002 3988 3979
f 4002 3979 3995
f 3988 3981 3979
f 3981 3978 3979
f 3981 3976 3977
f 3981 3977 3978
f 3976 3806 3977
f 3806 3804 3977
f 3806 3799 3805
f 3806 3805 3804
f 3799 3808 3805
f 3808 3800 3805
f 3808 3794 3802
f 3808 3802 3800
f 3794 3795 3802
f 3795 3801 3802
f 3795 3772 3777
f 3795 3777 3801
f 3772 3774 3777
f 3774 3775 3777
f 3774 3778 3765
f 3774 3765 3775
f 3778 3750 3765
f 3750 3756 3765
f 3750 3760 3757
f 3750 3757 3756
f 3760 3764 3757
f 3764 3759 3757
f 3764 3761 3751
f 3764 3751 3759
f 3761 3762 3751
f 3762 3753 3751
f 3762 4643 4646
f 3762 4646 3753
f 4643 4644 4646
f 4644 4650 4646
f 4644 4649 4642
f 4644 4642 4650
f 4649 4637 4642
f 4637 4651 4642
f 4637 4602 4666
f 4637 4666 4651
f 4602 4600 4666
f 4600 4678 4666
f 4600 4595 4593
f 4600 4593 4678
f 4595 4594 4593
f 4594 4592 4593
f 4594 4597 4607
f 4594 4607 4592
f 4597 4631 4607
f 4631 4625 4607
f 4631 4627 4636
f 4631 4636 4625
f 4627 4629 4636
f 4629 4635 4636
f 4629 4389 4380
f 4629 4380 4635
f 4389 4381 4380
f 4381 4386 4380
f 4381 4375 4387
f 4381 4387 4386
f 4375 4371 4387
f 4371 4368 4387
f 4371 4365 4369
f 4371 4369 4368
f 4365 4367 4369
f 4367 4376 4369
f 4367 4378 4377
f 4367 4377 4376
f 4378 4452 4377
f 4452 4449 4377
f 4452 4455 4446
f 4452 4446 4449
f 4455 4448 4446
f 4448 4445 4446
f 4448 4462 4465
f 4448 4465 4445
f 4462 4458 4465
f 4458 4467 4465
f 4458 4461 4466
f 4458 4466 4467
f 2216 2217 2220
f 2217 2207 2220
f 2217 2206 2219
f 2217 2219 2207
f 2206 2231 2219
f 2231 2248 2219
f 2231 2234 2249
f 2231 2249 2248
f 2234 2247 2249
f 2247 2240 2249
f 2247 2244 2241
f 2247 2241 2240
f 2244 2243 2241
f 2243 2246 2241
f 2243 2284 2245
f 2243 2245 2246
f 2284 2288 2245
f 2288 2275 2245
f 2288 2293 2277
f 2288 2277 2275
f 2293 2267 2277
f 2267 2278 2277
f 2267 2280 2274
f 2267 2274 2278
f 2280 2268 2274
f 2268 2281 2274
f 2268 2264 2256
f 2268 2256 2281
f 2264 2265 2256
f 2265 2261 2256
f 2265 2253 2252
f 2265 2252 2261
f 2253 2000 2252
f 2000 2011 2252
f 2000 2002 2009
f 2000 2009 2011
f 2002 1997 2009
f 1997 2008 2009
f 1997 1984 1990
f 1997 1990 2008
f 1984 1989 1990
f 1989 1985 1990
f 1989 1981 1986
f 1989 1986 1985
f 1981 1982 1986
f 1982 1987 1986
f 1982 1886 1906
f 1982 1906 1987
f 1886 1892 1906
f 1892 1903 1906
f 1892 1891 1905
f 1892 1905 1903
f 1891 1894 1905
f 1894 1907 1905
f 1894 1917 1898
f 1894 1898 1907
f 1917 1916 1898
f 1916 1919 1898
f 1916 1915 1920
f 1916 1920 1919
f 1915 1918 1920
f 1918 1921 1920
f 1918 600 593
f 1918 593 1921
f 600 601 593
f 601 591 593
f 601 602 594
f 601 594 591
f 602 588 594
f 588 599 594
f 588 604 603
f 588 603 599
f 604 615 603
f 615 617 603
f 615 607 612
f 615 612 617
f 607 576 612
f 576 577 612
f 576 580 581
f 576 581 577
f 580 585 581
f 585 574 581
f 585 357 350
f 585 350 574
f 357 349 350
f 349 362 350
f 349 361 356
f 349 356 362
f 361 355 356
f 355 348 356
f 355 359 352
f 355 352 348
f 359 324 352
f 324 331 352
f 324 323 327
f 324 327 331
f 323 328 327
f 328 326 327
f 328 319 320
f 328 320 326
f 319 4049 320
f 4049 4045 320
f 4049 4037 4046
f 4049 4046 4045
f 4037 4038 4046
f 4038 4047 4046
f 4038 4036 4048
f 4038 4048 4047
f 4036 3993 4048
f 3993 4039 4048
f 3993 3991 3999
f 3993 3999 4039
f 3991 3992 3999
f 3992 3994 3999
f 3992 3995 4004
f 3992 4004 3994
f 3995 3979 4004
f 3979 3987 4004
f 3979 3978 3990
f 3979 3990 3987
f 3978 3977 3990
f 3977 3980 3990
f 3977 3804 3784
f 3977 3784 3980
f 3804 3805 3784
f 3805 3785 3784
f 3805 3800 3783
f 3805 3783 3785
f 3800 3802 3783
f 3802 3780 3783
f 3802 3801 3781
f 3802 3781 3780
f 3801 3777 3781
f 3777 3776 3781
f 3777 3775 3766
f 3777 3766 3776
f 3775 3765 3766
f 3765 3769 3766
f 3765 3756 3736
f 3765 3736 3769
f 3756 3757 3736
f 3757 3747 3736
f 3757 3759 3746
f 3757 3746 3747
f 3759 3751 3746
f 3751 3745 3746
f 3751 3753 3744
f 3751 3744 3745
f 3753 4646 3744
f 4646 4647 3744
f 4646 4650 4641
f 4646 4641 4647
f 4650 4642 4641
f 4642 4640 4641
f 4642 4651 4677
f 4642 4677 4640
f 4651 4666 4677
f 4666 4676 4677
f 4666 4678 4679
f 4666 4679 4676
f 4678 4593 4679
f 4593 4611 4679
f 4593 4592 4618
f 4593 4618 4611
f 4592 4607 4618
f 4607 4609 4618
f 4607 4625 4608
f 4607 4608 4609
f 4625 4636 4608
f 4636 4628 4608
f 4636 4635 4632
f 4636 4632 4628
f 4635 4380 4632
f 4380 4391 4632
f 4380 4386 4385
f 4380 4385 4391
f 4386 4387 4385
f 4387 4392 4385
f 4387 4368 4409
f 4387 4409 4392
f 4368 4369 4409
f 4369 4399 4409
f 4369 4376 4401
f 4369 4401 4399
f 4376 4377 4401
f 4377 4396 4401
f 4377 4449 4454
f 4377 4454 4396
f 4449 4446 4454
f 4446 4444 4454
f 4446 4445 4447
f 4446 4447 4444
f 4445 4465 4447
f 4465 4463 4447
f 4465 4467 4457
f 4465 4457 4463
f 4467 4466 4457
f 4466 4464 4457
f 2220 2207 2213
f 2220 2213 2214
f 2207 2219 2213
f 2219 2211 2213
f 2219 2248 2242
f 2219 2242 2211
f 2248 2249 2242
f 2249 2239 2242
f 2249 2240 2250
f 2249 2250 2239
f 2240 2241 2250
f 2241 2251 2250
f 2241 2246 2238
f 2241 2238 2251
f 2246 2245 2238
f 2245 2237 2238
f 2245 2275 2270
f 2245 2270 2237
f 2275 2277 2270
f 2277 2273 2270
f 2277 2278 2272
f 2277 2272 2273
f 2278 2274 2272
f 2274 2276 2272
f 2274 2281 1509
f 2274 1509 2276
f 2281 2256 1509
f 2256 2263 1509
f 2256 2261 2259
f 2256 2259 2263
f 2261 2252 2259
f 2252 2258 2259
f 2252 2011 2005
f 2252 2005 2258
f 2011 2009 2005
f 2009 2006 2005
f 2009 2008 1988
f 2009 1988 2006
f 2008 1990 1988
f 1990 1996 1988
f 1990 1985 1983
f 1990 1983 1996
f 1985 1986 1983
f 1986 1961 1983
f 1986 1987 1962
f 1986 1962 1961
f 1987 1906 1962
f 1906 1963 1962
f 1906 1903 1904
f 1906 1904 1963
f 1903 1905 1904
f 1905 1899 1904
f 1905 1907 1900
f 1905 1900 1899
f 1907 1898 1900
f 1898 1902 1900
f 1898 1919 1893
f 1898 1893 1902
f 1919 1920 1893
f 1920 294 1893
f 1920 1921 289
f 1920 289 294
f 1921 593 289
f 593 290 289
f 593 591 291
f 593 291 290
f 591 594 291
f 594 293 291
f 594 599 240
f 594 240 293
f 599 603 240
f 603 608 240
f 603 617 613
f 603 613 608
f 617 612 613
f 612 614 613
f 612 577 582
f 612 582 614
f 577 581 582
f 581 583 582
f 581 574 579
f 581 579 583
f 574 350 579
f 350 358 579
f 350 362 354
f 350 354 358
f 362 356 354
f 356 353 354
f 356 348 360
f 356 360 353
f 348 352 360
f 352 351 360
f 352 331 329
f 352 329 351
f 331 327 329
f 327 330 329
f 327 326 333
f 327 333 330
f 326 320 333
f 320 332 333
f 320 4045 4041
f 320 4041 332
f 4045 4046 4041
f 4046 4042 4041
f 4046 4047 4043
f 4046 4043 4042
f 4047 4048 4043
f 4048 4040 4043
f 4048 4039 4050
f 4048 4050 4040
f 4039 3999 4050
f 3999 4006 4050
f 3999 3994 4000
f 3999 4000 4006
f 3994 4004 4000
f 4004 3996 4000
f 4004 3987 3983
f 4004 3983 3996
f 3987 3990 3983
f 3990 3984 3983
f 3990 3980 3985
f 3990 3985 3984
f 3980 3784 3985
f 3784 3779 3985
f 3784 3785 3788
f 3784 3788 3779
f 3785 3783 3788
f 3783 3789 3788
f 3783 3780 3787
f 3783 3787 3789
f 3780 3781 3787
f 3781 3782 3787
f 3781 3776 3786
f 3781 3786 3782
f 3776 3766 3786
f 3766 3770 3786
f 3766 3769 3771
f 3766 3771 3770
f 3769 3736 3771
f 3736 3738 3771
f 3736 3747 3735
f 3736 3735 3738
f 3747 3746 3735
f 3746 3740 3735
f 3746 3745 3743
f 3746 3743 3740
f 3745 3744 3743
f 3744 3742 3743
f 3744 4647 4661
f 3744 4661 3742
f 4647 4641 4661
f 4641 4659 4661
f 4641 4640 4664
f 4641 4664 4659
f 4640 4677 4664
f 4677 4672 4664
f 4677 4676 4674
f 4677 4674 4672
f 4676 4679 4674
f 4679 4675 4674
f 4679 4611 4621
f 4679 4621 4675
f 4611 4618 4621
f 4618 4614 4621
f 4618 4609 4612
f 4618 4612 4614
f 4609 4608 4612
f 4608 4610 4612
f 4608 4628 4623
f 4608 4623 4610
f 4628 4632 4623
f 4632 4622 4623
f 4632 4391 4384
f 4632 4384 4622
f 4391 4385 4384
f 4385 4393 4384
f 4385 4392 4394
f 4385 4394 4393
f 4392 4409 4394
f 4409 4408 4394
f 4409 4399 4404
f 4409 4404 4408
f 4399 4401 4404
f 4401 4398 4404
f 4401 4396 4397
f 4401 4397 4398
f 4396 4454 4397
f 4454 4451 4397
f 4454 4444 4443
f 4454 4443 4451
f 4444 4447 4443
f 4447 4453 4443
f 4447 4463 4468
f 4447 4468 4453
f 4463 4457 4468
f 4457 4469 4468
f 4457 4464 4470
f 4457 4470 4469
f 2214 2213 1382
f 2213 1368 1382
f 2213 2211 1380
f 2213 1380 1368
f 2211 2242 1380
f 2242 1381 1380
f 2242 2239 1366
f 2242 1366 1381
f 2239 2250 1366
f 2250 1367 1366
f 2250 2251 1355
f 2250 1355 1367
f 2251 2238 1355
f 2238 1342 1355
f 2238 2237 1339
f 2238 1339 1342
f 2237 2270 1339
f 2270 1348 1339
f 2270 2273 1347
f 2270 1347 1348
f 2273 2272 1347
f 2272 1346 1347
f 2272 2276 1508
f 2272 1508 1346
f 2276 1509 1508
f 1509 1510 1508
f 1509 2263 1511
f 1509 1511 1510
f 2263 2259 1511
f 2259 1545 1511
f 2259 2258 1536
f 2259 1536 1545
f 2258 2005 1536
f 2005 1539 1536
f 2005 2006 1533
f 2005 1533 1539
f 2006 1988 1533
f 1988 1994 1533
f 1988 1996 1995
f 1988 1995 1994
f 1996 1983 1995
f 1983 1956 1995
f 1983 1961 1965
f 1983 1965 1956
f 1961 1962 1965
f 1962 1959 1965
f 1962 1963 1964
f 1962 1964 1959
f 1963 1904 1964
f 1904 1957 1964
f 1904 1899 1897
f 1904 1897 1957
f 1899 1900 1897
f 1900 1896 1897
f 1900 1902 1895
f 1900 1895 1896
f 1902 1893 1895
f 1893 1901 1895
f 1893 294 292
f 1893 292 1901
f 294 289 292
f 289 288 292
f 289 290 298
f 289 298 288
f 290 291 298
f 291 297 298
f 291 293 296
f 291 296 297
f 293 240 296
f 240 235 296
f 240 608 228
f 240 228 235
f 608 613 228
f 613 237 228
f 613 614 242
f 613 242 237
f 614 582 242
f 582 257 242
f 582 583 245
f 582 245 257
f 583 579 245
f 579 247 245
f 579 358 60
f 579 60 247
f 358 354 60
f 354 51 60
f 354 353 46
f 354 46 51
f 353 360 46
f 360 48 46
f 360 351 35
f 360 35 48
f 351 329 35
f 329 40 35
f 329 330 38
f 329 38 40
f 330 333 38
f 333 32 38
f 333 332 39
f 333 39 32
f 332 4041 39
f 4041 4028 39
f 4041 4042 4034
f 4041 4034 4028
f 4042 4043 4034
f 4043 4033 4034
f 4043 4040 4044
f 4043 4044 4033
f 4040 4050 4044
f 4050 3963 4044
f 4050 4006 3964
f 4050 3964 3963
f 4006 4000 3964
f 4000 3975 3964
f 4000 3996 3970
f 4000 3970 3975
f 3996 3983 3970
f 3983 3972 3970
f 3983 3984 3922
f 3983 3922 3972
f 3984 3985 3922
f 3985 3920 3922
f 3985 3779 3921
f 3985 3921 3920
f 3779 3788 3921
f 3788 3923 3921
f 3788 3789 3792
f 3788 3792 3923
f 3789 3787 3792
f 3787 3791 3792
f 3787 3782 3793
f 3787 3793 3791
f 3782 3786 3793
f 3786 3790 3793
f 3786 3770 3866
f 3786 3866 3790
f 3770 3771 3866
f 3771 3863 3866
f 3771 3738 3739
f 3771 3739 3863
f 3738 3735 3739
f 3735 3749 3739
f 3735 3740 3748
f 3735 3748 3749
f 3740 3743 3748
f 3743 3737 3748
f 3743 3742 3741
f 3743 3741 3737
f 3742 4661 3741
f 4661 4653 3741
f 4661 4659 4655
f 4661 4655 4653
f 4659 4664 4655
f 4664 4665 4655
f 4664 4672 4668
f 4664 4668 4665
f 4672 4674 4668
f 4674 4680 4668
f 4674 4675 4673
f 4674 4673 4680
f 4675 4621 4673
f 4621 4620 4673
f 4621 4614 4606
f 4621 4606 4620
f 4614 4612 4606
f 4612 4616 4606
f 4612 4610 4615
f 4612 4615 4616
f 4610 4623 4615
f 4623 4624 4615
f 4623 4622 4626
f 4623 4626 4624
f 4622 4384 4626
f 4384 4388 4626
f 4384 4393 4383
f 4384 4383 4388
f 4393 4394 4383
f 4394 4382 4383
f 4394 4408 4406
f 4394 4406 4382
f 4408 4404 4406
f 4404 4400 4406
f 4404 4398 4395
f 4404 4395 4400
f 4398 4397 4395
f 4397 4403 4395
f 4397 4451 4509
f 4397 4509 4403
f 4451 4443 4509
f 4443 4508 4509
f 4443 4453 4507
f 4443 4507 4508
f 4453 4468 4507
f 4468 4494 4507
f 4468 4469 4495
f 4468 4495 4494
f 4469 4470 4495
f 4470 4499 4495
f 1382 1368 1374
f 1382 1374 1375
f 1368 1380 1374
f 1380 1378 1374
f 1380 1381 1379
f 1380 1379 1378
f 1381 1366 1379
f 1366 1357 1379
f 1366 1367 1358
f 1366 1358 1357
f 1367 1355 1358
f 1355 1354 1358
f 1355 1342 1340
f 1355 1340 1354
f 1342 1339 1340
f 1339 1344 1340
f 1339 1348 1350
f 1339 1350 1344
f 1348 1347 1350
f 1347 1351 1350
f 1347 1346 1341
f 1347 1341 1351
f 1346 1508 1341
f 1508 1503 1341
f 1508 1510 1506
f 1508 1506 1503
f 1510 1511 1506
f 1511 1507 1506
f 1511 1545 1544
f 1511 1544 1507
f 1545 1536 1544
f 1536 1535 1544
f 1536 1539 1542
f 1536 1542 1535
f 1539 1533 1542
f 1533 1547 1542
f 1533 1994 1540
f 1533 1540 1547
f 1994 1995 1540
f 1995 1541 1540
f 1995 1956 1954
f 1995 1954 1541
f 1956 1965 1954
f 1965 1952 1954
f 1965 1959 1960
f 1965 1960 1952
f 1959 1964 1960
f 1964 1951 1960
f 1964 1957 1953
f 1964 1953 1951
f 1957 1897 1953
f 1897 1936 1953
f 1897 1896 1950
f 1897 1950 1936
f 1896 1895 1950
f 1895 1948 1950
f 1895 1901 1939
f 1895 1939 1948
f 1901 292 1939
f 292 295 1939
f 292 288 287
f 292 287 295
f 288 298 287
f 298 301 287
f 298 297 300
f 298 300 301
f 297 296 300
f 296 299 300
f 296 235 229
f 296 229 299
f 235 228 229
f 228 230 229
f 228 237 233
f 228 233 230
f 237 242 233
f 242 252 233
f 242 257 246
f 242 246 252
f 257 245 246
f 245 250 246
f 245 247 243
f 245 243 250
f 247 60 243
f 60 61 243
f 60 51 47
f 60 47 61
f 51 46 47
f 46 52 47
f 46 48 54
f 46 54 52
f 48 35 54
f 35 37 54
f 35 40 33
f 35 33 37
f 40 38 33
f 38 43 33
f 38 32 34
f 38 34 43
f 32 39 34
f 39 44 34
f 39 4028 4032
f 39 4032 44
f 4028 4034 4032
f 4034 4035 4032
f 4034 4033 4021
f 4034 4021 4035
f 4033 4044 4021
f 4044 4022 4021
f 4044 3963 3967
f 4044 3967 4022
f 3963 3964 3967
f 3964 3968 3967
f 3964 3975 3961
f 3964 3961 3968
f 3975 3970 3961
f 3970 3974 3961
f 3970 3972 3973
f 3970 3973 3974
f 3972 3922 3973
f 3922 3916 3973
f 3922 3920 3917
f 3922 3917 3916
f 3920 3921 3917
f 3921 3918 3917
f 3921 3923 3924
f 3921 3924 3918
f 3923 3792 3924
f 3792 3873 3924
f 3792 3791 3882
f 3792 3882 3873
f 3791 3793 3882
f 3793 3879 3882
f 3793 3790 3881
f 3793 3881 3879
f 3790 3866 3881
f 3866 3862 3881
f 3866 3863 3864
f 3866 3864 3862
f 3863 3739 3864
f 3739 3865 3864
f 3739 3749 3819
f 3739 3819 3865
f 3749 3748 3819
f 3748 3809 3819
f 3748 3737 3813
f 3748 3813 3809
f 3737 3741 3813
f 3741 3814 3813
f 3741 4653 4662
f 3741 4662 3814
f 4653 4655 4662
f 4655 4660 4662
f 4655 4665 4656
f 4655 4656 4660
f 4665 4668 4656
f 4668 4658 4656
f 4668 4680 4671
f 4668 4671 4658
f 4680 4673 4671
f 4673 4670 4671
f 4673 4620 4619
f 4673 4619 4670
f 4620 4606 4619
f 4606 4617 4619
f 4606 4616 4613
f 4606 4613 4617
f 4616 4615 4613
f 4615 4558 4613
f 4615 4624 4555
f 4615 4555 4558
f 4624 4626 4555
f 4626 4551 4555
f 4626 4388 4556
f 4626 4556 4551
f 4388 4383 4556
f 4383 4413 4556
f 4383 4382 4412
f 4383 4412 4413
f 4382 4406 4412
f 4406 4411 4412
f 4406 4400 4405
f 4406 4405 4411
f 4400 4395 4405
f 4395 4402 4405
f 4395 4403 4407
f 4395 4407 4402
f 4403 4509 4407
f 4509 4506 4407
f 4509 4508 4505
f 4509 4505 4506
f 4508 4507 4505
f 4507 4504 4505
f 4507 4494 4492
f 4507 4492 4504
f 4494 4495 4492
f 4495 4491 4492
f 4495 4499 4497
f 4495 4497 4491
f 1375 1374 1376
f 1374 1373 1376
f 1374 1378 1369
f 1374 1369 1373
f 1378 1379 1369
f 1379 1372 1369
f 1379 1357 1356
f 1379 1356 1372
f 1357 1358 1356
f 1358 1362 1356
f 1358 1354 1364
f 1358 1364 1362
f 1354 1340 1364
f 1340 1343 1364
f 1340 1344 1345
f 1340 1345 1343
f 1344 1350 1345
f 1350 1338 1345
f 1350 1351 1349
f 1350 1349 1338
f 1351 1341 1349
f 1341 1352 1349
f 1341 1503 1516
f 1341 1516 1352
f 1503 1506 1516
f 1506 1505 1516
f 1506 1507 1502
f 1506 1502 1505
f 1507 1544 1502
f 1544 1518 1502
f 1544 1535 1532
f 1544 1532 1518
f 1535 1542 1532
f 1542 1530 1532
f 1542 1547 1537
f 1542 1537 1530
f 1547 1540 1537
f 1540 1538 1537
f 1540 1541 1543
f 1540 1543 1538
f 1541 1954 1543
f 1954 1483 1543
f 1954 1952 1482
f 1954 1482 1483
f 1952 1960 1482
f 1960 1481 1482
f 1960 1951 1955
f 1960 1955 1481
f 1951 1953 1955
f 1953 1958 1955
f 1953 1936 1943
f 1953 1943 1958
f 1936 1950 1943
f 1950 1949 1943
f 1950 1948 1945
f 1950 1945 1949
f 1948 1939 1945
f 1939 1944 1945
f 1939 295 284
f 1939 284 1944
f 295 287 284
f 287 279 284
f 287 301 285
f 287 285 279
f 301 300 285
f 300 274 285
f 300 299 241
f 300 241 274
f 299 229 241
f 229 236 241
f 229 230 231
f 229 231 236
f 230 233 231
f 233 238 231
f 233 252 248
f 233 248 238
f 252 246 248
f 246 244 248
f 246 250 254
f 246 254 244
f 250 243 254
f 243 249 254
f 243 61 55
f 243 55 249
f 61 47 55
f 47 49 55
f 47 52 56
f 47 56 49
f 52 54 56
f 54 53 56
f 54 37 36
f 54 36 53
f 37 33 36
f 33 45 36
f 33 43 31
f 33 31 45
f 43 34 31
f 34 15 31
f 34 44 20
f 34 20 15
f 44 4032 20
f 4032 4029 20
f 4032 4035 4030
f 4032 4030 4029
f 4035 4021 4030
f 4021 4023 4030
f 4021 4022 4024
f 4021 4024 4023
f 4022 3967 4024
f 3967 3966 4024
f 3967 3968 3969
f 3967 3969 3966
f 3968 3961 3969
f 3961 3962 3969
f 3961 3974 3965
f 3961 3965 3962
f 3974 3973 3965
f 3973 3971 3965
f 3973 3916 3929
f 3973 3929 3971
f 3916 3917 3929
f 3917 3928 3929
f 3917 3918 3927
f 3917 3927 3928
f 3918 3924 3927
f 3924 3925 3927
f 3924 3873 3883
f 3924 3883 3925
f 3873 3882 3883
f 3882 3871 3883
f 3882 3879 3872
f 3882 3872 3871
f 3879 3881 3872
f 3881 3885 3872
f 3881 3862 3855
f 3881 3855 3885
f 3862 3864 3855
f 3864 3856 3855
f 3864 3865 3857
f 3864 3857 3856
f 3865 3819 3857
f 3819 3812 3857
f 3819 3809 3816
f 3819 3816 3812
f 3809 3813 3816
f 3813 3810 3816
f 3813 3814 3815
f 3813 3815 3810
f 3814 4662 3815
f 4662 4663 3815
f 4662 4660 4654
f 4662 4654 4663
f 4660 4656 4654
f 4656 4652 4654
f 4656 4658 4657
f 4656 4657 4652
f 4658 4671 4657
f 4671 4667 4657
f 4671 4670 4669
f 4671 4669 4667
f 4670 4619 4669
f 4619 4580 4669
f 4619 4617 4584
f 4619 4584 4580
f 4617 4613 4584
f 4613 4582 4584
f 4613 4558 4550
f 4613 4550 4582
f 4558 4555 4550
f 4555 4546 4550
f 4555 4551 4549
f 4555 4549 4546
f 4551 4556 4549
f 4556 4547 4549
f 4556 4413 4417
f 4556 4417 4547
f 4413 4412 4417
f 4412 4424 4417
f 4412 4411 4414
f 4412 4414 4424
f 4411 4405 4414
f 4405 4425 4414
f 4405 4402 4436
f 4405 4436 4425
f 4402 4407 4436
f 4407 4438 4436
f 4407 4506 4514
f 4407 4514 4438
f 4506 4505 4514
f 4505 4501 4514
f 4505 4504 4510
f 4505 4510 4501
f 4504 4492 4510
f 4492 4490 4510
f 4492 4491 4496
f 4492 4496 4490
f 4491 4497 4496
f 4497 4493 4496
f 1376 1373 1377
f 1376 1377 1370
f 1373 1369 1377
f 1369 1371 1377
f 1369 1372 1391
f 1369 1391 1371
f 1372 1356 1391
f 1356 1395 1391
f 1356 1362 1360
f 1356 1360 1395
f 1362 1364 1360
f 1364 1361 1360
f 1364 1343 1334
f 1364 1334 1361
f 1343 1345 1334
f 1345 1336 1334
f 1345 1338 1335
f 1345 1335 1336
f 1338 1349 1335
f 1349 1326 1335
f 1349 1352 1333
f 1349 1333 1326
f 1352 1516 1333
f 1516 1513 1333
f 1516 1505 1512
f 1516 1512 1513
f 1505 1502 1512
f 1502 1514 1512
f 1502 1518 1522
f 1502 1522 1514
f 1518 1532 1522
f 1532 1521 1522
f 1532 1530 1529
f 1532 1529 1521
f 1530 1537 1529
f 1537 1526 1529
f 1537 1538 1534
f 1537 1534 1526
f 1538 1543 1534
f 1543 1546 1534
f 1543 1483 1486
f 1543 1486 1546
f 1483 1482 1486
f 1482 1485 1486
f 1482 1481 1484
f 1482 1484 1485
f 1481 1955 1484
f 1955 1476 1484
f 1955 1958 1940
f 1955 1940 1476
f 1958 1943 1940
f 1943 1941 1940
f 1943 1949 1942
f 1943 1942 1941
f 1949 1945 1942
f 1945 1947 1942
f 1945 1944 269
f 1945 269 1947
f 1944 284 269
f 284 273 269
f 284 279 275
f 284 275 273
f 279 285 275
f 285 276 275
f 285 274 286
f 285 286 276
f 274 241 286
f 241 283 286
f 241 236 232
f 241 232 283
f 236 231 232
f 231 234 232
f 231 238 239
f 231 239 234
f 238 248 239
f 248 256 239
f 248 244 255
f 248 255 256
f 244 254 255
f 254 251 255
f 254 249 253
f 254 253 251
f 249 55 253
f 55 58 253
f 55 49 59
f 55 59 58
f 49 56 59
f 56 50 59
f 56 53 57
f 56 57 50
f 53 36 57
f 36 41 57
f 36 45 30
f 36 30 41
f 45 31 30
f 31 42 30
f 31 15 24
f 31 24 42
f 15 20 24
f 20 22 24
f 20 4029 4027
f 20 4027 22
f 4029 4030 4027
f 4030 4031 4027
f 4030 4023 4025
f 4030 4025 4031
f 4023 4024 4025
f 4024 4026 4025
f 4024 3966 3913
f 4024 3913 4026
f 3966 3969 3913
f 3969 3914 3913
f 3969 3962 3909
f 3969 3909 3914
f 3962 3965 3909
f 3965 3959 3909
f 3965 3971 3960
f 3965 3960 3959
f 3971 3929 3960
f 3929 3954 3960
f 3929 3928 3926
f 3929 3926 3954
f 3928 3927 3926
f 3927 3930 3926
f 3927 3925 3919
f 3927 3919 3930
f 3925 3883 3919
f 3883 3884 3919
f 3883 3871 3874
f 3883 3874 3884
f 3871 3872 3874
f 3872 3870 3874
f 3872 3885 3875
f 3872 3875 3870
f 3885 3855 3875
f 3855 3868 3875
f 3855 3856 3867
f 3855 3867 3868
f 3856 3857 3867
f 3857 3861 3867
f 3857 3812 3823
f 3857 3823 3861
f 3812 3816 3823
f 3816 3821 3823
f 3816 3810 3824
f 3816 3824 3821
f 3810 3815 3824
f 3815 3822 3824
f 3815 4663 4536
f 3815 4536 3822
f 4663 4654 4536
f 4654 4537 4536
f 4654 4652 4532
f 4654 4532 4537
f 4652 4657 4532
f 4657 4518 4532
f 4657 4667 4526
f 4657 4526 4518
f 4667 4669 4526
f 4669 4522 4526
f 4669 4580 4576
f 4669 4576 4522
f 4580 4584 4576
f 4584 4581 4576
f 4584 4582 4588
f 4584 4588 4581
f 4582 4550 4588
f 4550 4545 4588
f 4550 4546 4548
f 4550 4548 4545
f 4546 4549 4548
f 4549 4554 4548
f 4549 4547 4552
f 4549 4552 4554
f 4547 4417 4552
f 4417 4410 4552
f 4417 4424 4416
f 4417 4416 4410
f 4424 4414 4416
f 4414 4415 4416
f 4414 4425 4437
f 4414 4437 4415
f 4425 4436 4437
f 4436 4428 4437
f 4436 4438 4433
f 4436 4433 4428
f 4438 4514 4433
f 4514 4512 4433
f 4514 4501 4503
f 4514 4503 4512
f 4501 4510 4503
f 4510 4502 4503
f 4510 4490 4485
f 4510 4485 4502
f 4490 4496 4485
f 4496 4498 4485
f 4496 4493 4487
f 4496 4487 4498
f 1370 1377 1397
f 1377 1396 1397
f 1377 1371 1389
f 1377 1389 1396
f 1371 1391 1389
f 1391 1388 1389
f 1391 1395 1394
f 1391 1394 1388
f 1395 1360 1394
f 1360 1363 1394
f 1360 1361 1365
f 1360 1365 1363
f 1361 1334 1365
f 1334 1324 1365
f 1334 1336 1323
f 1334 1323 1324
f 1336 1335 1323
f 1335 1337 1323
f 1335 1326 1329
f 1335 1329 1337
f 1326 1333 1329
f 1333 1328 1329
f 1333 1513 1504
f 1333 1504 1328
f 1513 1512 1504
f 1512 1515 1504
f 1512 1514 1517
f 1512 1517 1515
f 1514 1522 1517
f 1522 1523 1517
f 1522 1521 1524
f 1522 1524 1523
f 1521 1529 1524
f 1529 1519 1524
f 1529 1526 1528
f 1529 1528 1519
f 1526 1534 1528
f 1534 1494 1528
f 1534 1546 1489
f 1534 1489 1494
f 1546 1486 1489
f 1486 1491 1489
f 1486 1485 1472
f 1486 1472 1491
f 1485 1484 1472
f 1484 1474 1472
f 1484 1476 1479
f 1484 1479 1474
f 1476 1940 1479
f 1940 1937 1479
f 1940 1941 1938
f 1940 1938 1937
f 1941 1942 1938
f 1942 1946 1938
f 1942 1947 270
f 1942 270 1946
f 1947 269 270
f 269 267 270
f 269 273 261
f 269 261 267
f 273 275 261
f 275 264 261
f 275 276 282
f 275 282 264
f 276 286 282
f 286 278 282
f 286 283 281
f 286 281 278
f 283 232 281
f 232 173 281
f 232 234 172
f 232 172 173
f 234 239 172
f 239 168 172
f 239 256 202
f 239 202 168
f 256 255 202
f 255 204 202
f 255 251 200
f 255 200 204
f 251 253 200
f 253 201 200
f 253 58 68
f 253 68 201
f 58 59 68
f 59 67 68
f 59 50 75
f 59 75 67
f 50 57 75
f 57 74 75
f 57 41 6
f 57 6 74
f 41 30 6
f 30 2 6
f 30 42 3
f 30 3 2
f 42 24 3
f 24 23 3
f 24 22 25
f 24 25 23
f 22 4027 25
f 4027 3888 25
f 4027 4031 3897
f 4027 3897 3888
f 4031 4025 3897
f 4025 3895 3897
f 4025 4026 3898
f 4025 3898 3895
f 4026 3913 3898
f 3913 3908 3898
f 3913 3914 3912
f 3913 3912 3908
f 3914 3909 3912
f 3909 3907 3912
f 3909 3959 3958
f 3909 3958 3907
f 3959 3960 3958
f 3960 3951 3958
f 3960 3954 3952
f 3960 3952 3951
f 3954 3926 3952
f 3926 3936 3952
f 3926 3930 3932
f 3926 3932 3936
f 3930 3919 3932
f 3919 3942 3932
f 3919 3884 3880
f 3919 3880 3942
f 3884 3874 3880
f 3874 3878 3880
f 3874 3870 3877
f 3874 3877 3878
f 3870 3875 3877
f 3875 3876 3877
f 3875 3868 3859
f 3875 3859 3876
f 3868 3867 3859
f 3867 3860 3859
f 3867 3861 3858
f 3867 3858 3860
f 3861 3823 3858
f 3823 3820 3858
f 3823 3821 3818
f 3823 3818 3820
f 3821 3824 3818
f 3824 3811 3818
f 3824 3822 3817
f 3824 3817 3811
f 3822 4536 3817
f 4536 4535 3817
f 4536 4537 4538
f 4536 4538 4535
f 4537 4532 4538
f 4532 4544 4538
f 4532 4518 4515
f 4532 4515 4544
f 4518 4526 4515
f 4526 4525 4515
f 4526 4522 4521
f 4526 4521 4525
f 4522 4576 4521
f 4576 4574 4521
f 4576 4581 4579
f 4576 4579 4574
f 4581 4588 4579
f 4588 4578 4579
f 4588 4545 4565
f 4588 4565 4578
f 4545 4548 4565
f 4548 4571 4565
f 4548 4554 4557
f 4548 4557 4571
f 4554 4552 4557
f 4552 4553 4557
f 4552 4410 4421
f 4552 4421 4553
f 4410 4416 4421
f 4416 4422 4421
f 4416 4415 4431
f 4416 4431 4422
f 4415 4437 4431
f 4437 4435 4431
f 4437 4428 4426
f 4437 4426 4435
f 4428 4433 4426
f 4433 4434 4426
f 4433 4512 4513
f 4433 4513 4434
f 4512 4503 4513
f 4503 4511 4513
f 4503 4502 4500
f 4503 4500 4511
f 4502 4485 4500
f 4485 4486 4500
f 4485 4498 4488
f 4485 4488 4486
f 4498 4487 4488
f 4487 4489 4488
f 1397 1396 1390
f 1397 1390 1383
f 1396 1389 1390
f 1389 1384 1390
f 1389 1388 1385
f 1389 1385 1384
f 1388 1394 1385
f 1394 1393 1385
f 1394 1363 1359
f 1394 1359 1393
f 1363 1365 1359
f 1365 1353 1359
f 1365 1324 1330
f 1365 1330 1353
f 1324 1323 1330
f 1323 1332 1330
f 1323 1337 1325
f 1323 1325 1332
f 1337 1329 1325
f 1329 1331 1325
f 1329 1328 1327
f 1329 1327 1331
f 1328 1504 1327
f 1504 1426 1327
f 1504 1515 1416
f 1504 1416 1426
f 1515 1517 1416
f 1517 1417 1416
f 1517 1523 1520
f 1517 1520 1417
f 1523 1524 1520
f 1524 1525 1520
f 1524 1519 1527
f 1524 1527 1525
f 1519 1528 1527
f 1528 1531 1527
f 1528 1494 1492
f 1528 1492 1531
f 1494 1489 1492
f 1489 1501 1492
f 1489 1491 1488
f 1489 1488 1501
f 1491 1472 1488
f 1472 1473 1488
f 1472 1474 1475
f 1472 1475 1473
f 1474 1479 1475
f 1479 1477 1475
f 1479 1937 1478
f 1479 1478 1477
f 1937 1938 1478
f 1938 631 1478
f 1938 1946 632
f 1938 632 631
f 1946 270 632
f 270 272 632
f 270 267 271
f 270 271 272
f 267 261 271
f 261 266 271
f 261 264 262
f 261 262 266
f 264 282 262
f 282 280 262
f 282 278 277
f 282 277 280
f 278 281 277
f 281 169 277
f 281 173 171
f 281 171 169
f 173 172 171
f 172 170 171
f 172 168 181
f 172 181 170
f 168 202 181
f 202 212 181
f 202 204 197
f 202 197 212
f 204 200 197
f 200 199 197
f 200 201 210
f 200 210 199
f 201 68 210
f 68 70 210
f 68 67 62
f 68 62 70
f 67 75 62
f 75 66 62
f 75 74 63
f 75 63 66
f 74 6 63
f 6 11 63
f 6 2 7
f 6 7 11
f 2 3 7
f 3 5 7
f 3 23 19
f 3 19 5
f 23 25 19
f 25 26 19
f 25 3888 3893
f 25 3893 26
f 3888 3897 3893
f 3897 3892 3893
f 3897 3895 3896
f 3897 3896 3892
f 3895 3898 3896
f 3898 3891 3896
f 3898 3908 3915
f 3898 3915 3891
f 3908 3912 3915
f 3912 3902 3915
f 3912 3907 3906
f 3912 3906 3902
f 3907 3958 3906
f 3958 3947 3906
f 3958 3951 3948
f 3958 3948 3947
f 3951 3952 3948
f 3952 3950 3948
f 3952 3936 3938
f 3952 3938 3950
f 3936 3932 3938
f 3932 3940 3938
f 3932 3942 3941
f 3932 3941 3940
f 3942 3880 3941
f 3880 3943 3941
f 3880 3878 3844
f 3880 3844 3943
f 3878 3877 3844
f 3877 3853 3844
f 3877 3876 3852
f 3877 3852 3853
f 3876 3859 3852
f 3859 3847 3852
f 3859 3860 3869
f 3859 3869 3847
f 3860 3858 3869
f 3858 3830 3869
f 3858 3820 3833
f 3858 3833 3830
f 3820 3818 3833
f 3818 3838 3833
f 3818 3811 3835
f 3818 3835 3838
f 3811 3817 3835
f 3817 3829 3835
f 3817 4535 4534
f 3817 4534 3829
f 4535 4538 4534
f 4538 4539 4534
f 4538 4544 4541
f 4538 4541 4539
f 4544 4515 4541
f 4515 4529 4541
f 4515 4525 4528
f 4515 4528 4529
f 4525 4521 4528
f 4521 4519 4528
f 4521 4574 4585
f 4521 4585 4519
f 4574 4579 4585
f 4579 4587 4585
f 4579 4578 4589
f 4579 4589 4587
f 4578 4565 4589
f 4565 4564 4589
f 4565 4571 4566
f 4565 4566 4564
f 4571 4557 4566
f 4557 4568 4566
f 4557 4553 4567
f 4557 4567 4568
f 4553 4421 4567
f 4421 4418 4567
f 4421 4422 4423
f 4421 4423 4418
f 4422 4431 4423
f 4431 4432 4423
f 4431 4435 4430
f 4431 4430 4432
f 4435 4426 4430
f 4426 4439 4430
f 4426 4434 4482
f 4426 4482 4439
f 4434 4513 4482
f 4513 4476 4482
f 4513 4511 4473
f 4513 4473 4476
f 4511 4500 4473
f 4500 4472 4473
f 4500 4486 4481
f 4500 4481 4472
f 4486 4488 4481
f 4488 4484 4481
f 4488 4489 4475
f 4488 4475 4484
f 1383 1390 1392
f 1390 1387 1392
f 1390 1384 1386
f 1390 1386 1387
f 1384 1385 1386
f 1385 1311 1386
f 1385 1393 1317
f 1385 1317 1311
f 1393 1359 1317
f 1359 1310 1317
f 1359 1353 1308
f 1359 1308 1310
f 1353 1330 1308
f 1330 1262 1308
f 1330 1332 1267
f 1330 1267 1262
f 1332 1325 1267
f 1325 1272 1267
f 1325 1331 1271
f 1325 1271 1272
f 1331 1327 1271
f 1327 1263 1271
f 1327 1426 1414
f 1327 1414 1263
f 1426 1416 1414
f 1416 1419 1414
f 1416 1417 1425
f 1416 1425 1419
f 1417 1520 1425
f 1520 1418 1425
f 1520 1525 1433
f 1520 1433 1418
f 1525 1527 1433
f 1527 1441 1433
f 1527 1531 1439
f 1527 1439 1441
f 1531 1492 1439
f 1492 1436 1439
f 1492 1501 1497
f 1492 1497 1436
f 1501 1488 1497
f 1488 1495 1497
f 1488 1473 1496
f 1488 1496 1495
f 1473 1475 1496
f 1475 1493 1496
f 1475 1477 1480
f 1475 1480 1493
f 1477 1478 1480
f 1478 625 1480
f 1478 631 619
f 1478 619 625
f 631 632 619
f 632 624 619
f 632 272 628
f 632 628 624
f 272 271 628
f 271 259 628
f 271 266 263
f 271 263 259
f 266 262 263
f 262 268 263
f 262 280 258
f 262 258 268
f 280 277 258
f 277 163 258
f 277 169 167
f 277 167 163
f 169 171 167
f 171 175 167
f 171 170 176
f 171 176 175
f 170 181 176
f 181 180 176
f 181 212 206
f 181 206 180
f 212 197 206
f 197 198 206
f 197 199 211
f 197 211 198
f 199 210 211
f 210 203 211
f 210 70 69
f 210 69 203
f 70 62 69
f 62 71 69
f 62 66 72
f 62 72 71
f 66 63 72
f 63 4 72
f 63 11 14
f 63 14 4
f 11 7 14
f 7 8 14
f 7 5 1
f 7 1 8
f 5 19 1
f 19 27 1
f 19 26 21
f 19 21 27
f 26 3893 21
f 3893 3887 21
f 3893 3892 3890
f 3893 3890 3887
f 3892 3896 3890
f 3896 3900 3890
f 3896 3891 3886
f 3896 3886 3900
f 3891 3915 3886
f 3915 3903 3886
f 3915 3902 3910
f 3915 3910 3903
f 3902 3906 3910
f 3906 3905 3910
f 3906 3947 3956
f 3906 3956 3905
f 3947 3948 3956
f 3948 3957 3956
f 3948 3950 3949
f 3948 3949 3957
f 3950 3938 3949
f 3938 3944 3949
f 3938 3940 3945
f 3938 3945 3944
f 3940 3941 3945
f 3941 3937 3945
f 3941 3943 3939
f 3941 3939 3937
f 3943 3844 3939
f 3844 3845 3939
f 3844 3853 3843
f 3844 3843 3845
f 3853 3852 3843
f 3852 3846 3843
f 3852 3847 3840
f 3852 3840 3846
f 3847 3869 3840
f 3869 3848 3840
f 3869 3830 3834
f 3869 3834 3848
f 3830 3833 3834
f 3833 3825 3834
f 3833 3838 3836
f 3833 3836 3825
f 3838 3835 3836
f 3835 3828 3836
f 3835 3829 3837
f 3835 3837 3828
f 3829 4534 3837
f 4534 4543 3837
f 4534 4539 4540
f 4534 4540 4543
f 4539 4541 4540
f 4541 4533 4540
f 4541 4529 4517
f 4541 4517 4533
f 4529 4528 4517
f 4528 4527 4517
f 4528 4519 4516
f 4528 4516 4527
f 4519 4585 4516
f 4585 4583 4516
f 4585 4587 4586
f 4585 4586 4583
f 4587 4589 4586
f 4589 4559 4586
f 4589 4564 4560
f 4589 4560 4559
f 4564 4566 4560
f 4566 4569 4560
f 4566 4568 4572
f 4566 4572 4569
f 4568 4567 4572
f 4567 4570 4572
f 4567 4418 4419
f 4567 4419 4570
f 4418 4423 4419
f 4423 4420 4419
f 4423 4432 4429
f 4423 4429 4420
f 4432 4430 4429
f 4430 4427 4429
f 4430 4439 4440
f 4430 4440 4427
f 4439 4482 4440
f 4482 4478 4440
f 4482 4476 4477
f 4482 4477 4478
f 4476 4473 4477
f 4473 4479 4477
f 4473 4472 4474
f 4473 4474 4479
f 4472 4481 4474
f 4481 4471 4474
f 4481 4484 4483
f 4481 4483 4471
f 4484 4475 4483
f 4475 4480 4483
f 1392 1387 1282
f 1392 1282 1281
f 1387 1386 1282
f 1386 1290 1282
f 1386 1311 1312
f 1386 1312 1290
f 1311 1317 1312
f 1317 1318 1312
f 1317 1310 1313
f 1317 1313 1318
f 1310 1308 1313
f 1308 1309 1313
f 1308 1262 1269
f 1308 1269 1309
f 1262 1267 1269
f 1267 1266 1269
f 1267 1272 1276
f 1267 1276 1266
f 1272 1271 1276
f 1271 1275 1276
f 1271 1263 1268
f 1271 1268 1275
f 1263 1414 1268
f 1414 1412 1268
f 1414 1419 1420
f 1414 1420 1412
f 1419 1425 1420
f 1425 1421 1420
f 1425 1418 1422
f 1425 1422 1421
f 1418 1433 1422
f 1433 1432 1422
f 1433 1441 1428
f 1433 1428 1432
f 1441 1439 1428
f 1439 1429 1428
f 1439 1436 1435
f 1439 1435 1429
f 1436 1497 1435
f 1497 1437 1435
f 1497 1495 1500
f 1497 1500 1437
f 1495 1496 1500
f 1496 1499 1500
f 1496 1493 1498
f 1496 1498 1499
f 1493 1480 1498
f 1480 640 1498
f 1480 625 621
f 1480 621 640
f 625 619 621
f 619 620 621
f 619 624 629
f 619 629 620
f 624 628 629
f 628 626 629
f 628 259 627
f 628 627 626
f 259 263 627
f 263 260 627
f 263 268 265
f 263 265 260
f 268 258 265
f 258 162 265
f 258 163 166
f 258 166 162
f 163 167 166
f 167 165 166
f 167 175 179
f 167 179 165
f 175 176 179
f 176 177 179
f 176 180 178
f 176 178 177
f 180 206 178
f 206 209 178
f 206 198 208
f 206 208 209
f 198 211 208
f 211 207 208
f 211 203 205
f 211 205 207
f 203 69 205
f 69 73 205
f 69 71 64
f 69 64 73
f 71 72 64
f 72 65 64
f 72 4 13
f 72 13 65
f 4 14 13
f 14 10 13
f 14 8 12
f 14 12 10
f 8 1 12
f 1 9 12
f 1 27 17
f 1 17 9
f 27 21 17
f 21 16 17
f 21 3887 18
f 21 18 16
f 3887 3890 18
f 3890 3889 18
f 3890 3900 3894
f 3890 3894 3889
f 3900 3886 3894
f 3886 3899 3894
f 3886 3903 3911
f 3886 3911 3899
f 3903 3910 3911
f 3910 3901 3911
f 3910 3905 3904
f 3910 3904 3901
f 3905 3956 3904
f 3956 3946 3904
f 3956 3957 3953
f 3956 3953 3946
f 3957 3949 3953
f 3949 3955 3953
f 3949 3944 3931
f 3949 3931 3955
f 3944 3945 3931
f 3945 3935 3931
f 3945 3937 3934
f 3945 3934 3935
f 3937 3939 3934
f 3939 3933 3934
f 3939 3845 3842
f 3939 3842 3933
f 3845 3843 3842
f 3843 3841 3842
f 3843 3846 3850
f 3843 3850 3841
f 3846 3840 3850
f 3840 3849 3850
f 3840 3848 3851
f 3840 3851 3849
f 3848 3834 3851
f 3834 3831 3851
f 3834 3825 3832
f 3834 3832 3831
f 3825 3836 3832
f 3836 3827 3832
f 3836 3828 3839
f 3836 3839 3827
f 3828 3837 3839
f 3837 3826 3839
f 3837 4543 4531
f 3837 4531 3826
f 4543 4540 4531
f 4540 4542 4531
f 4540 4533 4530
f 4540 4530 4542
f 4533 4517 4530
f 4517 4520 4530
f 4517 4527 4524
f 4517 4524 4520
f 4527 4516 4524
f 4516 4523 4524
f 4516 4583 4577
f 4516 4577 4523
f 4583 4586 4577
f 4586 4575 4577
f 4586 4559 4561
f 4586 4561 4575
f 4559 4560 4561
f 4560 4562 4561
f 4560 4569 4563
f 4560 4563 4562
f 4569 4572 4563
f 4572 4573 4563
f 4572 4570 3307
f 4572 3307 4573
f 4570 4419 3307
f 4419 3311 3307
f 4419 4420 3300
f 4419 3300 3311
f 4420 4429 3300
f 4429 3302 3300
f 4429 4427 3174
f 4429 3174 3302
f 4427 4440 3174
f 4440 3173 3174
f 4440 4478 3176
f 4440 3176 3173
f 4478 4477 3176
f 4477 3177 3176
f 4477 4479 3142
f 4477 3142 3177
f 4479 4474 3142
f 4474 3135 3142
f 4474 4471 3144
f 4474 3144 3135
f 4471 4483 3144
f 4483 3143 3144
f 4483 4480 3136
f 4483 3136 3143
f 1281 1282 1289
f 1282 1291 1289
f 1282 1290 1287
f 1282 1287 1291
f 1290 1312 1287
f 1312 1320 1287
f 1312 1318 1315
f 1312 1315 1320
f 1318 1313 1315
f 1313 1319 1315
f 1313 1309 1316
f 1313 1316 1319
f 1309 1269 1316
f 1269 1274 1316
f 1269 1266 1265
f 1269 1265 1274
f 1266 1276 1265
f 1276 1270 1265
f 1276 1275 1264
f 1276 1264 1270
f 1275 1268 1264
f 1268 1273 1264
f 1268 1412 1413
f 1268 1413 1273
f 1412 1420 1413
f 1420 1423 1413
f 1420 1421 1424
f 1420 1424 1423
f 1421 1422 1424
f 1422 1415 1424
f 1422 1432 1431
f 1422 1431 1415
f 1432 1428 1431
f 1428 1434 1431
f 1428 1429 1430
f 1428 1430 1434
f 1429 1435 1430
f 1435 1438 1430
f 1435 1437 1427
f 1435 1427 1438
f 1437 1500 1427
f 1500 1490 1427
f 1500 1499 1487
f 1500 1487 1490
f 1499 1498 1487
f 1498 645 1487
f 1498 640 635
f 1498 635 645
f 640 621 635
f 621 641 635
f 621 620 623
f 621 623 641
f 620 629 623
f 629 618 623
f 629 626 630
f 629 630 618
f 626 627 630
f 627 622 630
f 627 260 691
f 627 691 622
f 260 265 691
f 265 686 691
f 265 162 161
f 265 161 686
f 162 166 161
f 166 153 161
f 166 165 156
f 166 156 153
f 165 179 156
f 179 152 156
f 179 177 174
f 179 174 152
f 177 178 174
f 178 226 174
f 178 209 214
f 178 214 226
f 209 208 214
f 208 219 214
f 208 207 216
f 208 216 219
f 207 205 216
f 205 143 216
f 205 73 141
f 205 141 143
f 73 64 141
f 64 148 141
f 64 65 146
f 64 146 148
f 65 13 146
f 13 147 146
f 13 10 112
f 13 112 147
f 10 12 112
f 12 117 112
f 12 9 118
f 12 118 117
f 9 17 118
f 17 109 118
f 17 16 29
f 17 29 109
f 16 18 29
f 18 28 29
f 18 3889 2814
f 18 2814 28
f 3889 3894 2814
f 3894 2820 2814
f 3894 3899 2819
f 3894 2819 2820
f 3899 3911 2819
f 3911 2793 2819
f 3911 3901 2802
f 3911 2802 2793
f 3901 3904 2802
f 3904 2795 2802
f 3904 3946 2905
f 3904 2905 2795
f 3946 3953 2905
f 3953 2902 2905
f 3953 3955 2897
f 3953 2897 2902
f 3955 3931 2897
f 3931 2916 2897
f 3931 3935 2920
f 3931 2920 2916
f 3935 3934 2920
f 3934 2915 2920
f 3934 3933 2935
f 3934 2935 2915
f 3933 3842 2935
f 3842 2932 2935
f 3842 3841 3854
f 3842 3854 2932
f 3841 3850 3854
f 3850 2570 3854
f 3850 3849 2573
f 3850 2573 2570
f 3849 3851 2573
f 3851 2578 2573
f 3851 3831 2580
f 3851 2580 2578
f 3831 3832 2580
f 3832 2560 2580
f 3832 3827 2553
f 3832 2553 2560
f 3827 3839 2553
f 3839 2561 2553
f 3839 3826 2559
f 3839 2559 2561
f 3826 4531 2559
f 4531 2544 2559
f 4531 4542 2545
f 4531 2545 2544
f 4542 4530 2545
f 4530 2546 2545
f 4530 4520 3264
f 4530 3264 2546
f 4520 4524 3264
f 4524 3262 3264
f 4524 4523 3261
f 4524 3261 3262
f 4523 4577 3261
f 4577 3281 3261
f 4577 4575 3271
f 4577 3271 3281
f 4575 4561 3271
f 4561 3283 3271
f 4561 4562 3287
f 4561 3287 3283
f 4562 4563 3287
f 4563 3289 3287
f 4563 4573 3304
f 4563 3304 3289
f 4573 3307 3304
f 3307 3312 3304
f 3307 3311 3309
f 3307 3309 3312
f 3311 3300 3309
f 3300 3310 3309
f 3300 3302 3301
f 3300 3301 3310
f 3302 3174 3301
f 3174 3171 3301
f 3174 3173 3172
f 3174 3172 3171
f 3173 3176 3172
f 3176 3178 3172
f 3176 3177 3166
f 3176 3166 3178
f 3177 3142 3166
f 3142 3148 3166
f 3142 3135 3149
f 3142 3149 3148
f 3135 3144 3149
f 3144 3146 3149
f 3144 3143 3147
f 3144 3147 3146
f 3143 3136 3147
f 3136 3145 3147
f 1289 1291 1278
f 1289 1278 1283
f 1291 1287 1278
f 1287 1288 1278
f 1287 1320 1322
f 1287 1322 1288
f 1320 1315 1322
f 1315 1321 1322
f 1315 1319 1314
f 1315 1314 1321
f 1319 1316 1314
f 1316 1297 1314
f 1316 1274 1299
f 1316 1299 1297
f 1274 1265 1299
f 1265 1254 1299
f 1265 1270 1248
f 1265 1248 1254
f 1270 1264 1248
f 1264 1253 1248
f 1264 1273 1261
f 1264 1261 1253
f 1273 1413 1261
f 1413 1408 1261
f 1413 1423 1404
f 1413 1404 1408
f 1423 1424 1404
f 1424 1407 1404
f 1424 1415 1451
f 1424 1451 1407
f 1415 1431 1451
f 1431 1442 1451
f 1431 1434 1446
f 1431 1446 1442
f 1434 1430 1446
f 1430 1453 1446
f 1430 1438 1440
f 1430 1440 1453
f 1438 1427 1440
f 1427 1464 1440
f 1427 1490 1463
f 1427 1463 1464
f 1490 1487 1463
f 1487 642 1463
f 1487 645 646
f 1487 646 642
f 645 635 646
f 635 633 646
f 635 641 634
f 635 634 633
f 641 623 634
f 623 660 634
f 623 618 650
f 623 650 660
f 618 630 650
f 630 651 650
f 630 622 682
f 630 682 651
f 622 691 682
f 691 683 682
f 691 686 690
f 691 690 683
f 686 161 690
f 161 157 690
f 161 153 155
f 161 155 157
f 153 156 155
f 156 160 155
f 156 152 154
f 156 154 160
f 152 174 154
f 174 217 154
f 174 226 218
f 174 218 217
f 226 214 218
f 214 223 218
f 214 219 222
f 214 222 223
f 219 216 222
f 216 220 222
f 216 143 140
f 216 140 220
f 143 141 140
f 141 145 140
f 141 148 151
f 141 151 145
f 148 146 151
f 146 149 151
f 146 147 138
f 146 138 149
f 147 112 138
f 112 111 138
f 112 117 116
f 112 116 111
f 117 118 116
f 118 110 116
f 118 109 114
f 118 114 110
f 109 29 114
f 29 84 114
f 29 28 86
f 29 86 84
f 28 2814 86
f 2814 2812 86
f 2814 2820 2811
f 2814 2811 2812
f 2820 2819 2811
f 2819 2808 2811
f 2819 2793 2794
f 2819 2794 2808
f 2793 2802 2794
f 2802 2803 2794
f 2802 2795 2796
f 2802 2796 2803
f 2795 2905 2796
f 2905 2899 2796
f 2905 2902 2908
f 2905 2908 2899
f 2902 2897 2908
f 2897 2907 2908
f 2897 2916 2921
f 2897 2921 2907
f 2916 2920 2921
f 2920 2924 2921
f 2920 2915 2925
f 2920 2925 2924
f 2915 2935 2925
f 2935 2927 2925
f 2935 2932 2941
f 2935 2941 2927
f 2932 3854 2941
f 3854 2934 2941
f 3854 2570 2572
f 3854 2572 2934
f 2570 2573 2572
f 2573 2581 2572
f 2573 2578 2576
f 2573 2576 2581
f 2578 2580 2576
f 2580 2569 2576
f 2580 2560 2562
f 2580 2562 2569
f 2560 2553 2562
f 2553 2557 2562
f 2553 2561 2555
f 2553 2555 2557
f 2561 2559 2555
f 2559 2554 2555
f 2559 2544 2538
f 2559 2538 2554
f 2544 2545 2538
f 2545 2537 2538
f 2545 2546 2548
f 2545 2548 2537
f 2546 3264 2548
f 3264 3269 2548
f 3264 3262 3268
f 3264 3268 3269
f 3262 3261 3268
f 3261 3267 3268
f 3261 3281 3277
f 3261 3277 3267
f 3281 3271 3277
f 3271 3272 3277
f 3271 3283 3270
f 3271 3270 3272
f 3283 3287 3270
f 3287 3296 3270
f 3287 3289 3297
f 3287 3297 3296
f 3289 3304 3297
f 3304 3308 3297
f 3304 3312 3306
f 3304 3306 3308
f 3312 3309 3306
f 3309 3313 3306
f 3309 3310 3305
f 3309 3305 3313
f 3310 3301 3305
f 3301 3303 3305
f 3301 3171 3175
f 3301 3175 3303
f 3171 3172 3175
f 3172 3169 3175
f 3172 3178 3168
f 3172 3168 3169
f 3178 3166 3168
f 3166 3167 3168
f 3166 3148 3140
f 3166 3140 3167
f 3148 3149 3140
f 3149 3141 3140
f 3149 3146 3137
f 3149 3137 3141
f 3146 3147 3137
f 3147 3138 3137
f 3147 3145 3139
f 3147 3139 3138
f 1283 1278 1285
f 1278 1280 1285
f 1278 1288 1284
f 1278 1284 1280
f 1288 1322 1284
f 1322 1295 1284
f 1322 1321 1296
f 1322 1296 1295
f 1321 1314 1296
f 1314 1298 1296
f 1314 1297 1303
f 1314 1303 1298
f 1297 1299 1303
f 1299 1300 1303
f 1299 1254 1249
f 1299 1249 1300
f 1254 1248 1249
f 1248 1247 1249
f 1248 1253 1257
f 1248 1257 1247
f 1253 1261 1257
f 1261 1256 1257
f 1261 1408 1399
f 1261 1399 1256
f 1408 1404 1399
f 1404 1398 1399
f 1404 1407 1411
f 1404 1411 1398
f 1407 1451 1411
f 1451 1450 1411
f 1451 1442 1443
f 1451 1443 1450
f 1442 1446 1443
f 1446 1444 1443
f 1446 1453 1445
f 1446 1445 1444
f 1453 1440 1445
f 1440 1470 1445
f 1440 1464 1465
f 1440 1465 1470
f 1464 1463 1465
f 1463 1459 1465
f 1463 642 637
f 1463 637 1459
f 642 646 637
f 646 638 637
f 646 633 647
f 646 647 638
f 633 634 647
f 634 643 647
f 634 660 659
f 634 659 643
f 660 650 659
f 650 658 659
f 650 651 656
f 650 656 658
f 651 682 656
f 682 685 656
f 682 683 681
f 682 681 685
f 683 690 681
f 690 663 681
f 690 157 672
f 690 672 663
f 157 155 672
f 155 159 672
f 155 160 158
f 155 158 159
f 160 154 158
f 154 164 158
f 154 217 224
f 154 224 164
f 217 218 224
f 218 225 224
f 218 223 227
f 218 227 225
f 223 222 227
f 222 213 227
f 222 220 194
f 222 194 213
f 220 140 194
f 140 185 194
f 140 145 139
f 140 139 185
f 145 151 139
f 151 142 139
f 151 149 136
f 151 136 142
f 149 138 136
f 138 144 136
f 138 111 113
f 138 113 144
f 111 116 113
f 116 120 113
f 116 110 119
f 116 119 120
f 110 114 119
f 114 106 119
f 114 84 77
f 114 77 106
f 84 86 77
f 86 78 77
f 86 2812 2815
f 86 2815 78
f 2812 2811 2815
f 2811 2817 2815
f 2811 2808 2821
f 2811 2821 2817
f 2808 2794 2821
f 2794 2792 2821
f 2794 2803 2804
f 2794 2804 2792
f 2803 2796 2804
f 2796 2798 2804
f 2796 2899 2900
f 2796 2900 2798
f 2899 2908 2900
f 2908 2898 2900
f 2908 2907 2903
f 2908 2903 2898
f 2907 2921 2903
f 2921 2922 2903
f 2921 2924 2923
f 2921 2923 2922
f 2924 2925 2923
f 2925 2926 2923
f 2925 2927 2930
f 2925 2930 2926
f 2927 2941 2930
f 2941 2928 2930
f 2941 2934 2939
f 2941 2939 2928
f 2934 2572 2939
f 2572 2577 2939
f 2572 2581 2575
f 2572 2575 2577
f 2581 2576 2575
f 2576 2567 2575
f 2576 2569 2568
f 2576 2568 2567
f 2569 2562 2568
f 2562 2552 2568
f 2562 2557 2565
f 2562 2565 2552
f 2557 2555 2565
f 2555 2566 2565
f 2555 2554 2564
f 2555 2564 2566
f 2554 2538 2564
f 2538 2551 2564
f 2538 2537 2550
f 2538 2550 2551
f 2537 2548 2550
f 2548 2539 2550
f 2548 3269 3266
f 2548 3266 2539
f 3269 3268 3266
f 3268 3265 3266
f 3268 3267 3263
f 3268 3263 3265
f 3267 3277 3263
f 3277 3273 3263
f 3277 3272 3282
f 3277 3282 3273
f 3272 3270 3282
f 3270 3276 3282
f 3270 3296 3286
f 3270 3286 3276
f 3296 3297 3286
f 3297 3288 3286
f 3297 3308 3292
f 3297 3292 3288
f 3308 3306 3292
f 3306 3321 3292
f 3306 3313 3320
f 3306 3320 3321
f 3313 3305 3320
f 3305 3326 3320
f 3305 3303 3316
f 3305 3316 3326
f 3303 3175 3316
f 3175 3164 3316
f 3175 3169 3170
f 3175 3170 3164
f 3169 3168 3170
f 3168 3165 3170
f 3168 3167 3159
f 3168 3159 3165
f 3167 3140 3159
f 3140 3160 3159
f 3140 3141 3115
f 3140 3115 3160
f 3141 3137 3115
f 3137 3119 3115
f 3137 3138 3118
f 3137 3118 3119
f 3138 3139 3118
f 3139 3117 3118
f 1285 1280 1286
f 1285 1286 1279
f 1280 1284 1286
f 1284 1277 1286
f 1284 1295 1304
f 1284 1304 1277
f 1295 1296 1304
f 1296 1307 1304
f 1296 1298 1302
f 1296 1302 1307
f 1298 1303 1302
f 1303 1301 1302
f 1303 1300 1293
f 1303 1293 1301
f 1300 1249 1293
f 1249 1258 1293
f 1249 1247 1255
f 1249 1255 1258
f 1247 1257 1255
f 1257 1259 1255
f 1257 1256 1400
f 1257 1400 1259
f 1256 1399 1400
f 1399 1409 1400
f 1399 1398 1405
f 1399 1405 1409
f 1398 1411 1405
f 1411 1410 1405
f 1411 1450 1447
f 1411 1447 1410
f 1450 1443 1447
f 1443 1452 1447
f 1443 1444 1449
f 1443 1449 1452
f 1444 1445 1449
f 1445 1468 1449
f 1445 1470 1467
f 1445 1467 1468
f 1470 1465 1467
f 1465 1457 1467
f 1465 1459 1461
f 1465 1461 1457
f 1459 637 1461
f 637 644 1461
f 637 638 636
f 637 636 644
f 638 647 636
f 647 639 636
f 647 643 657
f 647 657 639
f 643 659 657
f 659 662 657
f 659 658 649
f 659 649 662
f 658 656 649
f 656 648 649
f 656 685 687
f 656 687 648
f 685 681 687
f 681 684 687
f 681 663 671
f 681 671 684
f 663 672 671
f 672 674 671
f 672 159 669
f 672 669 674
f 159 158 669
f 158 1207 669
f 158 164 1201
f 158 1201 1207
f 164 224 1201
f 224 215 1201
f 224 225 221
f 224 221 215
f 225 227 221
f 227 196 221
f 227 213 183
f 227 183 196
f 213 194 183
f 194 184 183
f 194 185 188
f 194 188 184
f 185 139 188
f 139 137 188
f 139 142 150
f 139 150 137
f 142 136 150
f 136 126 150
f 136 144 130
f 136 130 126
f 144 113 130
f 113 115 130
f 113 120 107
f 113 107 115
f 120 119 107
f 119 108 107
f 119 106 85
f 119 85 108
f 106 77 85
f 77 76 85
f 77 78 88
f 77 88 76
f 78 2815 88
f 2815 2818 88
f 2815 2817 2809
f 2815 2809 2818
f 2817 2821 2809
f 2821 2810 2809
f 2821 2792 2797
f 2821 2797 2810
f 2792 2804 2797
f 2804 2806 2797
f 2804 2798 2800
f 2804 2800 2806
f 2798 2900 2800
f 2900 2901 2800
f 2900 2898 2904
f 2900 2904 2901
f 2898 2903 2904
f 2903 2906 2904
f 2903 2922 2914
f 2903 2914 2906
f 2922 2923 2914
f 2923 2912 2914
f 2923 2926 2918
f 2923 2918 2912
f 2926 2930 2918
f 2930 2937 2918
f 2930 2928 2936
f 2930 2936 2937
f 2928 2939 2936
f 2939 2931 2936
f 2939 2577 2571
f 2939 2571 2931
f 2577 2575 2571
f 2575 2574 2571
f 2575 2567 2579
f 2575 2579 2574
f 2567 2568 2579
f 2568 2592 2579
f 2568 2552 2584
f 2568 2584 2592
f 2552 2565 2584
f 2565 2558 2584
f 2565 2566 2556
f 2565 2556 2558
f 2566 2564 2556
f 2564 2563 2556
f 2564 2551 2542
f 2564 2542 2563
f 2551 2550 2542
f 2550 2547 2542
f 2550 2539 2549
f 2550 2549 2547
f 2539 3266 2549
f 3266 3256 2549
f 3266 3265 3260
f 3266 3260 3256
f 3265 3263 3260
f 3263 3255 3260
f 3263 3273 3280
f 3263 3280 3255
f 3273 3282 3280
f 3282 3275 3280
f 3282 3276 3274
f 3282 3274 3275
f 3276 3286 3274
f 3286 3293 3274
f 3286 3288 3294
f 3286 3294 3293
f 3288 3292 3294
f 3292 3291 3294
f 3292 3321 3315
f 3292 3315 3291
f 3321 3320 3315
f 3320 3323 3315
f 3320 3326 3314
f 3320 3314 3323
f 3326 3316 3314
f 3316 3324 3314
f 3316 3164 3157
f 3316 3157 3324
f 3164 3170 3157
f 3170 3150 3157
f 3170 3165 3153
f 3170 3153 3150
f 3165 3159 3153
f 3159 3158 3153
f 3159 3160 3161
f 3159 3161 3158
f 3160 3115 3161
f 3115 3114 3161
f 3115 3119 3108
f 3115 3108 3114
f 3119 3118 3108
f 3118 3113 3108
f 3118 3117 3111
f 3118 3111 3113
f 1279 1286 1665
f 1286 1658 1665
f 1286 1277 1654
f 1286 1654 1658
f 1277 1304 1654
f 1304 1663 1654
f 1304 1307 1306
f 1304 1306 1663
f 1307 1302 1306
f 1302 1305 1306
f 1302 1301 1294
f 1302 1294 1305
f 1301 1293 1294
f 1293 1292 1294
f 1293 1258 1260
f 1293 1260 1292
f 1258 1255 1260
f 1255 1251 1260
f 1255 1259 1252
f 1255 1252 1251
f 1259 1400 1252
f 1400 1406 1252
f 1400 1409 1403
f 1400 1403 1406
f 1409 1405 1403
f 1405 1402 1403
f 1405 1410 1401
f 1405 1401 1402
f 1410 1447 1401
f 1447 1456 1401
f 1447 1452 1454
f 1447 1454 1456
f 1452 1449 1454
f 1449 1448 1454
f 1449 1468 1469
f 1449 1469 1448
f 1468 1467 1469
f 1467 1471 1469
f 1467 1457 1460
f 1467 1460 1471
f 1457 1461 1460
f 1461 1458 1460
f 1461 644 744
f 1461 744 1458
f 644 636 744
f 636 741 744
f 636 639 740
f 636 740 741
f 639 657 740
f 657 653 740
f 657 662 652
f 657 652 653
f 662 649 652
f 649 661 652
f 649 648 679
f 649 679 661
f 648 687 679
f 687 678 679
f 687 684 680
f 687 680 678
f 684 671 680
f 671 675 680
f 671 674 664
f 671 664 675
f 674 669 664
f 669 667 664
f 669 1207 1205
f 669 1205 667
f 1207 1201 1205
f 1201 1211 1205
f 1201 215 1210
f 1201 1210 1211
f 215 221 1210
f 221 1208 1210
f 221 196 191
f 221 191 1208
f 196 183 191
f 183 186 191
f 183 184 193
f 183 193 186
f 184 188 193
f 188 195 193
f 188 137 182
f 188 182 195
f 137 150 182
f 150 132 182
f 150 126 133
f 150 133 132
f 126 130 133
f 130 134 133
f 130 115 135
f 130 135 134
f 115 107 135
f 107 121 135
f 107 108 89
f 107 89 121
f 108 85 89
f 85 87 89
f 85 76 81
f 85 81 87
f 76 88 81
f 88 82 81
f 88 2818 2807
f 88 2807 82
f 2818 2809 2807
f 2809 2816 2807
f 2809 2810 2813
f 2809 2813 2816
f 2810 2797 2813
f 2797 2799 2813
f 2797 2806 2801
f 2797 2801 2799
f 2806 2800 2801
f 2800 2805 2801
f 2800 2901 2911
f 2800 2911 2805
f 2901 2904 2911
f 2904 2909 2911
f 2904 2906 2910
f 2904 2910 2909
f 2906 2914 2910
f 2914 2919 2910
f 2914 2912 2917
f 2914 2917 2919
f 2912 2918 2917
f 2918 2913 2917
f 2918 2937 2933
f 2918 2933 2913
f 2937 2936 2933
f 2936 2938 2933
f 2936 2931 2940
f 2936 2940 2938
f 2931 2571 2940
f 2571 2583 2940
f 2571 2574 2591
f 2571 2591 2583
f 2574 2579 2591
f 2579 2590 2591
f 2579 2592 2589
f 2579 2589 2590
f 2592 2584 2589
f 2584 2594 2589
f 2584 2558 2530
f 2584 2530 2594
f 2558 2556 2530
f 2556 2529 2530
f 2556 2563 2526
f 2556 2526 2529
f 2563 2542 2526
f 2542 2543 2526
f 2542 2547 2540
f 2542 2540 2543
f 2547 2549 2540
f 2549 2541 2540
f 2549 3256 3257
f 2549 3257 2541
f 3256 3260 3257
f 3260 3259 3257
f 3260 3255 3258
f 3260 3258 3259
f 3255 3280 3258
f 3280 3284 3258
f 3280 3275 3279
f 3280 3279 3284
f 3275 3274 3279
f 3274 3278 3279
f 3274 3293 3298
f 3274 3298 3278
f 3293 3294 3298
f 3294 3290 3298
f 3294 3291 3285
f 3294 3285 3290
f 3291 3315 3285
f 3315 3317 3285
f 3315 3323 3327
f 3315 3327 3317
f 3323 3314 3327
f 3314 3318 3327
f 3314 3324 3325
f 3314 3325 3318
f 3324 3157 3325
f 3157 3155 3325
f 3157 3150 3154
f 3157 3154 3155
f 3150 3153 3154
f 3153 3156 3154
f 3153 3158 3151
f 3153 3151 3156
f 3158 3161 3151
f 3161 3152 3151
f 3161 3114 3116
f 3161 3116 3152
f 3114 3108 3116
f 3108 3107 3116
f 3108 3113 3106
f 3108 3106 3107
f 3113 3111 3106
f 3111 3105 3106
f 1665 1658 1660
f 1665 1660 1666
f 1658 1654 1660
f 1654 1655 1660
f 1654 1663 1656
f 1654 1656 1655
f 1663 1306 1656
f 1306 1657 1656
f 1306 1305 1649
f 1306 1649 1657
f 1305 1294 1649
f 1294 1653 1649
f 1294 1292 1639
f 1294 1639 1653
f 1292 1260 1639
f 1260 1646 1639
f 1260 1251 1250
f 1260 1250 1646
f 1251 1252 1250
f 1252 1582 1250
f 1252 1406 1592
f 1252 1592 1582
f 1406 1403 1592
f 1403 1590 1592
f 1403 1402 1588
f 1403 1588 1590
f 1402 1401 1588
f 1401 1589 1588
f 1401 1456 1455
f 1401 1455 1589
f 1456 1454 1455
f 1454 1564 1455
f 1454 1448 1566
f 1454 1566 1564
f 1448 1469 1566
f 1469 1466 1566
f 1469 1471 1462
f 1469 1462 1466
f 1471 1460 1462
f 1460 736 1462
f 1460 1458 735
f 1460 735 736
f 1458 744 735
f 744 742 735
f 744 741 739
f 744 739 742
f 741 740 739
f 740 746 739
f 740 653 748
f 740 748 746
f 653 652 748
f 652 655 748
f 652 661 654
f 652 654 655
f 661 679 654
f 679 677 654
f 679 678 688
f 679 688 677
f 678 680 688
f 680 689 688
f 680 675 665
f 680 665 689
f 675 664 665
f 664 670 665
f 664 667 673
f 664 673 670
f 667 1205 673
f 1205 1206 673
f 1205 1211 1200
f 1205 1200 1206
f 1211 1210 1200
f 1210 1209 1200
f 1210 1208 1212
f 1210 1212 1209
f 1208 191 1212
f 191 1204 1212
f 191 186 192
f 191 192 1204
f 186 193 192
f 193 189 192
f 193 195 190
f 193 190 189
f 195 182 190
f 182 187 190
f 182 132 127
f 182 127 187
f 132 133 127
f 133 128 127
f 133 134 129
f 133 129 128
f 134 135 129
f 135 122 129
f 135 121 131
f 135 131 122
f 121 89 131
f 89 83 131
f 89 87 80
f 89 80 83
f 87 81 80
f 81 90 80
f 81 82 79
f 81 79 90
f 82 2807 79
f 2807 2826 79
f 2807 2816 2836
f 2807 2836 2826
f 2816 2813 2836
f 2813 2858 2836
f 2813 2799 2861
f 2813 2861 2858
f 2799 2801 2861
f 2801 2866 2861
f 2801 2805 2855
f 2801 2855 2866
f 2805 2911 2855
f 2911 2863 2855
f 2911 2909 2890
f 2911 2890 2863
f 2909 2910 2890
f 2910 2884 2890
f 2910 2919 2885
f 2910 2885 2884
f 2919 2917 2885
f 2917 2881 2885
f 2917 2913 2870
f 2917 2870 2881
f 2913 2933 2870
f 2933 2869 2870
f 2933 2938 2929
f 2933 2929 2869
f 2938 2940 2929
f 2940 2631 2929
f 2940 2583 2626
f 2940 2626 2631
f 2583 2591 2626
f 2591 2585 2626
f 2591 2590 2595
f 2591 2595 2585
f 2590 2589 2595
f 2589 2593 2595
f 2589 2594 2587
f 2589 2587 2593
f 2594 2530 2587
f 2530 2525 2587
f 2530 2529 2524
f 2530 2524 2525
f 2529 2526 2524
f 2526 2523 2524
f 2526 2543 2536
f 2526 2536 2523
f 2543 2540 2536
f 2540 2522 2536
f 2540 2541 2533
f 2540 2533 2522
f 2541 3257 2533
f 3257 3350 2533
f 3257 3259 3349
f 3257 3349 3350
f 3259 3258 3349
f 3258 3371 3349
f 3258 3284 3368
f 3258 3368 3371
f 3284 3279 3368
f 3279 3363 3368
f 3279 3278 3374
f 3279 3374 3363
f 3278 3298 3374
f 3298 3367 3374
f 3298 3290 3295
f 3298 3295 3367
f 3290 3285 3295
f 3285 3299 3295
f 3285 3317 3394
f 3285 3394 3299
f 3317 3327 3394
f 3327 3322 3394
f 3327 3318 3328
f 3327 3328 3322
f 3318 3325 3328
f 3325 3319 3328
f 3325 3155 3210
f 3325 3210 3319
f 3155 3154 3210
f 3154 3162 3210
f 3154 3156 3163
f 3154 3163 3162
f 3156 3151 3163
f 3151 3122 3163
f 3151 3152 3123
f 3151 3123 3122
f 3152 3116 3123
f 3116 3126 3123
f 3116 3107 3109
f 3116 3109 3126
f 3107 3106 3109
f 3106 3110 3109
f 3106 3105 3112
f 3106 3112 3110
f 1666 1660 1659
f 1660 1664 1659
f 1660 1655 1662
f 1660 1662 1664
f 1655 1656 1662
f 1656 1661 1662
f 1656 1657 1667
f 1656 1667 1661
f 1657 1649 1667
f 1649 1645 1667
f 1649 1653 1641
f 1649 1641 1645
f 1653 1639 1641
f 1639 1643 1641
f 1639 1646 1652
f 1639 1652 1643
f 1646 1250 1652
f 1250 1648 1652
f 1250 1582 1580
f 1250 1580 1648
f 1582 1592 1580
f 1592 1583 1580
f 1592 1590 1581
f 1592 1581 1583
f 1590 1588 1581
f 1588 1593 1581
f 1588 1589 1587
f 1588 1587 1593
f 1589 1455 1587
f 1455 1573 1587
f 1455 1564 1576
f 1455 1576 1573
f 1564 1566 1576
f 1566 1577 1576
f 1566 1466 1578
f 1566 1578 1577
f 1466 1462 1578
f 1462 1565 1578
f 1462 736 734
f 1462 734 1565
f 736 735 734
f 735 733 734
f 735 742 749
f 735 749 733
f 742 739 749
f 739 737 749
f 739 746 738
f 739 738 737
f 746 748 738
f 748 743 738
f 748 655 760
f 748 760 743
f 655 654 760
f 654 763 760
f 654 677 697
f 654 697 763
f 677 688 697
f 688 699 697
f 688 689 706
f 688 706 699
f 689 665 706
f 665 668 706
f 665 670 676
f 665 676 668
f 670 673 676
f 673 666 676
f 673 1206 1219
f 673 1219 666
f 1206 1200 1219
f 1200 1215 1219
f 1200 1209 1213
f 1200 1213 1215
f 1209 1212 1213
f 1212 1202 1213
f 1212 1204 1214
f 1212 1214 1202
f 1204 192 1214
f 192 1170 1214
f 192 189 1185
f 192 1185 1170
f 189 190 1185
f 190 1184 1185
f 190 187 1171
f 190 1171 1184
f 187 127 1171
f 127 1176 1171
f 127 128 125
f 127 125 1176
f 128 129 125
f 129 124 125
f 129 122 123
f 129 123 124
f 122 131 123
f 131 95 123
f 131 83 97
f 131 97 95
f 83 80 97
f 80 91 97
f 80 90 92
f 80 92 91
f 90 79 92
f 79 94 92
f 79 2826 2824
f 79 2824 94
f 2826 2836 2824
f 2836 2825 2824
f 2836 2858 2853
f 2836 2853 2825
f 2858 2861 2853
f 2861 2852 2853
f 2861 2866 2859
f 2861 2859 2852
f 2866 2855 2859
f 2855 2860 2859
f 2855 2863 2864
f 2855 2864 2860
f 2863 2890 2864
f 2890 2891 2864
f 2890 2884 2887
f 2890 2887 2891
f 2884 2885 2887
f 2885 2894 2887
f 2885 2881 2868
f 2885 2868 2894
f 2881 2870 2868
f 2870 2873 2868
f 2870 2869 2880
f 2870 2880 2873
f 2869 2929 2880
f 2929 2872 2880
f 2929 2631 2633
f 2929 2633 2872
f 2631 2626 2633
f 2626 2639 2633
f 2626 2585 2635
f 2626 2635 2639
f 2585 2595 2635
f 2595 2582 2635
f 2595 2593 2586
f 2595 2586 2582
f 2593 2587 2586
f 2587 2588 2586
f 2587 2525 2531
f 2587 2531 2588
f 2525 2524 2531
f 2524 2527 2531
f 2524 2523 2532
f 2524 2532 2527
f 2523 2536 2532
f 2536 2535 2532
f 2536 2522 2528
f 2536 2528 2535
f 2522 2533 2528
f 2533 2534 2528
f 2533 3350 3347
f 2533 3347 2534
f 3350 3349 3347
f 3349 3354 3347
f 3349 3371 3366
f 3349 3366 3354
f 3371 3368 3366
f 3368 3364 3366
f 3368 3363 3360
f 3368 3360 3364
f 3363 3374 3360
f 3374 3361 3360
f 3374 3367 3369
f 3374 3369 3361
f 3367 3295 3369
f 3295 3396 3369
f 3295 3299 3390
f 3295 3390 3396
f 3299 3394 3390
f 3394 3392 3390
f 3394 3322 3404
f 3394 3404 3392
f 3322 3328 3404
f 3328 3398 3404
f 3328 3319 3217
f 3328 3217 3398
f 3319 3210 3217
f 3210 3221 3217
f 3210 3162 3211
f 3210 3211 3221
f 3162 3163 3211
f 3163 3220 3211
f 3163 3122 3127
f 3163 3127 3220
f 3122 3123 3127
f 3123 3121 3127
f 3123 3126 3130
f 3123 3130 3121
f 3126 3109 3130
f 3109 3129 3130
f 3109 3110 3128
f 3109 3128 3129
f 3110 3112 3128
f 3112 3120 3128
f 1659 1664 1685
f 1659 1685 1686
f 1664 1662 1685
f 1662 1684 1685
f 1662 1661 1676
f 1662 1676 1684
f 1661 1667 1676
f 1667 1680 1676
f 1667 1645 1650
f 1667 1650 1680
f 1645 1641 1650
f 1641 1642 1650
f 1641 1643 1640
f 1641 1640 1642
f 1643 1652 1640
f 1652 1644 1640
f 1652 1648 1651
f 1652 1651 1644
f 1648 1580 1651
f 1580 1579 1651
f 1580 1583 1591
f 1580 1591 1579
f 1583 1581 1591
f 1581 1585 1591
f 1581 1593 1584
f 1581 1584 1585
f 1593 1587 1584
f 1587 1586 1584
f 1587 1573 1575
f 1587 1575 1586
f 1573 1576 1575
f 1576 1574 1575
f 1576 1577 1563
f 1576 1563 1574
f 1577 1578 1563
f 1578 1571 1563
f 1578 1565 1567
f 1578 1567 1571
f 1565 734 1567
f 734 723 1567
f 734 733 722
f 734 722 723
f 733 749 722
f 749 745 722
f 749 737 747
f 749 747 745
f 737 738 747
f 738 750 747
f 738 743 752
f 738 752 750
f 743 760 752
f 760 751 752
f 760 763 762
f 760 762 751
f 763 697 762
f 697 695 762
f 697 699 694
f 697 694 695
f 699 706 694
f 706 707 694
f 706 668 719
f 706 719 707
f 668 676 719
f 676 708 719
f 676 666 1218
f 676 1218 708
f 666 1219 1218
f 1219 1229 1218
f 1219 1215 1225
f 1219 1225 1229
f 1215 1213 1225
f 1213 1223 1225
f 1213 1202 1203
f 1213 1203 1223
f 1202 1214 1203
f 1214 1182 1203
f 1214 1170 1183
f 1214 1183 1182
f 1170 1185 1183
f 1185 1172 1183
f 1185 1184 1173
f 1185 1173 1172
f 1184 1171 1173
f 1171 1174 1173
f 1171 1176 1177
f 1171 1177 1174
f 1176 125 1177
f 125 968 1177
f 125 124 972
f 125 972 968
f 124 123 972
f 123 965 972
f 123 95 98
f 123 98 965
f 95 97 98
f 97 103 98
f 97 91 105
f 97 105 103
f 91 92 105
f 92 96 105
f 92 94 104
f 92 104 96
f 94 2824 104
f 2824 2827 104
f 2824 2825 2828
f 2824 2828 2827
f 2825 2853 2828
f 2853 2857 2828
f 2853 2852 2865
f 2853 2865 2857
f 2852 2859 2865
f 2859 2856 2865
f 2859 2860 2854
f 2859 2854 2856
f 2860 2864 2854
f 2864 2862 2854
f 2864 2891 2889
f 2864 2889 2862
f 2891 2887 2889
f 2887 2896 2889
f 2887 2894 2892
f 2887 2892 2896
f 2894 2868 2892
f 2868 2875 2892
f 2868 2873 2876
f 2868 2876 2875
f 2873 2880 2876
f 2880 2877 2876
f 2880 2872 2879
f 2880 2879 2877
f 2872 2633 2879
f 2633 2634 2879
f 2633 2639 2638
f 2633 2638 2634
f 2639 2635 2638
f 2635 2637 2638
f 2635 2582 2636
f 2635 2636 2637
f 2582 2586 2636
f 2586 2602 2636
f 2586 2588 2606
f 2586 2606 2602
f 2588 2531 2606
f 2531 2597 2606
f 2531 2527 2521
f 2531 2521 2597
f 2527 2532 2521
f 2532 2519 2521
f 2532 2535 2520
f 2532 2520 2519
f 2535 2528 2520
f 2528 2517 2520
f 2528 2534 2510
f 2528 2510 2517
f 2534 3347 2510
f 3347 3345 2510
f 3347 3354 3344
f 3347 3344 3345
f 3354 3366 3344
f 3366 3370 3344
f 3366 3364 3359
f 3366 3359 3370
f 3364 3360 3359
f 3360 3373 3359
f 3360 3361 3362
f 3360 3362 3373
f 3361 3369 3362
f 3369 3365 3362
f 3369 3396 3400
f 3369 3400 3365
f 3396 3390 3400
f 3390 3397 3400
f 3390 3392 3393
f 3390 3393 3397
f 3392 3404 3393
f 3404 3402 3393
f 3404 3398 3395
f 3404 3395 3402
f 3398 3217 3395
f 3217 3216 3395
f 3217 3221 3215
f 3217 3215 3216
f 3221 3211 3215
f 3211 3223 3215
f 3211 3220 3213
f 3211 3213 3223
f 3220 3127 3213
f 3127 3131 3213
f 3127 3121 3125
f 3127 3125 3131
f 3121 3130 3125
f 3130 3124 3125
f 3130 3129 3133
f 3130 3133 3124
f 3129 3128 3133
f 3128 3134 3133
f 3128 3120 3132
f 3128 3132 3134
f 1686 1685 1682
f 1685 1690 1682
f 1685 1684 1691
f 1685 1691 1690
f 1684 1676 1691
f 1676 1681 1691
f 1676 1680 1669
f 1676 1669 1681
f 1680 1650 1669
f 1650 1674 1669
f 1650 1642 1647
f 1650 1647 1674
f 1642 1640 1647
f 1640 1631 1647
f 1640 1644 1632
f 1640 1632 1631
f 1644 1651 1632
f 1651 1633 1632
f 1651 1579 1594
f 1651 1594 1633
f 1579 1591 1594
f 1591 1596 1594
f 1591 1585 1598
f 1591 1598 1596
f 1585 1584 1598
f 1584 1615 1598
f 1584 1586 1619
f 1584 1619 1615
f 1586 1575 1619
f 1575 1616 1619
f 1575 1574 1572
f 1575 1572 1616
f 1574 1563 1572
f 1563 1568 1572
f 1563 1571 1569
f 1563 1569 1568
f 1571 1567 1569
f 1567 1570 1569
f 1567 723 724
f 1567 724 1570
f 723 722 724
f 722 725 724
f 722 745 726
f 722 726 725
f 745 747 726
f 747 755 726
f 747 750 756
f 747 756 755
f 750 752 756
f 752 757 756
f 752 751 758
f 752 758 757
f 751 762 758
f 762 765 758
f 762 695 696
f 762 696 765
f 695 694 696
f 694 705 696
f 694 707 720
f 694 720 705
f 707 719 720
f 719 718 720
f 719 708 721
f 719 721 718
f 708 1218 721
f 1218 1216 721
f 1218 1229 1217
f 1218 1217 1216
f 1229 1225 1217
f 1225 1226 1217
f 1225 1223 1220
f 1225 1220 1226
f 1223 1203 1220
f 1203 1222 1220
f 1203 1182 1178
f 1203 1178 1222
f 1182 1183 1178
f 1183 1179 1178
f 1183 1172 1180
f 1183 1180 1179
f 1172 1173 1180
f 1173 1196 1180
f 1173 1174 1189
f 1173 1189 1196
f 1174 1177 1189
f 1177 1198 1189
f 1177 968 966
f 1177 966 1198
f 968 972 966
f 972 963 966
f 972 965 964
f 972 964 963
f 965 98 964
f 98 93 964
f 98 103 99
f 98 99 93
f 103 105 99
f 105 100 99
f 105 96 101
f 105 101 100
f 96 104 101
f 104 102 101
f 104 2827 2822
f 104 2822 102
f 2827 2828 2822
f 2828 2834 2822
f 2828 2857 2833
f 2828 2833 2834
f 2857 2865 2833
f 2865 2837 2833
f 2865 2856 2839
f 2865 2839 2837
f 2856 2854 2839
f 2854 2851 2839
f 2854 2862 2850
f 2854 2850 2851
f 2862 2889 2850
f 2889 2849 2850
f 2889 2896 2882
f 2889 2882 2849
f 2896 2892 2882
f 2892 2895 2882
f 2892 2875 2886
f 2892 2886 2895
f 2875 2876 2886
f 2876 2871 2886
f 2876 2877 2874
f 2876 2874 2871
f 2877 2879 2874
f 2879 2620 2874
f 2879 2634 2612
f 2879 2612 2620
f 2634 2638 2612
f 2638 2630 2612
f 2638 2637 2627
f 2638 2627 2630
f 2637 2636 2627
f 2636 2629 2627
f 2636 2602 2601
f 2636 2601 2629
f 2602 2606 2601
f 2606 2603 2601
f 2606 2597 2599
f 2606 2599 2603
f 2597 2521 2599
f 2521 2512 2599
f 2521 2519 2513
f 2521 2513 2512
f 2519 2520 2513
f 2520 2518 2513
f 2520 2517 2509
f 2520 2509 2518
f 2517 2510 2509
f 2510 2507 2509
f 2510 3345 3352
f 2510 3352 2507
f 3345 3344 3352
f 3344 3353 3352
f 3344 3370 3357
f 3344 3357 3353
f 3370 3359 3357
f 3359 3351 3357
f 3359 3373 3372
f 3359 3372 3351
f 3373 3362 3372
f 3362 3382 3372
f 3362 3365 3384
f 3362 3384 3382
f 3365 3400 3384
f 3400 3383 3384
f 3400 3397 3391
f 3400 3391 3383
f 3397 3393 3391
f 3393 3401 3391
f 3393 3402 3399
f 3393 3399 3401
f 3402 3395 3399
f 3395 3403 3399
f 3395 3216 3218
f 3395 3218 3403
f 3216 3215 3218
f 3215 3219 3218
f 3215 3223 3222
f 3215 3222 3219
f 3223 3213 3222
f 3213 3228 3222
f 3213 3131 3234
f 3213 3234 3228
f 3131 3125 3234
f 3125 3231 3234
f 3125 3124 3194
f 3125 3194 3231
f 3124 3133 3194
f 3133 3205 3194
f 3133 3134 3197
f 3133 3197 3205
f 3134 3132 3197
f 3132 3195 3197
f 1682 1690 1692
f 1682 1692 1693
f 1690 1691 1692
f 1691 1689 1692
f 1691 1681 1675
f 1691 1675 1689
f 1681 1669 1675
f 1669 1671 1675
f 1669 1674 1677
f 1669 1677 1671
f 1674 1647 1677
f 1647 1630 1677
f 1647 1631 1627
f 1647 1627 1630
f 1631 1632 1627
f 1632 1629 1627
f 1632 1633 1626
f 1632 1626 1629
f 1633 1594 1626
f 1594 1595 1626
f 1594 1596 1597
f 1594 1597 1595
f 1596 1598 1597
f 1598 1602 1597
f 1598 1615 1620
f 1598 1620 1602
f 1615 1619 1620
f 1619 1617 1620
f 1619 1616 1618
f 1619 1618 1617
f 1616 1572 1618
f 1572 1559 1618
f 1572 1568 1554
f 1572 1554 1559
f 1568 1569 1554
f 1569 1557 1554
f 1569 1570 1548
f 1569 1548 1557
f 1570 724 1548
f 724 732 1548
f 724 725 727
f 724 727 732
f 725 726 727
f 726 728 727
f 726 755 766
f 726 766 728
f 755 756 766
f 756 764 766
f 756 757 761
f 756 761 764
f 757 758 761
f 758 703 761
f 758 765 692
f 758 692 703
f 765 696 692
f 696 702 692
f 696 705 701
f 696 701 702
f 705 720 701
f 720 714 701
f 720 718 716
f 720 716 714
f 718 721 716
f 721 711 716
f 721 1216 1227
f 721 1227 711
f 1216 1217 1227
f 1217 1228 1227
f 1217 1226 1221
f 1217 1221 1228
f 1226 1220 1221
f 1220 1224 1221
f 1220 1222 1230
f 1220 1230 1224
f 1222 1178 1230
f 1178 1181 1230
f 1178 1179 1175
f 1178 1175 1181
f 1179 1180 1175
f 1180 1191 1175
f 1180 1196 1188
f 1180 1188 1191
f 1196 1189 1188
f 1189 1199 1188
f 1189 1198 1197
f 1189 1197 1199
f 1198 966 1197
f 966 970 1197
f 966 963 971
f 966 971 970
f 963 964 971
f 964 969 971
f 964 93 974
f 964 974 969
f 93 99 974
f 99 951 974
f 99 100 958
f 99 958 951
f 100 101 958
f 101 959 958
f 101 102 955
f 101 955 959
f 102 2822 955
f 2822 2832 955
f 2822 2834 2831
f 2822 2831 2832
f 2834 2833 2831
f 2833 2830 2831
f 2833 2837 2844
f 2833 2844 2830
f 2837 2839 2844
f 2839 2841 2844
f 2839 2851 2843
f 2839 2843 2841
f 2851 2850 2843
f 2850 2842 2843
f 2850 2849 2847
f 2850 2847 2842
f 2849 2882 2847
f 2882 2883 2847
f 2882 2895 2893
f 2882 2893 2883
f 2895 2886 2893
f 2886 2888 2893
f 2886 2871 2867
f 2886 2867 2888
f 2871 2874 2867
f 2874 2878 2867
f 2874 2620 2621
f 2874 2621 2878
f 2620 2612 2621
f 2612 2618 2621
f 2612 2630 2617
f 2612 2617 2618
f 2630 2627 2617
f 2627 2628 2617
f 2627 2629 2632
f 2627 2632 2628
f 2629 2601 2632
f 2601 2609 2632
f 2601 2603 2596
f 2601 2596 2609
f 2603 2599 2596
f 2599 2605 2596
f 2599 2512 2514
f 2599 2514 2605
f 2512 2513 2514
f 2513 2515 2514
f 2513 2518 2508
f 2513 2508 2515
f 2518 2509 2508
f 2509 2516 2508
f 2509 2507 2511
f 2509 2511 2516
f 2507 3352 2511
f 3352 3346 2511
f 3352 3353 3356
f 3352 3356 3346
f 3353 3357 3356
f 3357 3355 3356
f 3357 3351 3348
f 3357 3348 3355
f 3351 3372 3348
f 3372 3358 3348
f 3372 3382 3389
f 3372 3389 3358
f 3382 3384 3389
f 3384 3385 3389
f 3384 3383 3386
f 3384 3386 3385
f 3383 3391 3386
f 3391 3410 3386
f 3391 3401 3405
f 3391 3405 3410
f 3401 3399 3405
f 3399 3417 3405
f 3399 3403 3408
f 3399 3408 3417
f 3403 3218 3408
f 3218 3214 3408
f 3218 3219 3224
f 3218 3224 3214
f 3219 3222 3224
f 3222 3212 3224
f 3222 3228 3238
f 3222 3238 3212
f 3228 3234 3238
f 3234 3237 3238
f 3234 3231 3233
f 3234 3233 3237
f 3231 3194 3233
f 3194 3199 3233
f 3194 3205 3204
f 3194 3204 3199
f 3205 3197 3204
f 3197 3208 3204
f 3197 3195 3207
f 3197 3207 3208
f 1693 1692 1683
f 1692 1687 1683
f 1692 1689 1688
f 1692 1688 1687
f 1689 1675 1688
f 1675 1679 1688
f 1675 1671 1668
f 1675 1668 1679
f 1671 1677 1668
f 1677 1670 1668
f 1677 1630 1624
f 1677 1624 1670
f 1630 1627 1624
f 1627 1636 1624
f 1627 1629 1635
f 1627 1635 1636
f 1629 1626 1635
f 1626 1634 1635
f 1626 1595 1606
f 1626 1606 1634
f 1595 1597 1606
f 1597 1604 1606
f 1597 1602 1605
f 1597 1605 1604
f 1602 1620 1605
f 1620 1610 1605
f 1620 1617 1621
f 1620 1621 1610
f 1617 1618 1621
f 1618 1611 1621
f 1618 1559 1550
f 1618 1550 1611
f 1559 1554 1550
f 1554 1549 1550
f 1554 1557 1553
f 1554 1553 1549
f 1557 1548 1553
f 1548 1551 1553
f 1548 732 731
f 1548 731 1551
f 732 727 731
f 727 730 731
f 727 728 729
f 727 729 730
f 728 766 729
f 766 753 729
f 766 764 754
f 766 754 753
f 764 761 754
f 761 759 754
f 761 703 704
f 761 704 759
f 703 692 704
f 692 693 704
f 692 702 700
f 692 700 693
f 702 701 700
f 701 698 700
f 701 714 713
f 701 713 698
f 714 716 713
f 716 712 713
f 716 711 709
f 716 709 712
f 711 1227 709
f 1227 1233 709
f 1227 1228 1236
f 1227 1236 1233
f 1228 1221 1236
f 1221 1235 1236
f 1221 1224 1237
f 1221 1237 1235
f 1224 1230 1237
f 1230 1165 1237
f 1230 1181 1167
f 1230 1167 1165
f 1181 1175 1167
f 1175 1162 1167
f 1175 1191 1195
f 1175 1195 1162
f 1191 1188 1195
f 1188 1190 1195
f 1188 1199 1186
f 1188 1186 1190
f 1199 1197 1186
f 1197 1187 1186
f 1197 970 998
f 1197 998 1187
f 970 971 998
f 971 967 998
f 971 969 973
f 971 973 967
f 969 974 973
f 974 975 973
f 974 951 950
f 974 950 975
f 951 958 950
f 958 953 950
f 958 959 954
f 958 954 953
f 959 955 954
f 955 960 954
f 955 2832 2835
f 955 2835 960
f 2832 2831 2835
f 2831 2829 2835
f 2831 2830 2823
f 2831 2823 2829
f 2830 2844 2823
f 2844 2845 2823
f 2844 2841 2838
f 2844 2838 2845
f 2841 2843 2838
f 2843 2840 2838
f 2843 2842 2846
f 2843 2846 2840
f 2842 2847 2846
f 2847 2848 2846
f 2847 2883 3006
f 2847 3006 2848
f 2883 2893 3006
f 2893 3001 3006
f 2893 2888 3014
f 2893 3014 3001
f 2888 2867 3014
f 2867 2990 3014
f 2867 2878 2997
f 2867 2997 2990
f 2878 2621 2997
f 2621 2622 2997
f 2621 2618 2624
f 2621 2624 2622
f 2618 2617 2624
f 2617 2616 2624
f 2617 2628 2619
f 2617 2619 2616
f 2628 2632 2619
f 2632 2615 2619
f 2632 2609 2600
f 2632 2600 2615
f 2609 2596 2600
f 2596 2604 2600
f 2596 2605 2608
f 2596 2608 2604
f 2605 2514 2608
f 2514 2503 2608
f 2514 2515 2500
f 2514 2500 2503
f 2515 2508 2500
f 2508 2502 2500
f 2508 2516 2498
f 2508 2498 2502
f 2516 2511 2498
f 2511 2506 2498
f 2511 3346 3335
f 2511 3335 2506
f 3346 3356 3335
f 3356 3338 3335
f 3356 3355 3330
f 3356 3330 3338
f 3355 3348 3330
f 3348 3336 3330
f 3348 3358 3337
f 3348 3337 3336
f 3358 3389 3337
f 3389 3387 3337
f 3389 3385 3375
f 3389 3375 3387
f 3385 3386 3375
f 3386 3388 3375
f 3386 3410 3411
f 3386 3411 3388
f 3410 3405 3411
f 3405 3409 3411
f 3405 3417 3419
f 3405 3419 3409
f 3417 3408 3419
f 3408 3420 3419
f 3408 3214 3244
f 3408 3244 3420
f 3214 3224 3244
f 3224 3241 3244
f 3224 3212 3230
f 3224 3230 3241
f 3212 3238 3230
f 3238 3229 3230
f 3238 3237 3235
f 3238 3235 3229
f 3237 3233 3235
f 3233 3227 3235
f 3233 3199 3201
f 3233 3201 3227
f 3199 3204 3201
f 3204 3200 3201
f 3204 3208 3203
f 3204 3203 3200
f 3208 3207 3203
f 3207 3206 3203
f 1683 1687 1695
f 1683 1695 1694
f 1687 1688 1695
f 1688 1696 1695
f 1688 1679 1672
f 1688 1672 1696
f 1679 1668 1672
f 1668 1678 1672
f 1668 1670 1673
f 1668 1673 1678
f 1670 1624 1673
f 1624 1637 1673
f 1624 1636 1628
f 1624 1628 1637
f 1636 1635 1628
f 1635 1638 1628
f 1635 1634 1625
f 1635 1625 1638
f 1634 1606 1625
f 1606 1603 1625
f 1606 1604 1607
f 1606 1607 1603
f 1604 1605 1607
f 1605 1599 1607
f 1605 1610 1609
f 1605 1609 1599
f 1610 1621 1609
f 1621 1623 1609
f 1621 1611 1613
f 1621 1613 1623
f 1611 1550 1613
f 1550 1558 1613
f 1550 1549 1562
f 1550 1562 1558
f 1549 1553 1562
f 1553 1556 1562
f 1553 1551 1552
f 1553 1552 1556
f 1551 731 1552
f 731 924 1552
f 731 730 914
f 731 914 924
f 730 729 914
f 729 906 914
f 729 753 905
f 729 905 906
f 753 754 905
f 754 904 905
f 754 759 903
f 754 903 904
f 759 704 903
f 704 830 903
f 704 693 829
f 704 829 830
f 693 700 829
f 700 834 829
f 700 698 837
f 700 837 834
f 698 713 837
f 713 717 837
f 713 712 715
f 713 715 717
f 712 709 715
f 709 710 715
f 709 1233 1234
f 709 1234 710
f 1233 1236 1234
f 1236 1231 1234
f 1236 1235 1243
f 1236 1243 1231
f 1235 1237 1243
f 1237 1245 1243
f 1237 1165 1163
f 1237 1163 1245
f 1165 1167 1163
f 1167 1157 1163
f 1167 1162 1160
f 1167 1160 1157
f 1162 1195 1160
f 1195 1193 1160
f 1195 1190 1192
f 1195 1192 1193
f 1190 1186 1192
f 1186 1194 1192
f 1186 1187 1000
f 1186 1000 1194
f 1187 998 1000
f 998 996 1000
f 998 967 995
f 998 995 996
f 967 973 995
f 973 961 995
f 973 975 962
f 973 962 961
f 975 950 962
f 950 956 962
f 950 953 952
f 950 952 956
f 953 954 952
f 954 945 952
f 954 960 946
f 954 946 945
f 960 2835 946
f 2835 3034 946
f 2835 2829 3033
f 2835 3033 3034
f 2829 2823 3033
f 2823 3032 3033
f 2823 2845 3031
f 2823 3031 3032
f 2845 2838 3031
f 2838 3052 3031
f 2838 2840 3051
f 2838 3051 3052
f 2840 2846 3051
f 2846 3059 3051
f 2846 2848 3011
f 2846 3011 3059
f 2848 3006 3011
f 3006 3003 3011
f 3006 3001 3008
f 3006 3008 3003
f 3001 3014 3008
f 3014 3010 3008
f 3014 2990 3000
f 3014 3000 3010
f 2990 2997 3000
f 2997 2991 3000
f 2997 2622 2625
f 2997 2625 2991
f 2622 2624 2625
f 2624 2611 2625
f 2624 2616 2623
f 2624 2623 2611
f 2616 2619 2623
f 2619 2614 2623
f 2619 2615 2613
f 2619 2613 2614
f 2615 2600 2613
f 2600 2610 2613
f 2600 2604 2598
f 2600 2598 2610
f 2604 2608 2598
f 2608 2607 2598
f 2608 2503 2501
f 2608 2501 2607
f 2503 2500 2501
f 2500 2499 2501
f 2500 2502 2494
f 2500 2494 2499
f 2502 2498 2494
f 2498 2496 2494
f 2498 2506 2493
f 2498 2493 2496
f 2506 3335 2493
f 3335 3331 2493
f 3335 3338 3341
f 3335 3341 3331
f 3338 3330 3341
f 3330 3342 3341
f 3330 3336 3339
f 3330 3339 3342
f 3336 3337 3339
f 3337 3343 3339
f 3337 3387 3377
f 3337 3377 3343
f 3387 3375 3377
f 3375 3376 3377
f 3375 3388 3378
f 3375 3378 3376
f 3388 3411 3378
f 3411 3413 3378
f 3411 3409 3416
f 3411 3416 3413
f 3409 3419 3416
f 3419 3406 3416
f 3419 3420 3407
f 3419 3407 3406
f 3420 3244 3407
f 3244 3243 3407
f 3244 3241 3242
f 3244 3242 3243
f 3241 3230 3242
f 3230 3240 3242
f 3230 3229 3232
f 3230 3232 3240
f 3229 3235 3232
f 3235 3226 3232
f 3235 3227 3239
f 3235 3239 3226
f 3227 3201 3239
f 3201 3196 3239
f 3201 3200 3202
f 3201 3202 3196
f 3200 3203 3202
f 3203 3198 3202
f 3203 3206 3209
f 3203 3209 3198
f 1694 1695 1850
f 1695 1849 1850
f 1695 1696 1848
f 1695 1848 1849
f 1696 1672 1848
f 1672 1844 1848
f 1672 1678 1836
f 1672 1836 1844
f 1678 1673 1836
f 1673 1835 1836
f 1673 1637 1820
f 1673 1820 1835
f 1637 1628 1820
f 1628 1826 1820
f 1628 1638 1825
f 1628 1825 1826
f 1638 1625 1825
f 1625 1830 1825
f 1625 1603 1608
f 1625 1608 1830
f 1603 1607 1608
f 1607 1601 1608
f 1607 1599 1600
f 1607 1600 1601
f 1599 1609 1600
f 1609 1614 1600
f 1609 1623 1622
f 1609 1622 1614
f 1623 1613 1622
f 1613 1612 1622
f 1613 1558 1555
f 1613 1555 1612
f 1558 1562 1555
f 1562 1561 1555
f 1562 1556 1560
f 1562 1560 1561
f 1556 1552 1560
f 1552 923 1560
f 1552 924 928
f 1552 928 923
f 924 914 928
f 914 911 928
f 914 906 907
f 914 907 911
f 906 905 907
f 905 908 907
f 905 904 910
f 905 910 908
f 904 903 910
f 903 916 910
f 903 830 833
f 903 833 916
f 830 829 833
f 829 828 833
f 829 834 836
f 829 836 828
f 834 837 836
f 837 827 836
f 837 717 807
f 837 807 827
f 717 715 807
f 715 806 807
f 715 710 805
f 715 805 806
f 710 1234 805
f 1234 1242 805
f 1234 1231 1232
f 1234 1232 1242
f 1231 1243 1232
f 1243 1240 1232
f 1243 1245 1246
f 1243 1246 1240
f 1245 1163 1246
f 1163 1161 1246
f 1163 1157 1156
f 1163 1156 1161
f 1157 1160 1156
f 1160 1158 1156
f 1160 1193 1168
f 1160 1168 1158
f 1193 1192 1168
f 1192 1004 1168
f 1192 1194 1003
f 1192 1003 1004
f 1194 1000 1003
f 1000 993 1003
f 1000 996 994
f 1000 994 993
f 996 995 994
f 995 999 994
f 995 961 986
f 995 986 999
f 961 962 986
f 962 985 986
f 962 956 957
f 962 957 985
f 956 952 957
f 952 949 957
f 952 945 947
f 952 947 949
f 945 946 947
f 946 948 947
f 946 3034 3040
f 946 3040 948
f 3034 3033 3040
f 3033 3038 3040
f 3033 3032 3037
f 3033 3037 3038
f 3032 3031 3037
f 3031 3036 3037
f 3031 3052 3049
f 3031 3049 3036
f 3052 3051 3049
f 3051 3047 3049
f 3051 3059 3048
f 3051 3048 3047
f 3059 3011 3048
f 3011 3004 3048
f 3011 3003 3005
f 3011 3005 3004
f 3003 3008 3005
f 3008 3012 3005
f 3008 3010 3007
f 3008 3007 3012
f 3010 3000 3007
f 3000 2992 3007
f 3000 2991 2987
f 3000 2987 2992
f 2991 2625 2987
f 2625 2782 2987
f 2625 2611 2783
f 2625 2783 2782
f 2611 2623 2783
f 2623 2780 2783
f 2623 2614 2765
f 2623 2765 2780
f 2614 2613 2765
f 2613 2766 2765
f 2613 2610 2774
f 2613 2774 2766
f 2610 2598 2774
f 2598 2773 2774
f 2598 2607 2492
f 2598 2492 2773
f 2607 2501 2492
f 2501 2495 2492
f 2501 2499 2504
f 2501 2504 2495
f 2499 2494 2504
f 2494 2505 2504
f 2494 2496 2497
f 2494 2497 2505
f 2496 2493 2497
f 2493 3522 2497
f 2493 3331 3518
f 2493 3518 3522
f 3331 3341 3518
f 3341 3334 3518
f 3341 3342 3333
f 3341 3333 3334
f 3342 3339 3333
f 3339 3340 3333
f 3339 3343 3332
f 3339 3332 3340
f 3343 3377 3332
f 3377 3379 3332
f 3377 3376 3380
f 3377 3380 3379
f 3376 3378 3380
f 3378 3381 3380
f 3378 3413 3412
f 3378 3412 3381
f 3413 3416 3412
f 3416 3418 3412
f 3416 3406 3415
f 3416 3415 3418
f 3406 3407 3415
f 3407 3414 3415
f 3407 3243 3249
f 3407 3249 3414
f 3243 3242 3249
f 3242 3252 3249
f 3242 3240 3250
f 3242 3250 3252
f 3240 3232 3250
f 3232 3236 3250
f 3232 3226 3225
f 3232 3225 3236
f 3226 3239 3225
f 3239 3180 3225
f 3239 3196 3188
f 3239 3188 3180
f 3196 3202 3188
f 3202 3187 3188
f 3202 3198 3186
f 3202 3186 3187
f 3198 3209 3186
f 3209 3185 3186
f 1850 1849 1856
f 1850 1856 1855
f 1849 1848 1856
f 1848 1853 1856
f 1848 1844 1834
f 1848 1834 1853
f 1844 1836 1834
f 1836 1839 1834
f 1836 1835 1847
f 1836 1847 1839
f 1835 1820 1847
f 1820 1823 1847
f 1820 1826 1824
f 1820 1824 1823
f 1826 1825 1824
f 1825 1822 1824
f 1825 1830 1827
f 1825 1827 1822
f 1830 1608 1827
f 1608 1754 1827
f 1608 1601 1746
f 1608 1746 1754
f 1601 1600 1746
f 1600 1742 1746
f 1600 1614 1767
f 1600 1767 1742
f 1614 1622 1767
f 1622 1763 1767
f 1622 1612 1761
f 1622 1761 1763
f 1612 1555 1761
f 1555 1700 1761
f 1555 1561 1702
f 1555 1702 1700
f 1561 1560 1702
f 1560 1707 1702
f 1560 923 926
f 1560 926 1707
f 923 928 926
f 928 925 926
f 928 911 912
f 928 912 925
f 911 907 912
f 907 902 912
f 907 908 913
f 907 913 902
f 908 910 913
f 910 890 913
f 910 916 901
f 910 901 890
f 916 833 901
f 833 840 901
f 833 828 839
f 833 839 840
f 828 836 839
f 836 838 839
f 836 827 832
f 836 832 838
f 827 807 832
f 807 809 832
f 807 806 810
f 807 810 809
f 806 805 810
f 805 811 810
f 805 1242 1238
f 805 1238 811
f 1242 1232 1238
f 1232 1239 1238
f 1232 1240 1241
f 1232 1241 1239
f 1240 1246 1241
f 1246 1244 1241
f 1246 1161 1164
f 1246 1164 1244
f 1161 1156 1164
f 1156 1169 1164
f 1156 1158 1166
f 1156 1166 1169
f 1158 1168 1166
f 1168 1159 1166
f 1168 1004 1005
f 1168 1005 1159
f 1004 1003 1005
f 1003 1006 1005
f 1003 993 1002
f 1003 1002 1006
f 993 994 1002
f 994 992 1002
f 994 999 987
f 994 987 992
f 999 986 987
f 986 979 987
f 986 985 978
f 986 978 979
f 985 957 978
f 957 982 978
f 957 949 936
f 957 936 982
f 949 947 936
f 947 941 936
f 947 948 934
f 947 934 941
f 948 3040 934
f 3040 3039 934
f 3040 3038 3041
f 3040 3041 3039
f 3038 3037 3041
f 3037 3042 3041
f 3037 3036 3044
f 3037 3044 3042
f 3036 3049 3044
f 3049 3055 3044
f 3049 3047 3058
f 3049 3058 3055
f 3047 3048 3058
f 3048 3057 3058
f 3048 3004 3002
f 3048 3002 3057
f 3004 3005 3002
f 3005 3015 3002
f 3005 3012 3013
f 3005 3013 3015
f 3012 3007 3013
f 3007 3009 3013
f 3007 2992 2999
f 3007 2999 3009
f 2992 2987 2999
f 2987 2994 2999
f 2987 2782 2784
f 2987 2784 2994
f 2782 2783 2784
f 2783 2785 2784
f 2783 2780 2781
f 2783 2781 2785
f 2780 2765 2781
f 2765 2770 2781
f 2765 2766 2769
f 2765 2769 2770
f 2766 2774 2769
f 2774 2776 2769
f 2774 2773 2775
f 2774 2775 2776
f 2773 2492 2775
f 2492 2742 2775
f 2492 2495 2732
f 2492 2732 2742
f 2495 2504 2732
f 2504 2744 2732
f 2504 2505 2743
f 2504 2743 2744
f 2505 2497 2743
f 2497 2740 2743
f 2497 3522 3524
f 2497 3524 2740
f 3522 3518 3524
f 3518 3521 3524
f 3518 3334 3517
f 3518 3517 3521
f 3334 3333 3517
f 3333 3510 3517
f 3333 3340 3329
f 3333 3329 3510
f 3340 3332 3329
f 3332 3528 3329
f 3332 3379 3539
f 3332 3539 3528
f 3379 3380 3539
f 3380 3532 3539
f 3380 3381 3530
f 3380 3530 3532
f 3381 3412 3530
f 3412 3531 3530
f 3412 3418 3681
f 3412 3681 3531
f 3418 3415 3681
f 3415 3688 3681
f 3415 3414 3682
f 3415 3682 3688
f 3414 3249 3682
f 3249 3251 3682
f 3249 3252 3248
f 3249 3248 3251
f 3252 3250 3248
f 3250 3245 3248
f 3250 3236 3247
f 3250 3247 3245
f 3236 3225 3247
f 3225 3254 3247
f 3225 3180 3179
f 3225 3179 3254
f 3180 3188 3179
f 3188 3181 3179
f 3188 3187 3190
f 3188 3190 3181
f 3187 3186 3190
f 3186 3184 3190
f 3186 3185 3191
f 3186 3191 3184
f 1855 1856 1857
f 1856 1859 1857
f 1856 1853 1852
f 1856 1852 1859
f 1853 1834 1852
f 1834 1842 1852
f 1834 1839 1846
f 1834 1846 1842
f 1839 1847 1846
f 1847 1841 1846
f 1847 1823 1818
f 1847 1818 1841
f 1823 1824 1818
f 1824 1831 1818
f 1824 1822 1833
f 1824 1833 1831
f 1822 1827 1833
f 1827 1819 1833
f 1827 1754 1748
f 1827 1748 1819
f 1754 1746 1748
f 1746 1743 1748
f 1746 1742 1755
f 1746 1755 1743
f 1742 1767 1755
f 1767 1758 1755
f 1767 1763 1757
f 1767 1757 1758
f 1763 1761 1757
f 1761 1764 1757
f 1761 1700 1703
f 1761 1703 1764
f 1700 1702 1703
f 1702 1704 1703
f 1702 1707 1705
f 1702 1705 1704
f 1707 926 1705
f 926 922 1705
f 926 925 918
f 926 918 922
f 925 912 918
f 912 917 918
f 912 902 909
f 912 909 917
f 902 913 909
f 913 915 909
f 913 890 889
f 913 889 915
f 890 901 889
f 901 888 889
f 901 840 899
f 901 899 888
f 840 839 899
f 839 831 899
f 839 838 835
f 839 835 831
f 838 832 835
f 832 826 835
f 832 809 798
f 832 798 826
f 809 810 798
f 810 799 798
f 810 811 802
f 810 802 799
f 811 1238 802
f 1238 1101 802
f 1238 1239 1099
f 1238 1099 1101
f 1239 1241 1099
f 1241 1103 1099
f 1241 1244 1098
f 1241 1098 1103
f 1244 1164 1098
f 1164 1136 1098
f 1164 1169 1134
f 1164 1134 1136
f 1169 1166 1134
f 1166 1137 1134
f 1166 1159 1131
f 1166 1131 1137
f 1159 1005 1131
f 1005 1133 1131
f 1005 1006 997
f 1005 997 1133
f 1006 1002 997
f 1002 1001 997
f 1002 992 991
f 1002 991 1001
f 992 987 991
f 987 990 991
f 987 979 977
f 987 977 990
f 979 978 977
f 978 981 977
f 978 982 980
f 978 980 981
f 982 936 980
f 936 933 980
f 936 941 931
f 936 931 933
f 941 934 931
f 934 935 931
f 934 3039 943
f 934 943 935
f 3039 3041 943
f 3041 3045 943
f 3041 3042 3043
f 3041 3043 3045
f 3042 3044 3043
f 3044 3035 3043
f 3044 3055 3050
f 3044 3050 3035
f 3055 3058 3050
f 3058 3056 3050
f 3058 3057 3046
f 3058 3046 3056
f 3057 3002 3046
f 3002 2984 3046
f 3002 3015 2986
f 3002 2986 2984
f 3015 3013 2986
f 3013 2983 2986
f 3013 3009 2998
f 3013 2998 2983
f 3009 2999 2998
f 2999 2996 2998
f 2999 2994 2995
f 2999 2995 2996
f 2994 2784 2995
f 2784 2788 2995
f 2784 2785 2787
f 2784 2787 2788
f 2785 2781 2787
f 2781 2779 2787
f 2781 2770 2768
f 2781 2768 2779
f 2770 2769 2768
f 2769 2764 2768
f 2769 2776 2772
f 2769 2772 2764
f 2776 2775 2772
f 2775 2761 2772
f 2775 2742 2734
f 2775 2734 2761
f 2742 2732 2734
f 2732 2735 2734
f 2732 2744 2736
f 2732 2736 2735
f 2744 2743 2736
f 2743 2733 2736
f 2743 2740 2739
f 2743 2739 2733
f 2740 3524 2739
f 3524 3520 2739
f 3524 3521 3519
f 3524 3519 3520
f 3521 3517 3519
f 3517 3514 3519
f 3517 3510 3511
f 3517 3511 3514
f 3510 3329 3511
f 3329 3513 3511
f 3329 3528 3526
f 3329 3526 3513
f 3528 3539 3526
f 3539 3527 3526
f 3539 3532 3534
f 3539 3534 3527
f 3532 3530 3534
f 3530 3535 3534
f 3530 3531 3536
f 3530 3536 3535
f 3531 3681 3536
f 3681 3677 3536
f 3681 3688 3676
f 3681 3676 3677
f 3688 3682 3676
f 3682 3685 3676
f 3682 3251 3687
f 3682 3687 3685
f 3251 3248 3687
f 3248 3656 3687
f 3248 3245 3652
f 3248 3652 3656
f 3245 3247 3652
f 3247 3246 3652
f 3247 3254 3253
f 3247 3253 3246
f 3254 3179 3253
f 3179 3192 3253
f 3179 3181 3183
f 3179 3183 3192
f 3181 3190 3183
f 3190 3182 3183
f 3190 3184 3193
f 3190 3193 3182
f 3184 3191 3193
f 3191 3189 3193
f 1857 1859 1851
f 1857 1851 1861
f 1859 1852 1851
f 1852 1854 1851
f 1852 1842 1843
f 1852 1843 1854
f 1842 1846 1843
f 1846 1845 1843
f 1846 1841 1840
f 1846 1840 1845
f 1841 1818 1840
f 1818 1832 1840
f 1818 1831 1829
f 1818 1829 1832
f 1831 1833 1829
f 1833 1828 1829
f 1833 1819 1821
f 1833 1821 1828
f 1819 1748 1821
f 1748 1751 1821
f 1748 1743 1753
f 1748 1753 1751
f 1743 1755 1753
f 1755 1745 1753
f 1755 1758 1760
f 1755 1760 1745
f 1758 1757 1760
f 1757 1768 1760
f 1757 1764 1765
f 1757 1765 1768
f 1764 1703 1765
f 1703 1706 1765
f 1703 1704 1711
f 1703 1711 1706
f 1704 1705 1711
f 1705 1698 1711
f 1705 922 920
f 1705 920 1698
f 922 918 920
f 918 919 920
f 918 917 930
f 918 930 919
f 917 909 930
f 909 892 930
f 909 915 894
f 909 894 892
f 915 889 894
f 889 886 894
f 889 888 896
f 889 896 886
f 888 899 896
f 899 823 896
f 899 831 825
f 899 825 823
f 831 835 825
f 835 821 825
f 835 826 817
f 835 817 821
f 826 798 817
f 798 824 817
f 798 799 800
f 798 800 824
f 799 802 800
f 802 804 800
f 802 1101 1097
f 802 1097 804
f 1101 1099 1097
f 1099 1109 1097
f 1099 1103 1108
f 1099 1108 1109
f 1103 1098 1108
f 1098 1106 1108
f 1098 1136 1130
f 1098 1130 1106
f 1136 1134 1130
f 1134 1139 1130
f 1134 1137 1128
f 1134 1128 1139
f 1137 1131 1128
f 1131 1127 1128
f 1131 1133 1132
f 1131 1132 1127
f 1133 997 1132
f 997 1047 1132
f 997 1001 1041
f 997 1041 1047
f 1001 991 1041
f 991 988 1041
f 991 990 989
f 991 989 988
f 990 977 989
f 977 984 989
f 977 981 983
f 977 983 984
f 981 980 983
f 980 976 983
f 980 933 940
f 980 940 976
f 933 931 940
f 931 938 940
f 931 935 944
f 931 944 938
f 935 943 944
f 943 3018 944
f 943 3045 3017
f 943 3017 3018
f 3045 3043 3017
f 3043 3023 3017
f 3043 3035 3030
f 3043 3030 3023
f 3035 3050 3030
f 3050 3029 3030
f 3050 3056 3053
f 3050 3053 3029
f 3056 3046 3053
f 3046 3054 3053
f 3046 2984 2985
f 3046 2985 3054
f 2984 2986 2985
f 2986 2982 2985
f 2986 2983 2972
f 2986 2972 2982
f 2983 2998 2972
f 2998 2989 2972
f 2998 2996 2988
f 2998 2988 2989
f 2996 2995 2988
f 2995 2993 2988
f 2995 2788 2789
f 2995 2789 2993
f 2788 2787 2789
f 2787 2786 2789
f 2787 2779 2777
f 2787 2777 2786
f 2779 2768 2777
f 2768 2767 2777
f 2768 2764 2763
f 2768 2763 2767
f 2764 2772 2763
f 2772 2771 2763
f 2772 2761 2762
f 2772 2762 2771
f 2761 2734 2762
f 2734 2738 2762
f 2734 2735 2730
f 2734 2730 2738
f 2735 2736 2730
f 2736 2731 2730
f 2736 2733 2737
f 2736 2737 2731
f 2733 2739 2737
f 2739 2741 2737
f 2739 3520 3516
f 2739 3516 2741
f 3520 3519 3516
f 3519 3523 3516
f 3519 3514 3512
f 3519 3512 3523
f 3514 3511 3512
f 3511 3525 3512
f 3511 3513 3515
f 3511 3515 3525
f 3513 3526 3515
f 3526 3529 3515
f 3526 3527 3540
f 3526 3540 3529
f 3527 3534 3540
f 3534 3533 3540
f 3534 3535 3537
f 3534 3537 3533
f 3535 3536 3537
f 3536 3538 3537
f 3536 3677 3684
f 3536 3684 3538
f 3677 3676 3684
f 3676 3683 3684
f 3676 3685 3680
f 3676 3680 3683
f 3685 3687 3680
f 3687 3686 3680
f 3687 3656 3654
f 3687 3654 3686
f 3656 3652 3654
f 3652 3653 3654
f 3652 3246 3658
f 3652 3658 3653
f 3246 3253 3658
f 3253 3581 3658
f 3253 3192 3584
f 3253 3584 3581
f 3192 3183 3584
f 3183 3580 3584
f 3183 3182 3589
f 3183 3589 3580
f 3182 3193 3589
f 3193 3595 3589
f 3193 3189 3596
f 3193 3596 3595
f 1861 1851 1858
f 1851 1862 1858
f 1851 1854 1860
f 1851 1860 1862
f 1854 1843 1860
f 1843 1837 1860
f 1843 1845 1838
f 1843 1838 1837
f 1845 1840 1838
f 1840 1792 1838
f 1840 1832 1800
f 1840 1800 1792
f 1832 1829 1800
f 1829 1774 1800
f 1829 1828 1775
f 1829 1775 1774
f 1828 1821 1775
f 1821 1773 1775
f 1821 1751 1744
f 1821 1744 1773
f 1751 1753 1744
f 1753 1749 1744
f 1753 1745 1747
f 1753 1747 1749
f 1745 1760 1747
f 1760 1762 1747
f 1760 1768 1759
f 1760 1759 1762
f 1768 1765 1759
f 1765 1766 1759
f 1765 1706 1697
f 1765 1697 1766
f 1706 1711 1697
f 1711 1709 1697
f 1711 1698 1710
f 1711 1710 1709
f 1698 920 1710
f 920 921 1710
f 920 919 927
f 920 927 921
f 919 930 927
f 930 929 927
f 930 892 891
f 930 891 929
f 892 894 891
f 894 898 891
f 894 886 900
f 894 900 898
f 886 896 900
f 896 897 900
f 896 823 818
f 896 818 897
f 823 825 818
f 825 820 818
f 825 821 813
f 825 813 820
f 821 817 813
f 817 819 813
f 817 824 815
f 817 815 819
f 824 800 815
f 800 797 815
f 800 804 808
f 800 808 797
f 804 1097 808
f 1097 1104 808
f 1097 1109 1111
f 1097 1111 1104
f 1109 1108 1111
f 1108 1110 1111
f 1108 1106 1102
f 1108 1102 1110
f 1106 1130 1102
f 1130 1129 1102
f 1130 1139 1140
f 1130 1140 1129
f 1139 1128 1140
f 1128 1138 1140
f 1128 1127 1135
f 1128 1135 1138
f 1127 1132 1135
f 1132 1037 1135
f 1132 1047 1048
f 1132 1048 1037
f 1047 1041 1048
f 1041 1036 1048
f 1041 988 1038
f 1041 1038 1036
f 988 989 1038
f 989 1039 1038
f 989 984 1045
f 989 1045 1039
f 984 983 1045
f 983 1021 1045
f 983 976 1035
f 983 1035 1021
f 976 940 1035
f 940 942 1035
f 940 938 937
f 940 937 942
f 938 944 937
f 944 939 937
f 944 3018 3022
f 944 3022 939
f 3018 3017 3022
f 3017 3021 3022
f 3017 3023 3019
f 3017 3019 3021
f 3023 3030 3019
f 3030 3024 3019
f 3030 3029 3028
f 3030 3028 3024
f 3029 3053 3028
f 3053 3077 3028
f 3053 3054 3078
f 3053 3078 3077
f 3054 2985 3078
f 2985 2980 3078
f 2985 2982 2978
f 2985 2978 2980
f 2982 2972 2978
f 2972 2974 2978
f 2972 2989 2973
f 2972 2973 2974
f 2989 2988 2973
f 2988 2957 2973
f 2988 2993 2958
f 2988 2958 2957
f 2993 2789 2958
f 2789 2790 2958
f 2789 2786 2791
f 2789 2791 2790
f 2786 2777 2791
f 2777 2778 2791
f 2777 2767 2755
f 2777 2755 2778
f 2767 2763 2755
f 2763 2756 2755
f 2763 2771 2758
f 2763 2758 2756
f 2771 2762 2758
f 2762 2757 2758
f 2762 2738 2721
f 2762 2721 2757
f 2738 2730 2721
f 2730 2725 2721
f 2730 2731 2720
f 2730 2720 2725
f 2731 2737 2720
f 2737 2726 2720
f 2737 2741 2715
f 2737 2715 2726
f 2741 3516 2715
f 3516 3505 2715
f 3516 3523 3500
f 3516 3500 3505
f 3523 3512 3500
f 3512 3509 3500
f 3512 3525 3503
f 3512 3503 3509
f 3525 3515 3503
f 3515 3544 3503
f 3515 3529 3548
f 3515 3548 3544
f 3529 3540 3548
f 3540 3547 3548
f 3540 3533 3567
f 3540 3567 3547
f 3533 3537 3567
f 3537 3565 3567
f 3537 3538 3569
f 3537 3569 3565
f 3538 3684 3569
f 3684 3678 3569
f 3684 3683 3679
f 3684 3679 3678
f 3683 3680 3679
f 3680 3690 3679
f 3680 3686 3689
f 3680 3689 3690
f 3686 3654 3689
f 3654 3647 3689
f 3654 3653 3648
f 3654 3648 3647
f 3653 3658 3648
f 3658 3651 3648
f 3658 3581 3583
f 3658 3583 3651
f 3581 3584 3583
f 3584 3578 3583
f 3584 3580 3579
f 3584 3579 3578
f 3580 3589 3579
f 3589 3594 3579
f 3589 3595 3590
f 3589 3590 3594
f 3595 3596 3590
f 3596 3591 3590
f 1858 1862 1813
f 1858 1813 1815
f 1862 1860 1813
f 1860 1814 1813
f 1860 1837 1817
f 1860 1817 1814
f 1837 1838 1817
f 1838 1790 1817
f 1838 1792 1796
f 1838 1796 1790
f 1792 1800 1796
f 1800 1797 1796
f 1800 1774 1785
f 1800 1785 1797
f 1774 1775 1785
f 1775 1772 1785
f 1775 1773 1779
f 1775 1779 1772
f 1773 1744 1779
f 1744 1756 1779
f 1744 1749 1752
f 1744 1752 1756
f 1749 1747 1752
f 1747 1750 1752
f 1747 1762 1770
f 1747 1770 1750
f 1762 1759 1770
f 1759 1771 1770
f 1759 1766 1769
f 1759 1769 1771
f 1766 1697 1769
f 1697 1708 1769
f 1697 1709 1701
f 1697 1701 1708
f 1709 1710 1701
f 1710 1699 1701
f 1710 921 879
f 1710 879 1699
f 921 927 879
f 927 882 879
f 927 929 871
f 927 871 882
f 929 891 871
f 891 895 871
f 891 898 893
f 891 893 895
f 898 900 893
f 900 887 893
f 900 897 841
f 900 841 887
f 897 818 841
f 818 842 841
f 818 820 822
f 818 822 842
f 820 813 822
f 813 814 822
f 813 819 812
f 813 812 814
f 819 815 812
f 815 816 812
f 815 797 801
f 815 801 816
f 797 808 801
f 808 803 801
f 808 1104 1105
f 808 1105 803
f 1104 1111 1105
f 1111 1100 1105
f 1111 1110 1107
f 1111 1107 1100
f 1110 1102 1107
f 1102 1149 1107
f 1102 1129 1148
f 1102 1148 1149
f 1129 1140 1148
f 1140 1150 1148
f 1140 1138 1147
f 1140 1147 1150
f 1138 1135 1147
f 1135 1153 1147
f 1135 1037 1043
f 1135 1043 1153
f 1037 1048 1043
f 1048 1050 1043
f 1048 1036 1049
f 1048 1049 1050
f 1036 1038 1049
f 1038 1040 1049
f 1038 1039 1042
f 1038 1042 1040
f 1039 1045 1042
f 1045 1044 1042
f 1045 1021 1022
f 1045 1022 1044
f 1021 1035 1022
f 1035 1034 1022
f 1035 942 1028
f 1035 1028 1034
f 942 937 1028
f 937 1025 1028
f 937 939 932
f 937 932 1025
f 939 3022 932
f 3022 3016 932
f 3022 3021 3020
f 3022 3020 3016
f 3021 3019 3020
f 3019 3027 3020
f 3019 3024 3026
f 3019 3026 3027
f 3024 3028 3026
f 3028 3025 3026
f 3028 3077 3082
f 3028 3082 3025
f 3077 3078 3082
f 3078 3075 3082
f 3078 2980 3080
f 3078 3080 3075
f 2980 2978 3080
f 2978 2981 3080
f 2978 2974 2976
f 2978 2976 2981
f 2974 2973 2976
f 2973 2975 2976
f 2973 2957 2959
f 2973 2959 2975
f 2957 2958 2959
f 2958 2971 2959
f 2958 2790 2960
f 2958 2960 2971
f 2790 2791 2960
f 2791 2754 2960
f 2791 2778 2750
f 2791 2750 2754
f 2778 2755 2750
f 2755 2749 2750
f 2755 2756 2748
f 2755 2748 2749
f 2756 2758 2748
f 2758 2747 2748
f 2758 2757 2759
f 2758 2759 2747
f 2757 2721 2759
f 2721 2729 2759
f 2721 2725 2716
f 2721 2716 2729
f 2725 2720 2716
f 2720 2723 2716
f 2720 2726 2718
f 2720 2718 2723
f 2726 2715 2718
f 2715 2727 2718
f 2715 3505 3497
f 2715 3497 2727
f 3505 3500 3497
f 3500 3498 3497
f 3500 3509 3508
f 3500 3508 3498
f 3509 3503 3508
f 3503 3504 3508
f 3503 3544 3552
f 3503 3552 3504
f 3544 3548 3552
f 3548 3551 3552
f 3548 3547 3550
f 3548 3550 3551
f 3547 3567 3550
f 3567 3568 3550
f 3567 3565 3566
f 3567 3566 3568
f 3565 3569 3566
f 3569 3556 3566
f 3569 3678 3670
f 3569 3670 3556
f 3678 3679 3670
f 3679 3672 3670
f 3679 3690 3673
f 3679 3673 3672
f 3690 3689 3673
f 3689 3662 3673
f 3689 3647 3650
f 3689 3650 3662
f 3647 3648 3650
f 3648 3657 3650
f 3648 3651 3655
f 3648 3655 3657
f 3651 3583 3655
f 3583 3570 3655
f 3583 3578 3576
f 3583 3576 3570
f 3578 3579 3576
f 3579 3582 3576
f 3579 3594 3599
f 3579 3599 3582
f 3594 3590 3599
f 3590 3586 3599
f 3590 3591 3587
f 3590 3587 3586
f 1815 1813 1811
f 1813 1805 1811
f 1813 1814 1804
f 1813 1804 1805
f 1814 1817 1804
f 1817 1816 1804
f 1817 1790 1798
f 1817 1798 1816
f 1790 1796 1798
f 1796 1794 1798
f 1796 1797 1793
f 1796 1793 1794
f 1797 1785 1793
f 1785 1784 1793
f 1785 1772 1776
f 1785 1776 1784
f 1772 1779 1776
f 1779 1786 1776
f 1779 1756 1738
f 1779 1738 1786
f 1756 1752 1738
f 1752 1729 1738
f 1752 1750 1728
f 1752 1728 1729
f 1750 1770 1728
f 1770 1733 1728
f 1770 1771 1741
f 1770 1741 1733
f 1771 1769 1741
f 1769 1725 1741
f 1769 1708 1722
f 1769 1722 1725
f 1708 1701 1722
f 1701 1723 1722
f 1701 1699 1713
f 1701 1713 1723
f 1699 879 1713
f 879 880 1713
f 879 882 877
f 879 877 880
f 882 871 877
f 871 874 877
f 871 895 876
f 871 876 874
f 895 893 876
f 893 885 876
f 893 887 852
f 893 852 885
f 887 841 852
f 841 844 852
f 841 842 843
f 841 843 844
f 842 822 843
f 822 777 843
f 822 814 774
f 822 774 777
f 814 812 774
f 812 773 774
f 812 816 792
f 812 792 773
f 816 801 792
f 801 793 792
f 801 803 783
f 801 783 793
f 803 1105 783
f 1105 1086 783
f 1105 1100 1093
f 1105 1093 1086
f 1100 1107 1093
f 1107 1095 1093
f 1107 1149 1154
f 1107 1154 1095
f 1149 1148 1154
f 1148 1152 1154
f 1148 1150 1151
f 1148 1151 1152
f 1150 1147 1151
f 1147 1141 1151
f 1147 1153 1155
f 1147 1155 1141
f 1153 1043 1155
f 1043 1070 1155
f 1043 1050 1069
f 1043 1069 1070
f 1050 1049 1069
f 1049 1074 1069
f 1049 1040 1046
f 1049 1046 1074
f 1040 1042 1046
f 1042 1051 1046
f 1042 1044 1062
f 1042 1062 1051
f 1044 1022 1062
f 1022 1030 1062
f 1022 1034 1033
f 1022 1033 1030
f 1034 1028 1033
f 1028 1026 1033
f 1028 1025 1027
f 1028 1027 1026
f 1025 932 1027
f 932 1013 1027
f 932 3016 3071
f 932 3071 1013
f 3016 3020 3071
f 3020 3070 3071
f 3020 3027 3060
f 3020 3060 3070
f 3027 3026 3060
f 3026 3087 3060
f 3026 3025 3083
f 3026 3083 3087
f 3025 3082 3083
f 3082 3088 3083
f 3082 3075 3076
f 3082 3076 3088
f 3075 3080 3076
f 3080 3079 3076
f 3080 2981 2979
f 3080 2979 3079
f 2981 2976 2979
f 2976 2977 2979
f 2976 2975 2965
f 2976 2965 2977
f 2975 2959 2965
f 2959 2961 2965
f 2959 2971 2966
f 2959 2966 2961
f 2971 2960 2966
f 2960 2969 2966
f 2960 2754 2753
f 2960 2753 2969
f 2754 2750 2753
f 2750 2751 2753
f 2750 2749 2746
f 2750 2746 2751
f 2749 2748 2746
f 2748 2745 2746
f 2748 2747 2760
f 2748 2760 2745
f 2747 2759 2760
f 2759 2752 2760
f 2759 2729 2717
f 2759 2717 2752
f 2729 2716 2717
f 2716 2728 2717
f 2716 2723 2724
f 2716 2724 2728
f 2723 2718 2724
f 2718 2719 2724
f 2718 2727 2722
f 2718 2722 2719
f 2727 3497 2722
f 3497 3507 2722
f 3497 3498 3506
f 3497 3506 3507
f 3498 3508 3506
f 3508 3501 3506
f 3508 3504 3502
f 3508 3502 3501
f 3504 3552 3502
f 3552 3545 3502
f 3552 3551 3543
f 3552 3543 3545
f 3551 3550 3543
f 3550 3546 3543
f 3550 3568 3559
f 3550 3559 3546
f 3568 3566 3559
f 3566 3561 3559
f 3566 3556 3560
f 3566 3560 3561
f 3556 3670 3560
f 3670 3669 3560
f 3670 3672 3664
f 3670 3664 3669
f 3672 3673 3664
f 3673 3665 3664
f 3673 3662 3671
f 3673 3671 3665
f 3662 3650 3671
f 3650 3663 3671
f 3650 3657 3649
f 3650 3649 3663
f 3657 3655 3649
f 3655 3659 3649
f 3655 3570 3577
f 3655 3577 3659
f 3570 3576 3577
f 3576 3571 3577
f 3576 3582 3573
f 3576 3573 3571
f 3582 3599 3573
f 3599 3598 3573
f 3599 3586 3588
f 3599 3588 3598
f 3586 3587 3588
f 3587 3593 3588
f 1811 1805 1807
f 1811 1807 1810
f 1805 1804 1807
f 1804 1806 1807
f 1804 1816 1802
f 1804 1802 1806
f 1816 1798 1802
f 1798 1801 1802
f 1798 1794 1789
f 1798 1789 1801
f 1794 1793 1789
f 1793 1791 1789
f 1793 1784 1783
f 1793 1783 1791
f 1784 1776 1783
f 1776 1778 1783
f 1776 1786 1777
f 1776 1777 1778
f 1786 1738 1777
f 1738 1730 1777
f 1738 1729 1736
f 1738 1736 1730
f 1729 1728 1736
f 1728 1737 1736
f 1728 1733 1735
f 1728 1735 1737
f 1733 1741 1735
f 1741 1734 1735
f 1741 1725 1724
f 1741 1724 1734
f 1725 1722 1724
f 1722 1721 1724
f 1722 1723 1719
f 1722 1719 1721
f 1723 1713 1719
f 1713 1726 1719
f 1713 880 878
f 1713 878 1726
f 880 877 878
f 877 881 878
f 877 874 875
f 877 875 881
f 874 876 875
f 876 873 875
f 876 885 872
f 876 872 873
f 885 852 872
f 852 849 872
f 852 844 845
f 852 845 849
f 844 843 845
f 843 847 845
f 843 777 778
f 843 778 847
f 777 774 778
f 774 776 778
f 774 773 771
f 774 771 776
f 773 792 771
f 792 789 771
f 792 793 786
f 792 786 789
f 793 783 786
f 783 794 786
f 783 1086 1087
f 783 1087 794
f 1086 1093 1087
f 1093 1090 1087
f 1093 1095 1085
f 1093 1085 1090
f 1095 1154 1085
f 1154 1146 1085
f 1154 1152 1145
f 1154 1145 1146
f 1152 1151 1145
f 1151 1144 1145
f 1151 1141 1143
f 1151 1143 1144
f 1141 1155 1143
f 1155 1142 1143
f 1155 1070 1071
f 1155 1071 1142
f 1070 1069 1071
f 1069 1072 1071
f 1069 1074 1076
f 1069 1076 1072
f 1074 1046 1076
f 1046 1061 1076
f 1046 1051 1064
f 1046 1064 1061
f 1051 1062 1064
f 1062 1063 1064
f 1062 1030 1032
f 1062 1032 1063
f 1030 1033 1032
f 1033 1029 1032
f 1033 1026 1023
f 1033 1023 1029
f 1026 1027 1023
f 1027 1018 1023
f 1027 1013 1010
f 1027 1010 1018
f 1013 3071 1010
f 3071 3073 1010
f 3071 3070 3074
f 3071 3074 3073
f 3070 3060 3074
f 3060 3068 3074
f 3060 3087 3086
f 3060 3086 3068
f 3087 3083 3086
f 3083 3085 3086
f 3083 3088 3084
f 3083 3084 3085
f 3088 3076 3084
f 3076 3081 3084
f 3076 3079 3089
f 3076 3089 3081
f 3079 2979 3089
f 2979 2955 3089
f 2979 2977 2942
f 2979 2942 2955
f 2977 2965 2942
f 2965 2962 2942
f 2965 2961 2963
f 2965 2963 2962
f 2961 2966 2963
f 2966 2968 2963
f 2966 2969 2970
f 2966 2970 2968
f 2969 2753 2970
f 2753 2699 2970
f 2753 2751 2712
f 2753 2712 2699
f 2751 2746 2712
f 2746 2701 2712
f 2746 2745 2711
f 2746 2711 2701
f 2745 2760 2711
f 2760 2706 2711
f 2760 2752 2702
f 2760 2702 2706
f 2752 2717 2702
f 2717 2667 2702
f 2717 2728 2665
f 2717 2665 2667
f 2728 2724 2665
f 2724 2664 2665
f 2724 2719 2659
f 2724 2659 2664
f 2719 2722 2659
f 2722 3465 2659
f 2722 3507 3460
f 2722 3460 3465
f 3507 3506 3460
f 3506 3456 3460
f 3506 3501 3496
f 3506 3496 3456
f 3501 3502 3496
f 3502 3499 3496
f 3502 3545 3549
f 3502 3549 3499
f 3545 3543 3549
f 3543 3541 3549
f 3543 3546 3553
f 3543 3553 3541
f 3546 3559 3553
f 3559 3563 3553
f 3559 3561 3564
f 3559 3564 3563
f 3561 3560 3564
f 3560 3562 3564
f 3560 3669 3675
f 3560 3675 3562
f 3669 3664 3675
f 3664 3666 3675
f 3664 3665 3667
f 3664 3667 3666
f 3665 3671 3667
f 3671 3668 3667
f 3671 3663 3674
f 3671 3674 3668
f 3663 3649 3674
f 3649 3661 3674
f 3649 3659 3660
f 3649 3660 3661
f 3659 3577 3660
f 3577 3574 3660
f 3577 3571 3575
f 3577 3575 3574
f 3571 3573 3575
f 3573 3572 3575
f 3573 3598 3597
f 3573 3597 3572
f 3598 3588 3597
f 3588 3592 3597
f 3588 3593 3585
f 3588 3585 3592
f 1810 1807 1809
f 1807 1808 1809
f 1807 1806 1812
f 1807 1812 1808
f 1806 1802 1812
f 1802 1803 1812
f 1802 1801 1787
f 1802 1787 1803
f 1801 1789 1787
f 1789 1795 1787
f 1789 1791 1799
f 1789 1799 1795
f 1791 1783 1799
f 1783 1780 1799
f 1783 1778 1782
f 1783 1782 1780
f 1778 1777 1782
f 1777 1781 1782
f 1777 1730 1727
f 1777 1727 1781
f 1730 1736 1727
f 1736 1731 1727
f 1736 1737 1740
f 1736 1740 1731
f 1737 1735 1740
f 1735 1739 1740
f 1735 1734 1732
f 1735 1732 1739
f 1734 1724 1732
f 1724 1718 1732
f 1724 1721 1717
f 1724 1717 1718
f 1721 1719 1717
f 1719 1714 1717
f 1719 1726 1712
f 1719 1712 1714
f 1726 878 1712
f 878 863 1712
f 878 881 857
f 878 857 863
f 881 875 857
f 875 861 857
f 875 873 884
f 875 884 861
f 873 872 884
f 872 883 884
f 872 849 848
f 872 848 883
f 849 845 848
f 845 853 848
f 845 847 851
f 845 851 853
f 847 778 851
f 778 781 851
f 778 776 770
f 778 770 781
f 776 771 770
f 771 775 770
f 771 789 791
f 771 791 775
f 789 786 791
f 786 795 791
f 786 794 785
f 786 785 795
f 794 1087 785
f 1087 1094 785
f 1087 1090 1089
f 1087 1089 1094
f 1090 1085 1089
f 1085 1091 1089
f 1085 1146 1120
f 1085 1120 1091
f 1146 1145 1120
f 1145 1123 1120
f 1145 1144 1125
f 1145 1125 1123
f 1144 1143 1125
f 1143 1122 1125
f 1143 1142 1126
f 1143 1126 1122
f 1142 1071 1126
f 1071 1077 1126
f 1071 1072 1078
f 1071 1078 1077
f 1072 1076 1078
f 1076 1075 1078
f 1076 1061 1060
f 1076 1060 1075
f 1061 1064 1060
f 1064 1059 1060
f 1064 1063 1066
f 1064 1066 1059
f 1063 1032 1066
f 1032 1024 1066
f 1032 1029 1031
f 1032 1031 1024
f 1029 1023 1031
f 1023 1008 1031
f 1023 1018 1020
f 1023 1020 1008
f 1018 1010 1020
f 1010 1015 1020
f 1010 3073 3072
f 1010 3072 1015
f 3073 3074 3072
f 3074 3069 3072
f 3074 3068 3061
f 3074 3061 3069
f 3068 3086 3061
f 3086 3100 3061
f 3086 3085 3099
f 3086 3099 3100
f 3085 3084 3099
f 3084 3101 3099
f 3084 3081 3092
f 3084 3092 3101
f 3081 3089 3092
f 3089 3094 3092
f 3089 2955 2951
f 3089 2951 3094
f 2955 2942 2951
f 2942 2947 2951
f 2942 2962 2948
f 2942 2948 2947
f 2962 2963 2948
f 2963 2964 2948
f 2963 2968 2967
f 2963 2967 2964
f 2968 2970 2967
f 2970 2687 2967
f 2970 2699 2698
f 2970 2698 2687
f 2699 2712 2698
f 2712 2713 2698
f 2712 2701 2714
f 2712 2714 2713
f 2701 2711 2714
f 2711 2710 2714
f 2711 2706 2709
f 2711 2709 2710
f 2706 2702 2709
f 2702 2707 2709
f 2702 2667 2657
f 2702 2657 2707
f 2667 2665 2657
f 2665 2656 2657
f 2665 2664 2663
f 2665 2663 2656
f 2664 2659 2663
f 2659 2654 2663
f 2659 3465 3462
f 2659 3462 2654
f 3465 3460 3462
f 3460 3453 3462
f 3460 3456 3452
f 3460 3452 3453
f 3456 3496 3452
f 3496 3463 3452
f 3496 3499 3451
f 3496 3451 3463
f 3499 3549 3451
f 3549 3455 3451
f 3549 3541 3554
f 3549 3554 3455
f 3541 3553 3554
f 3553 3542 3554
f 3553 3563 3555
f 3553 3555 3542
f 3563 3564 3555
f 3564 3557 3555
f 3564 3562 3558
f 3564 3558 3557
f 3562 3675 3558
f 3675 3699 3558
f 3675 3666 3692
f 3675 3692 3699
f 3666 3667 3692
f 3667 3693 3692
f 3667 3668 3694
f 3667 3694 3693
f 3668 3674 3694
f 3674 3691 3694
f 3674 3661 3701
f 3674 3701 3691
f 3661 3660 3701
f 3660 3704 3701
f 3660 3574 3614
f 3660 3614 3704
f 3574 3575 3614
f 3575 3613 3614
f 3575 3572 3609
f 3575 3609 3613
f 3572 3597 3609
f 3597 3610 3609
f 3597 3592 3615
f 3597 3615 3610
f 3592 3585 3615
f 3585 3607 3615
f 1809 1808 6266
f 1809 6266 6268
f 1808 1812 6266
f 1812 6273 6266
f 1812 1803 6276
f 1812 6276 6273
f 1803 1787 6276
f 1787 6277 6276
f 1787 1795 1788
f 1787 1788 6277
f 1795 1799 1788
f 1799 6265 1788
f 1799 1780 6261
f 1799 6261 6265
f 1780 1782 6261
f 1782 6260 6261
f 1782 1781 6262
f 1782 6262 6260
f 1781 1727 6262
f 1727 6251 6262
f 1727 1731 6239
f 1727 6239 6251
f 1731 1740 6239
f 1740 6552 6239
f 1740 1739 6551
f 1740 6551 6552
f 1739 1732 6551
f 1732 6564 6551
f 1732 1718 6556
f 1732 6556 6564
f 1718 1717 6556
f 1717 1720 6556
f 1717 1714 1716
f 1717 1716 1720
f 1714 1712 1716
f 1712 1715 1716
f 1712 863 859
f 1712 859 1715
f 863 857 859
f 857 856 859
f 857 861 865
f 857 865 856
f 861 884 865
f 884 862 865
f 884 883 867
f 884 867 862
f 883 848 867
f 848 866 867
f 848 853 854
f 848 854 866
f 853 851 854
f 851 855 854
f 851 781 780
f 851 780 855
f 781 770 780
f 770 769 780
f 770 775 772
f 770 772 769
f 775 791 772
f 791 788 772
f 791 795 790
f 791 790 788
f 795 785 790
f 785 787 790
f 785 1094 1082
f 785 1082 787
f 1094 1089 1082
f 1089 1083 1082
f 1089 1091 1088
f 1089 1088 1083
f 1091 1120 1088
f 1120 1112 1088
f 1120 1123 1121
f 1120 1121 1112
f 1123 1125 1121
f 1125 1124 1121
f 1125 1122 1115
f 1125 1115 1124
f 1122 1126 1115
f 1126 1113 1115
f 1126 1077 1079
f 1126 1079 1113
f 1077 1078 1079
f 1078 1080 1079
f 1078 1075 1081
f 1078 1081 1080
f 1075 1060 1081
f 1060 1054 1081
f 1060 1059 1053
f 1060 1053 1054
f 1059 1066 1053
f 1066 1052 1053
f 1066 1024 1065
f 1066 1065 1052
f 1024 1031 1065
f 1031 1007 1065
f 1031 1008 1017
f 1031 1017 1007
f 1008 1020 1017
f 1020 1014 1017
f 1020 1015 1009
f 1020 1009 1014
f 1015 3072 1009
f 3072 3065 1009
f 3072 3069 3066
f 3072 3066 3065
f 3069 3061 3066
f 3061 3067 3066
f 3061 3100 3093
f 3061 3093 3067
f 3100 3099 3093
f 3099 3102 3093
f 3099 3101 3103
f 3099 3103 3102
f 3101 3092 3103
f 3092 3104 3103
f 3092 3094 3096
f 3092 3096 3104
f 3094 2951 3096
f 2951 2950 3096
f 2951 2947 2944
f 2951 2944 2950
f 2947 2948 2944
f 2948 2945 2944
f 2948 2964 2946
f 2948 2946 2945
f 2964 2967 2946
f 2967 2954 2946
f 2967 2687 2686
f 2967 2686 2954
f 2687 2698 2686
f 2698 2689 2686
f 2698 2713 2691
f 2698 2691 2689
f 2713 2714 2691
f 2714 2690 2691
f 2714 2710 2700
f 2714 2700 2690
f 2710 2709 2700
f 2709 2705 2700
f 2709 2707 2703
f 2709 2703 2705
f 2707 2657 2703
f 2657 2666 2703
f 2657 2656 2655
f 2657 2655 2666
f 2656 2663 2655
f 2663 2661 2655
f 2663 2654 2660
f 2663 2660 2661
f 2654 3462 2660
f 3462 3458 2660
f 3462 3453 3461
f 3462 3461 3458
f 3453 3452 3461
f 3452 3457 3461
f 3452 3463 3459
f 3452 3459 3457
f 3463 3451 3459
f 3451 3464 3459
f 3451 3455 3454
f 3451 3454 3464
f 3455 3554 3454
f 3554 3433 3454
f 3554 3542 3435
f 3554 3435 3433
f 3542 3555 3435
f 3555 3422 3435
f 3555 3557 3421
f 3555 3421 3422
f 3557 3558 3421
f 3558 3428 3421
f 3558 3699 3698
f 3558 3698 3428
f 3699 3692 3698
f 3692 3695 3698
f 3692 3693 3696
f 3692 3696 3695
f 3693 3694 3696
f 3694 3697 3696
f 3694 3691 3702
f 3694 3702 3697
f 3691 3701 3702
f 3701 3705 3702
f 3701 3704 3703
f 3701 3703 3705
f 3704 3614 3703
f 3614 3602 3703
f 3614 3613 3603
f 3614 3603 3602
f 3613 3609 3603
f 3609 3611 3603
f 3609 3610 3604
f 3609 3604 3611
f 3610 3615 3604
f 3615 3606 3604
f 3615 3607 3605
f 3615 3605 3606
f 6268 6266 6278
f 6266 6267 6278
f 6266 6273 6274
f 6266 6274 6267
f 6273 6276 6274
f 6276 6275 6274
f 6276 6277 6280
f 6276 6280 6275
f 6277 1788 6280
f 1788 6279 6280
f 1788 6265 6252
f 1788 6252 6279
f 6265 6261 6252
f 6261 6259 6252
f 6261 6260 6263
f 6261 6263 6259
f 6260 6262 6263
f 6262 6264 6263
f 6262 6251 6250
f 6262 6250 6264
f 6251 6239 6250
f 6239 6238 6250
f 6239 6552 6554
f 6239 6554 6238
f 6552 6551 6554
f 6551 6553 6554
f 6551 6564 6561
f 6551 6561 6553
f 6564 6556 6561
f 6556 6562 6561
f 6556 1720 6563
f 6556 6563 6562
f 1720 1716 6563
f 1716 6637 6563
f 1716 1715 6630
f 1716 6630 6637
f 1715 859 6630
f 859 860 6630
f 859 856 858
f 859 858 860
f 856 865 858
f 865 870 858
f 865 862 868
f 865 868 870
f 862 867 868
f 867 869 868
f 867 866 864
f 867 864 869
f 866 854 864
f 854 850 864
f 854 855 846
f 854 846 850
f 855 780 846
f 780 779 846
f 780 769 767
f 780 767 779
f 769 772 767
f 772 768 767
f 772 788 784
f 772 784 768
f 788 790 784
f 790 796 784
f 790 787 782
f 790 782 796
f 787 1082 782
f 1082 1096 782
f 1082 1083 1084
f 1082 1084 1096
f 1083 1088 1084
f 1088 1092 1084
f 1088 1112 1119
f 1088 1119 1092
f 1112 1121 1119
f 1121 1118 1119
f 1121 1124 1116
f 1121 1116 1118
f 1124 1115 1116
f 1115 1114 1116
f 1115 1113 1117
f 1115 1117 1114
f 1113 1079 1117
f 1079 1067 1117
f 1079 1080 1068
f 1079 1068 1067
f 1080 1081 1068
f 1081 1073 1068
f 1081 1054 1058
f 1081 1058 1073
f 1054 1053 1058
f 1053 1057 1058
f 1053 1052 1056
f 1053 1056 1057
f 1052 1065 1056
f 1065 1055 1056
f 1065 1007 1011
f 1065 1011 1055
f 1007 1017 1011
f 1017 1012 1011
f 1017 1014 1016
f 1017 1016 1012
f 1014 1009 1016
f 1009 1019 1016
f 1009 3065 3064
f 1009 3064 1019
f 3065 3066 3064
f 3066 3062 3064
f 3066 3067 3063
f 3066 3063 3062
f 3067 3093 3063
f 3093 3090 3063
f 3093 3102 3097
f 3093 3097 3090
f 3102 3103 3097
f 3103 3095 3097
f 3103 3104 3098
f 3103 3098 3095
f 3104 3096 3098
f 3096 3091 3098
f 3096 2950 2952
f 3096 2952 3091
f 2950 2944 2952
f 2944 2953 2952
f 2944 2945 2949
f 2944 2949 2953
f 2945 2946 2949
f 2946 2943 2949
f 2946 2954 2956
f 2946 2956 2943
f 2954 2686 2956
f 2686 2684 2956
f 2686 2689 2683
f 2686 2683 2684
f 2689 2691 2683
f 2691 2692 2683
f 2691 2690 2688
f 2691 2688 2692
f 2690 2700 2688
f 2700 2693 2688
f 2700 2705 2708
f 2700 2708 2693
f 2705 2703 2708
f 2703 2704 2708
f 2703 2666 2658
f 2703 2658 2704
f 2666 2655 2658
f 2655 2662 2658
f 2655 2661 2642
f 2655 2642 2662
f 2661 2660 2642
f 2660 2650 2642
f 2660 3458 3491
f 2660 3491 2650
f 3458 3461 3491
f 3461 3483 3491
f 3461 3457 3494
f 3461 3494 3483
f 3457 3459 3494
f 3459 3478 3494
f 3459 3464 3469
f 3459 3469 3478
f 3464 3454 3469
f 3454 3474 3469
f 3454 3433 3426
f 3454 3426 3474
f 3433 3435 3426
f 3435 3434 3426
f 3435 3422 3431
f 3435 3431 3434
f 3422 3421 3431
f 3421 3432 3431
f 3421 3428 3423
f 3421 3423 3432
f 3428 3698 3423
f 3698 3726 3423
f 3698 3695 3722
f 3698 3722 3726
f 3695 3696 3722
f 3696 3723 3722
f 3696 3697 3710
f 3696 3710 3723
f 3697 3702 3710
f 3702 3718 3710
f 3702 3705 3700
f 3702 3700 3718
f 3705 3703 3700
f 3703 3619 3700
f 3703 3602 3617
f 3703 3617 3619
f 3602 3603 3617
f 3603 3618 3617
f 3603 3611 3600
f 3603 3600 3618
f 3611 3604 3600
f 3604 3601 3600
f 3604 3606 3612
f 3604 3612 3601
f 3606 3605 3612
f 3605 3608 3612
f 6278 6267 6270
f 6278 6270 6271
f 6267 6274 6270
f 6274 6269 6270
f 6274 6275 6272
f 6274 6272 6269
f 6275 6280 6272
f 6280 6298 6272
f 6280 6279 6297
f 6280 6297 6298
f 6279 6252 6297
f 6252 6303 6297
f 6252 6259 6258
f 6252 6258 6303
f 6259 6263 6258
f 6263 6257 6258
f 6263 6264 6255
f 6263 6255 6257
f 6264 6250 6255
f 6250 6246 6255
f 6250 6238 6241
f 6250 6241 6246
f 6238 6554 6241
f 6554 6558 6241
f 6554 6553 6559
f 6554 6559 6558
f 6553 6561 6559
f 6561 6560 6559
f 6561 6562 6557
f 6561 6557 6560
f 6562 6563 6557
f 6563 6555 6557
f 6563 6637 6635
f 6563 6635 6555
f 6637 6630 6635
f 6630 6631 6635
f 6630 860 6625
f 6630 6625 6631
f 860 858 6625
f 858 6640 6625
f 858 870 6638
f 858 6638 6640
f 870 868 6638
f 868 6646 6638
f 868 869 6642
f 868 6642 6646
f 869 864 6642
f 864 7255 6642
f 864 850 7251
f 864 7251 7255
f 850 846 7251
f 846 7242 7251
f 846 779 7244
f 846 7244 7242
f 779 767 7244
f 767 7214 7244
f 767 768 7218
f 767 7218 7214
f 768 784 7218
f 784 7221 7218
f 784 796 7293
f 784 7293 7221
f 796 782 7293
f 782 7294 7293
f 782 1096 7297
f 782 7297 7294
f 1096 1084 7297
f 1084 7290 7297
f 1084 1092 7289
f 1084 7289 7290
f 1092 1119 7289
f 1119 7300 7289
f 1119 1118 7432
f 1119 7432 7300
f 1118 1116 7432
f 1116 7437 7432
f 1116 1114 7424
f 1116 7424 7437
f 1114 1117 7424
f 1117 7422 7424
f 1117 1067 7420
f 1117 7420 7422
f 1067 1068 7420
f 1068 7421 7420
f 1068 1073 7423
f 1068 7423 7421
f 1073 1058 7423
f 1058 7455 7423
f 1058 1057 7462
f 1058 7462 7455
f 1057 1056 7462
f 1056 7466 7462
f 1056 1055 7456
f 1056 7456 7466
f 1055 1011 7456
f 1011 7463 7456
f 1011 1012 8578
f 1011 8578 7463
f 1012 1016 8578
f 1016 8579 8578
f 1016 1019 8580
f 1016 8580 8579
f 1019 3064 8580
f 3064 8585 8580
f 3064 3062 8586
f 3064 8586 8585
f 3062 3063 8586
f 3063 8611 8586
f 3063 3090 8607
f 3063 8607 8611
f 3090 3097 8607
f 3097 8617 8607
f 3097 3095 8615
f 3097 8615 8617
f 3095 3098 8615
f 3098 8604 8615
f 3098 3091 8619
f 3098 8619 8604
f 3091 2952 8619
f 2952 8563 8619
f 2952 2953 8572
f 2952 8572 8563
f 2953 2949 8572
f 2949 8569 8572
f 2949 2943 8558
f 2949 8558 8569
f 2943 2956 8558
f 2956 8552 8558
f 2956 2684 8551
f 2956 8551 8552
f 2684 2683 8551
f 2683 8553 8551
f 2683 2692 2697
f 2683 2697 8553
f 2692 2688 2697
f 2688 2694 2697
f 2688 2693 2685
f 2688 2685 2694
f 2693 2708 2685
f 2708 2676 2685
f 2708 2704 2679
f 2708 2679 2676
f 2704 2658 2679
f 2658 2680 2679
f 2658 2662 2641
f 2658 2641 2680
f 2662 2642 2641
f 2642 2651 2641
f 2642 2650 2648
f 2642 2648 2651
f 2650 3491 2648
f 3491 3484 2648
f 3491 3483 3481
f 3491 3481 3484
f 3483 3494 3481
f 3494 3495 3481
f 3494 3478 3475
f 3494 3475 3495
f 3478 3469 3475
f 3469 3470 3475
f 3469 3474 3467
f 3469 3467 3470
f 3474 3426 3467
f 3426 3427 3467
f 3426 3434 3430
f 3426 3430 3427
f 3434 3431 3430
f 3431 3429 3430
f 3431 3432 3424
f 3431 3424 3429
f 3432 3423 3424
f 3423 3425 3424
f 3423 3726 3721
f 3423 3721 3425
f 3726 3722 3721
f 3722 3720 3721
f 3722 3723 3724
f 3722 3724 3720
f 3723 3710 3724
f 3710 3716 3724
f 3710 3718 3715
f 3710 3715 3716
f 3718 3700 3715
f 3700 3714 3715
f 3700 3619 3626
f 3700 3626 3714
f 3619 3617 3626
f 3617 3620 3626
f 3617 3618 3621
f 3617 3621 3620
f 3618 3600 3621
f 3600 3639 3621
f 3600 3601 3638
f 3600 3638 3639
f 3601 3612 3638
f 3612 3634 3638
f 3612 3608 3637
f 3612 3637 3634
f 6271 6270 6296
f 6270 6283 6296
f 6270 6269 6282
f 6270 6282 6283
f 6269 6272 6282
f 6272 6281 6282
f 6272 6298 6307
f 6272 6307 6281
f 6298 6297 6307
f 6297 6308 6307
f 6297 6303 6306
f 6297 6306 6308
f 6303 6258 6306
f 6258 6256 6306
f 6258 6257 6253
f 6258 6253 6256
f 6257 6255 6253
f 6255 6254 6253
f 6255 6246 6247
f 6255 6247 6254
f 6246 6241 6247
f 6241 6242 6247
f 6241 6558 6577
f 6241 6577 6242
f 6558 6559 6577
f 6559 6566 6577
f 6559 6560 6576
f 6559 6576 6566
f 6560 6557 6576
f 6557 6571 6576
f 6557 6555 6570
f 6557 6570 6571
f 6555 6635 6570
f 6635 6634 6570
f 6635 6631 6624
f 6635 6624 6634
f 6631 6625 6624
f 6625 6636 6624
f 6625 6640 6641
f 6625 6641 6636
f 6640 6638 6641
f 6638 6645 6641
f 6638 6646 6644
f 6638 6644 6645
f 6646 6642 6644
f 6642 6643 6644
f 6642 7255 7256
f 6642 7256 6643
f 7255 7251 7256
f 7251 7257 7256
f 7251 7242 7254
f 7251 7254 7257
f 7242 7244 7254
f 7244 7253 7254
f 7244 7214 7219
f 7244 7219 7253
f 7214 7218 7219
f 7218 7215 7219
f 7218 7221 7213
f 7218 7213 7215
f 7221 7293 7213
f 7293 7292 7213
f 7293 7294 7295
f 7293 7295 7292
f 7294 7297 7295
f 7297 7291 7295
f 7297 7290 7301
f 7297 7301 7291
f 7290 7289 7301
f 7289 7302 7301
f 7289 7300 7288
f 7289 7288 7302
f 7300 7432 7288
f 7432 7430 7288
f 7432 7437 7429
f 7432 7429 7430
f 7437 7424 7429
f 7424 7427 7429
f 7424 7422 7414
f 7424 7414 7427
f 7422 7420 7414
f 7420 7417 7414
f 7420 7421 7418
f 7420 7418 7417
f 7421 7423 7418
f 7423 7419 7418
f 7423 7455 7459
f 7423 7459 7419
f 7455 7462 7459
f 7462 7461 7459
f 7462 7466 7454
f 7462 7454 7461
f 7466 7456 7454
f 7456 7458 7454
f 7456 7463 7464
f 7456 7464 7458
f 7463 8578 7464
f 8578 8575 7464
f 8578 8579 8581
f 8578 8581 8575
f 8579 8580 8581
f 8580 8577 8581
f 8580 8585 8584
f 8580 8584 8577
f 8585 8586 8584
f 8586 8587 8584
f 8586 8611 8608
f 8586 8608 8587
f 8611 8607 8608
f 8607 8609 8608
f 8607 8617 8613
f 8607 8613 8609
f 8617 8615 8613
f 8615 8606 8613
f 8615 8604 8612
f 8615 8612 8606
f 8604 8619 8612
f 8619 8618 8612
f 8619 8563 8566
f 8619 8566 8618
f 8563 8572 8566
f 8572 8560 8566
f 8572 8569 8559
f 8572 8559 8560
f 8569 8558 8559
f 8558 8556 8559
f 8558 8552 8546
f 8558 8546 8556
f 8552 8551 8546
f 8551 8554 8546
f 8551 8553 8557
f 8551 8557 8554
f 8553 2697 8557
f 2697 2695 8557
f 2697 2694 2696
f 2697 2696 2695
f 2694 2685 2696
f 2685 2674 2696
f 2685 2676 2670
f 2685 2670 2674
f 2676 2679 2670
f 2679 2675 2670
f 2679 2680 2668
f 2679 2668 2675
f 2680 2641 2668
f 2641 2653 2668
f 2641 2651 2644
f 2641 2644 2653
f 2651 2648 2644
f 2648 2645 2644
f 2648 3484 3490
f 2648 3490 2645
f 3484 3481 3490
f 3481 3493 3490
f 3481 3495 3492
f 3481 3492 3493
f 3495 3475 3492
f 3475 3471 3492
f 3475 3470 3476
f 3475 3476 3471
f 3470 3467 3476
f 3467 3468 3476
f 3467 3427 3444
f 3467 3444 3468
f 3427 3430 3444
f 3430 3446 3444
f 3430 3429 3441
f 3430 3441 3446
f 3429 3424 3441
f 3424 3440 3441
f 3424 3425 3439
f 3424 3439 3440
f 3425 3721 3439
f 3721 3729 3439
f 3721 3720 3727
f 3721 3727 3729
f 3720 3724 3727
f 3724 3725 3727
f 3724 3716 3711
f 3724 3711 3725
f 3716 3715 3711
f 3715 3708 3711
f 3715 3714 3706
f 3715 3706 3708
f 3714 3626 3706
f 3626 3616 3706
f 3626 3620 3623
f 3626 3623 3616
f 3620 3621 3623
f 3621 3625 3623
f 3621 3639 3643
f 3621 3643 3625
f 3639 3638 3643
f 3638 3646 3643
f 3638 3634 3632
f 3638 3632 3646
f 3634 3637 3632
f 3637 3641 3632
f 6296 6283 6285
f 6296 6285 6286
f 6283 6282 6285
f 6282 6295 6285
f 6282 6281 6294
f 6282 6294 6295
f 6281 6307 6294
f 6307 6301 6294
f 6307 6308 6302
f 6307 6302 6301
f 6308 6306 6302
f 6306 6305 6302
f 6306 6256 6304
f 6306 6304 6305
f 6256 6253 6304
f 6253 6248 6304
f 6253 6254 6249
f 6253 6249 6248
f 6254 6247 6249
f 6247 6243 6249
f 6247 6242 6240
f 6247 6240 6243
f 6242 6577 6240
f 6577 6574 6240
f 6577 6566 6573
f 6577 6573 6574
f 6566 6576 6573
f 6576 6565 6573
f 6576 6571 6572
f 6576 6572 6565
f 6571 6570 6572
f 6570 6579 6572
f 6570 6634 6629
f 6570 6629 6579
f 6634 6624 6629
f 6624 6626 6629
f 6624 6636 6628
f 6624 6628 6626
f 6636 6641 6628
f 6641 6639 6628
f 6641 6645 6652
f 6641 6652 6639
f 6645 6644 6652
f 6644 6651 6652
f 6644 6643 6650
f 6644 6650 6651
f 6643 7256 6650
f 7256 7248 6650
f 7256 7257 7243
f 7256 7243 7248
f 7257 7254 7243
f 7254 7252 7243
f 7254 7253 7245
f 7254 7245 7252
f 7253 7219 7245
f 7219 7217 7245
f 7219 7215 7216
f 7219 7216 7217
f 7215 7213 7216
f 7213 7222 7216
f 7213 7292 7220
f 7213 7220 7222
f 7292 7295 7220
f 7295 7296 7220
f 7295 7291 7298
f 7295 7298 7296
f 7291 7301 7298
f 7301 7299 7298
f 7301 7302 7310
f 7301 7310 7299
f 7302 7288 7310
f 7288 7309 7310
f 7288 7430 7433
f 7288 7433 7309
f 7430 7429 7433
f 7429 7426 7433
f 7429 7427 7425
f 7429 7425 7426
f 7427 7414 7425
f 7414 7409 7425
f 7414 7417 7412
f 7414 7412 7409
f 7417 7418 7412
f 7418 7411 7412
f 7418 7419 7413
f 7418 7413 7411
f 7419 7459 7413
f 7459 7453 7413
f 7459 7461 7460
f 7459 7460 7453
f 7461 7454 7460
f 7454 7452 7460
f 7454 7458 7465
f 7454 7465 7452
f 7458 7464 7465
f 7464 7457 7465
f 7464 8575 8582
f 7464 8582 7457
f 8575 8581 8582
f 8581 8583 8582
f 8581 8577 8576
f 8581 8576 8583
f 8577 8584 8576
f 8584 8588 8576
f 8584 8587 8574
f 8584 8574 8588
f 8587 8608 8574
f 8608 8610 8574
f 8608 8609 8605
f 8608 8605 8610
f 8609 8613 8605
f 8613 8614 8605
f 8613 8606 8616
f 8613 8616 8614
f 8606 8612 8616
f 8612 8626 8616
f 8612 8618 8633
f 8612 8633 8626
f 8618 8566 8633
f 8566 8621 8633
f 8566 8560 8564
f 8566 8564 8621
f 8560 8559 8564
f 8559 8571 8564
f 8559 8556 8562
f 8559 8562 8571
f 8556 8546 8562
f 8546 8545 8562
f 8546 8554 8544
f 8546 8544 8545
f 8554 8557 8544
f 8557 8550 8544
f 8557 2695 8518
f 8557 8518 8550
f 2695 2696 8518
f 2696 8522 8518
f 2696 2674 2677
f 2696 2677 8522
f 2674 2670 2677
f 2670 2669 2677
f 2670 2675 2671
f 2670 2671 2669
f 2675 2668 2671
f 2668 2672 2671
f 2668 2653 2652
f 2668 2652 2672
f 2653 2644 2652
f 2644 2646 2652
f 2644 2645 2647
f 2644 2647 2646
f 2645 3490 2647
f 3490 3482 2647
f 3490 3493 3486
f 3490 3486 3482
f 3493 3492 3486
f 3492 3488 3486
f 3492 3471 3472
f 3492 3472 3488
f 3471 3476 3472
f 3476 3466 3472
f 3476 3468 3480
f 3476 3480 3466
f 3468 3444 3480
f 3444 3448 3480
f 3444 3446 3447
f 3444 3447 3448
f 3446 3441 3447
f 3441 3443 3447
f 3441 3440 3438
f 3441 3438 3443
f 3440 3439 3438
f 3439 3437 3438
f 3439 3729 3730
f 3439 3730 3437
f 3729 3727 3730
f 3727 3731 3730
f 3727 3725 3732
f 3727 3732 3731
f 3725 3711 3732
f 3711 3719 3732
f 3711 3708 3712
f 3711 3712 3719
f 3708 3706 3712
f 3706 3709 3712
f 3706 3616 3624
f 3706 3624 3709
f 3616 3623 3624
f 3623 3629 3624
f 3623 3625 3630
f 3623 3630 3629
f 3625 3643 3630
f 3643 3644 3630
f 3643 3646 3645
f 3643 3645 3644
f 3646 3632 3645
f 3632 3631 3645
f 3632 3641 3640
f 3632 3640 3631
f 6286 6285 6293
f 6285 6284 6293
f 6285 6295 6290
f 6285 6290 6284
f 6295 6294 6290
f 6294 6292 6290
f 6294 6301 6310
f 6294 6310 6292
f 6301 6302 6310
f 6302 6309 6310
f 6302 6305 6300
f 6302 6300 6309
f 6305 6304 6300
f 6304 6299 6300
f 6304 6248 6244
f 6304 6244 6299
f 6248 6249 6244
f 6249 6245 6244
f 6249 6243 6353
f 6249 6353 6245
f 6243 6240 6353
f 6240 6352 6353
f 6240 6574 6578
f 6240 6578 6352
f 6574 6573 6578
f 6573 6575 6578
f 6573 6565 6569
f 6573 6569 6575
f 6565 6572 6569
f 6572 6568 6569
f 6572 6579 6567
f 6572 6567 6568
f 6579 6629 6567
f 6629 6632 6567
f 6629 6626 6627
f 6629 6627 6632
f 6626 6628 6627
f 6628 6633 6627
f 6628 6639 6666
f 6628 6666 6633
f 6639 6652 6666
f 6652 6649 6666
f 6652 6651 6648
f 6652 6648 6649
f 6651 6650 6648
f 6650 6647 6648
f 6650 7248 7246
f 6650 7246 6647
f 7248 7243 7246
f 7243 7249 7246
f 7243 7252 7247
f 7243 7247 7249
f 7252 7245 7247
f 7245 7250 7247
f 7245 7217 7223
f 7245 7223 7250
f 7217 7216 7223
f 7216 7212 7223
f 7216 7222 7226
f 7216 7226 7212
f 7222 7220 7226
f 7220 7227 7226
f 7220 7296 7333
f 7220 7333 7227
f 7296 7298 7333
f 7298 7334 7333
f 7298 7299 7307
f 7298 7307 7334
f 7299 7310 7307
f 7310 7308 7307
f 7310 7309 7305
f 7310 7305 7308
f 7309 7433 7305
f 7433 7434 7305
f 7433 7426 7435
f 7433 7435 7434
f 7426 7425 7435
f 7425 7436 7435
f 7425 7409 7410
f 7425 7410 7436
f 7409 7412 7410
f 7412 7416 7410
f 7412 7411 7415
f 7412 7415 7416
f 7411 7413 7415
f 7413 7485 7415
f 7413 7453 7495
f 7413 7495 7485
f 7453 7460 7495
f 7460 7491 7495
f 7460 7452 7480
f 7460 7480 7491
f 7452 7465 7480
f 7465 7481 7480
f 7465 7457 7482
f 7465 7482 7481
f 7457 8582 7482
f 8582 8592 7482
f 8582 8583 8598
f 8582 8598 8592
f 8583 8576 8598
f 8576 8597 8598
f 8576 8588 8600
f 8576 8600 8597
f 8588 8574 8600
f 8574 8603 8600
f 8574 8610 8643
f 8574 8643 8603
f 8610 8605 8643
f 8605 8644 8643
f 8605 8614 8635
f 8605 8635 8644
f 8614 8616 8635
f 8616 8639 8635
f 8616 8626 8630
f 8616 8630 8639
f 8626 8633 8630
f 8633 8629 8630
f 8633 8621 8620
f 8633 8620 8629
f 8621 8564 8620
f 8564 8570 8620
f 8564 8571 8565
f 8564 8565 8570
f 8571 8562 8565
f 8562 8573 8565
f 8562 8545 8555
f 8562 8555 8573
f 8545 8544 8555
f 8544 8548 8555
f 8544 8550 8526
f 8544 8526 8548
f 8550 8518 8526
f 8518 8527 8526
f 8518 8522 8524
f 8518 8524 8527
f 8522 2677 8524
f 2677 2673 8524
f 2677 2669 2678
f 2677 2678 2673
f 2669 2671 2678
f 2671 2681 2678
f 2671 2672 2682
f 2671 2682 2681
f 2672 2652 2682
f 2652 2649 2682
f 2652 2646 2640
f 2652 2640 2649
f 2646 2647 2640
f 2647 2643 2640
f 2647 3482 3489
f 2647 3489 2643
f 3482 3486 3489
f 3486 3487 3489
f 3486 3488 3485
f 3486 3485 3487
f 3488 3472 3485
f 3472 3473 3485
f 3472 3466 3479
f 3472 3479 3473
f 3466 3480 3479
f 3480 3477 3479
f 3480 3448 3436
f 3480 3436 3477
f 3448 3447 3436
f 3447 3450 3436
f 3447 3443 3442
f 3447 3442 3450
f 3443 3438 3442
f 3438 3449 3442
f 3438 3437 3445
f 3438 3445 3449
f 3437 3730 3445
f 3730 3728 3445
f 3730 3731 3733
f 3730 3733 3728
f 3731 3732 3733
f 3732 3734 3733
f 3732 3719 3713
f 3732 3713 3734
f 3719 3712 3713
f 3712 3717 3713
f 3712 3709 3707
f 3712 3707 3717
f 3709 3624 3707
f 3624 3628 3707
f 3624 3629 3627
f 3624 3627 3628
f 3629 3630 3627
f 3630 3622 3627
f 3630 3644 3633
f 3630 3633 3622
f 3644 3645 3633
f 3645 3636 3633
f 3645 3631 3642
f 3645 3642 3636
f 3631 3640 3642
f 3640 3635 3642
f 6293 6284 6288
f 6293 6288 6287
f 6284 6290 6288
f 6290 6289 6288
f 6290 6292 6291
f 6290 6291 6289
f 6292 6310 6291
f 6310 6311 6291
f 6310 6309 6319
f 6310 6319 6311
f 6309 6300 6319
f 6300 6342 6319
f 6300 6299 6343
f 6300 6343 6342
f 6299 6244 6343
f 6244 6348 6343
f 6244 6245 6346
f 6244 6346 6348
f 6245 6353 6346
f 6353 6350 6346
f 6353 6352 6349
f 6353 6349 6350
f 6352 6578 6349
f 6578 6591 6349
f 6578 6575 6590
f 6578 6590 6591
f 6575 6569 6590
f 6569 6593 6590
f 6569 6568 6592
f 6569 6592 6593
f 6568 6567 6592
f 6567 6583 6592
f 6567 6632 6659
f 6567 6659 6583
f 6632 6627 6659
f 6627 6664 6659
f 6627 6633 6658
f 6627 6658 6664
f 6633 6666 6658
f 6666 6657 6658
f 6666 6649 6655
f 6666 6655 6657
f 6649 6648 6655
f 6648 6695 6655
f 6648 6647 6685
f 6648 6685 6695
f 6647 7246 6685
f 7246 7241 6685
f 7246 7249 7239
f 7246 7239 7241
f 7249 7247 7239
f 7247 7234 7239
f 7247 7250 7236
f 7247 7236 7234
f 7250 7223 7236
f 7223 7232 7236
f 7223 7212 7224
f 7223 7224 7232
f 7212 7226 7224
f 7226 7225 7224
f 7226 7227 7325
f 7226 7325 7225
f 7227 7333 7325
f 7333 7326 7325
f 7333 7334 7324
f 7333 7324 7326
f 7334 7307 7324
f 7307 7312 7324
f 7307 7308 7311
f 7307 7311 7312
f 7308 7305 7311
f 7305 7316 7311
f 7305 7434 7431
f 7305 7431 7316
f 7434 7435 7431
f 7435 7428 7431
f 7435 7436 7438
f 7435 7438 7428
f 7436 7410 7438
f 7410 7446 7438
f 7410 7416 7445
f 7410 7445 7446
f 7416 7415 7445
f 7415 7443 7445
f 7415 7485 7483
f 7415 7483 7443
f 7485 7495 7483
f 7495 7484 7483
f 7495 7491 7486
f 7495 7486 7484
f 7491 7480 7486
f 7480 7477 7486
f 7480 7481 7468
f 7480 7468 7477
f 7481 7482 7468
f 7482 7471 7468
f 7482 8592 8596
f 7482 8596 7471
f 8592 8598 8596
f 8598 8591 8596
f 8598 8597 8590
f 8598 8590 8591
f 8597 8600 8590
f 8600 8589 8590
f 8600 8603 8602
f 8600 8602 8589
f 8603 8643 8602
f 8643 8647 8602
f 8643 8644 8648
f 8643 8648 8647
f 8644 8635 8648
f 8635 8637 8648
f 8635 8639 8638
f 8635 8638 8637
f 8639 8630 8638
f 8630 8628 8638
f 8630 8629 8627
f 8630 8627 8628
f 8629 8620 8627
f 8620 8632 8627
f 8620 8570 8568
f 8620 8568 8632
f 8570 8565 8568
f 8565 8567 8568
f 8565 8573 8561
f 8565 8561 8567
f 8573 8555 8561
f 8555 8549 8561
f 8555 8548 8547
f 8555 8547 8549
f 8548 8526 8547
f 8526 8515 8547
f 8526 8527 8528
f 8526 8528 8515
f 8527 8524 8528
f 8524 8516 8528
f 8524 2673 8510
f 8524 8510 8516
f 2673 2678 8510
f 2678 8506 8510
f 2678 2681 8504
f 2678 8504 8506
f 2681 2682 8504
f 2682 9327 8504
f 2682 2649 9329
f 2682 9329 9327
f 2649 2640 9329
f 2640 9334 9329
f 2640 2643 9341
f 2640 9341 9334
f 2643 3489 9341
f 3489 9348 9341
f 3489 3487 9346
f 3489 9346 9348
f 3487 3485 9346
f 3485 9342 9346
f 3485 3473 9347
f 3485 9347 9342
f 3473 3479 9347
f 3479 9226 9347
f 3479 3477 9227
f 3479 9227 9226
f 3477 3436 9227
f 3436 9228 9227
f 3436 3450 9215
f 3436 9215 9228
f 3450 3442 9215
f 3442 9213 9215
f 3442 3449 9214
f 3442 9214 9213
f 3449 3445 9214
f 3445 8835 9214
f 3445 3728 8833
f 3445 8833 8835
f 3728 3733 8833
f 3733 8837 8833
f 3733 3734 8826
f 3733 8826 8837
f 3734 3713 8826
f 3713 8822 8826
f 3713 3717 8816
f 3713 8816 8822
f 3717 3707 8816
f 3707 8776 8816
f 3707 3628 8767
f 3707 8767 8776
f 3628 3627 8767
f 3627 8768 8767
f 3627 3622 8788
f 3627 8788 8768
f 3622 3633 8788
f 3633 8796 8788
f 3633 3636 8789
f 3633 8789 8796
f 3636 3642 8789
f 3642 8790 8789
f 3642 3635 8791
f 3642 8791 8790
f 6287 6288 6338
f 6288 6337 6338
f 6288 6289 6335
f 6288 6335 6337
f 6289 6291 6335
f 6291 6312 6335
f 6291 6311 6317
f 6291 6317 6312
f 6311 6319 6317
f 6319 6318 6317
f 6319 6342 6354
f 6319 6354 6318
f 6342 6343 6354
f 6343 6347 6354
f 6343 6348 6345
f 6343 6345 6347
f 6348 6346 6345
f 6346 6344 6345
f 6346 6350 6341
f 6346 6341 6344
f 6350 6349 6341
f 6349 6351 6341
f 6349 6591 6584
f 6349 6584 6351
f 6591 6590 6584
f 6590 6585 6584
f 6590 6593 6588
f 6590 6588 6585
f 6593 6592 6588
f 6592 6587 6588
f 6592 6583 6586
f 6592 6586 6587
f 6583 6659 6586
f 6659 6665 6586
f 6659 6664 6663
f 6659 6663 6665
f 6664 6658 6663
f 6658 6653 6663
f 6658 6657 6660
f 6658 6660 6653
f 6657 6655 6660
f 6655 6661 6660
f 6655 6695 6689
f 6655 6689 6661
f 6695 6685 6689
f 6685 6691 6689
f 6685 7241 7238
f 6685 7238 6691
f 7241 7239 7238
f 7239 7228 7238
f 7239 7234 7229
f 7239 7229 7228
f 7234 7236 7229
f 7236 7240 7229
f 7236 7232 7231
f 7236 7231 7240
f 7232 7224 7231
f 7224 7233 7231
f 7224 7225 7323
f 7224 7323 7233
f 7225 7325 7323
f 7325 7329 7323
f 7325 7326 7331
f 7325 7331 7329
f 7326 7324 7331
f 7324 7320 7331
f 7324 7312 7319
f 7324 7319 7320
f 7312 7311 7319
f 7311 7306 7319
f 7311 7316 7315
f 7311 7315 7306
f 7316 7431 7315
f 7431 7303 7315
f 7431 7428 7440
f 7431 7440 7303
f 7428 7438 7440
f 7438 7439 7440
f 7438 7446 7451
f 7438 7451 7439
f 7446 7445 7451
f 7445 7450 7451
f 7445 7443 7449
f 7445 7449 7450
f 7443 7483 7449
f 7483 7496 7449
f 7483 7484 7493
f 7483 7493 7496
f 7484 7486 7493
f 7486 7492 7493
f 7486 7477 7474
f 7486 7474 7492
f 7477 7468 7474
f 7468 7473 7474
f 7468 7471 7472
f 7468 7472 7473
f 7471 8596 7472
f 8596 8594 7472
f 8596 8591 8595
f 8596 8595 8594
f 8591 8590 8595
f 8590 8599 8595
f 8590 8589 8593
f 8590 8593 8599
f 8589 8602 8593
f 8602 8601 8593
f 8602 8647 8640
f 8602 8640 8601
f 8647 8648 8640
f 8648 8645 8640
f 8648 8637 8646
f 8648 8646 8645
f 8637 8638 8646
f 8638 8636 8646
f 8638 8628 8631
f 8638 8631 8636
f 8628 8627 8631
f 8627 8625 8631
f 8627 8632 8622
f 8627 8622 8625
f 8632 8568 8622
f 8568 8538 8622
f 8568 8567 8537
f 8568 8537 8538
f 8567 8561 8537
f 8561 8542 8537
f 8561 8549 8529
f 8561 8529 8542
f 8549 8547 8529
f 8547 8530 8529
f 8547 8515 8525
f 8547 8525 8530
f 8515 8528 8525
f 8528 8521 8525
f 8528 8516 8523
f 8528 8523 8521
f 8516 8510 8523
f 8510 8501 8523
f 8510 8506 8511
f 8510 8511 8501
f 8506 8504 8511
f 8504 8512 8511
f 8504 9327 9324
f 8504 9324 8512
f 9327 9329 9324
f 9329 9325 9324
f 9329 9334 9333
f 9329 9333 9325
f 9334 9341 9333
f 9341 9343 9333
f 9341 9348 9344
f 9341 9344 9343
f 9348 9346 9344
f 9346 9353 9344
f 9346 9342 9350
f 9346 9350 9353
f 9342 9347 9350
f 9347 9351 9350
f 9347 9226 9223
f 9347 9223 9351
f 9226 9227 9223
f 9227 9230 9223
f 9227 9228 9229
f 9227 9229 9230
f 9228 9215 9229
f 9215 9206 9229
f 9215 9213 9205
f 9215 9205 9206
f 9213 9214 9205
f 9214 9207 9205
f 9214 8835 8829
f 9214 8829 9207
f 8835 8833 8829
f 8833 8841 8829
f 8833 8837 8839
f 8833 8839 8841
f 8837 8826 8839
f 8826 8813 8839
f 8826 8822 8825
f 8826 8825 8813
f 8822 8816 8825
f 8816 8815 8825
f 8816 8776 8770
f 8816 8770 8815
f 8776 8767 8770
f 8767 8778 8770
f 8767 8768 8777
f 8767 8777 8778
f 8768 8788 8777
f 8788 8787 8777
f 8788 8796 8782
f 8788 8782 8787
f 8796 8789 8782
f 8789 8783 8782
f 8789 8790 8784
f 8789 8784 8783
f 8790 8791 8784
f 8791 8785 8784
f 6338 6337 6327
f 6338 6327 6329
f 6337 6335 6327
f 6335 6331 6327
f 6335 6312 6322
f 6335 6322 6331
f 6312 6317 6322
f 6317 6313 6322
f 6317 6318 6325
f 6317 6325 6313
f 6318 6354 6325
f 6354 6383 6325
f 6354 6347 6384
f 6354 6384 6383
f 6347 6345 6384
f 6345 6370 6384
f 6345 6344 6368
f 6345 6368 6370
f 6344 6341 6368
f 6341 6362 6368
f 6341 6351 6360
f 6341 6360 6362
f 6351 6584 6360
f 6584 6589 6360
f 6584 6585 6580
f 6584 6580 6589
f 6585 6588 6580
f 6588 6581 6580
f 6588 6587 6582
f 6588 6582 6581
f 6587 6586 6582
f 6586 6605 6582
f 6586 6665 6603
f 6586 6603 6605
f 6665 6663 6603
f 6663 6656 6603
f 6663 6653 6662
f 6663 6662 6656
f 6653 6660 6662
f 6660 6667 6662
f 6660 6661 6654
f 6660 6654 6667
f 6661 6689 6654
f 6689 6696 6654
f 6689 6691 6686
f 6689 6686 6696
f 6691 7238 6686
f 7238 6683 6686
f 7238 7228 7235
f 7238 7235 6683
f 7228 7229 7235
f 7229 7237 7235
f 7229 7240 7230
f 7229 7230 7237
f 7240 7231 7230
f 7231 7190 7230
f 7231 7233 7188
f 7231 7188 7190
f 7233 7323 7188
f 7323 7183 7188
f 7323 7329 7332
f 7323 7332 7183
f 7329 7331 7332
f 7331 7327 7332
f 7331 7320 7330
f 7331 7330 7327
f 7320 7319 7330
f 7319 7328 7330
f 7319 7306 7313
f 7319 7313 7328
f 7306 7315 7313
f 7315 7318 7313
f 7315 7303 7314
f 7315 7314 7318
f 7303 7440 7314
f 7440 7441 7314
f 7440 7439 7442
f 7440 7442 7441
f 7439 7451 7442
f 7451 7447 7442
f 7451 7450 7448
f 7451 7448 7447
f 7450 7449 7448
f 7449 7444 7448
f 7449 7496 7488
f 7449 7488 7444
f 7496 7493 7488
f 7493 7497 7488
f 7493 7492 7490
f 7493 7490 7497
f 7492 7474 7490
f 7474 7478 7490
f 7474 7473 7475
f 7474 7475 7478
f 7473 7472 7475
f 7472 7467 7475
f 7472 8594 7476
f 7472 7476 7467
f 8594 8595 7476
f 8595 8726 7476
f 8595 8599 8732
f 8595 8732 8726
f 8599 8593 8732
f 8593 8727 8732
f 8593 8601 8731
f 8593 8731 8727
f 8601 8640 8731
f 8640 8661 8731
f 8640 8645 8657
f 8640 8657 8661
f 8645 8646 8657
f 8646 8642 8657
f 8646 8636 8641
f 8646 8641 8642
f 8636 8631 8641
f 8631 8634 8641
f 8631 8625 8624
f 8631 8624 8634
f 8625 8622 8624
f 8622 8623 8624
f 8622 8538 8536
f 8622 8536 8623
f 8538 8537 8536
f 8537 8533 8536
f 8537 8542 8532
f 8537 8532 8533
f 8542 8529 8532
f 8529 8534 8532
f 8529 8530 8540
f 8529 8540 8534
f 8530 8525 8540
f 8525 8517 8540
f 8525 8521 8520
f 8525 8520 8517
f 8521 8523 8520
f 8523 8503 8520
f 8523 8501 8505
f 8523 8505 8503
f 8501 8511 8505
f 8511 8502 8505
f 8511 8512 8508
f 8511 8508 8502
f 8512 9324 8508
f 9324 9335 8508
f 9324 9325 9332
f 9324 9332 9335
f 9325 9333 9332
f 9333 9330 9332
f 9333 9343 9352
f 9333 9352 9330
f 9343 9344 9352
f 9344 9340 9352
f 9344 9353 9339
f 9344 9339 9340
f 9353 9350 9339
f 9350 9345 9339
f 9350 9351 9349
f 9350 9349 9345
f 9351 9223 9349
f 9223 9218 9349
f 9223 9230 9221
f 9223 9221 9218
f 9230 9229 9221
f 9229 9219 9221
f 9229 9206 9216
f 9229 9216 9219
f 9206 9205 9216
f 9205 9204 9216
f 9205 9207 9203
f 9205 9203 9204
f 9207 8829 9203
f 8829 8831 9203
f 8829 8841 8836
f 8829 8836 8831
f 8841 8839 8836
f 8839 8832 8836
f 8839 8813 8824
f 8839 8824 8832
f 8813 8825 8824
f 8825 8823 8824
f 8825 8815 8821
f 8825 8821 8823
f 8815 8770 8821
f 8770 8779 8821
f 8770 8778 8780
f 8770 8780 8779
f 8778 8777 8780
f 8777 8781 8780
f 8777 8787 8794
f 8777 8794 8781
f 8787 8782 8794
f 8782 8793 8794
f 8782 8783 8786
f 8782 8786 8793
f 8783 8784 8786
f 8784 8792 8786
f 8784 8785 8795
f 8784 8795 8792
f 6329 6327 6330
f 6327 6336 6330
f 6327 6331 6332
f 6327 6332 6336
f 6331 6322 6332
f 6322 6315 6332
f 6322 6313 6314
f 6322 6314 6315
f 6313 6325 6314
f 6325 6316 6314
f 6325 6383 6376
f 6325 6376 6316
f 6383 6384 6376
f 6384 6379 6376
f 6384 6370 6380
f 6384 6380 6379
f 6370 6368 6380
f 6368 6358 6380
f 6368 6362 6366
f 6368 6366 6358
f 6362 6360 6366
f 6360 6361 6366
f 6360 6589 6611
f 6360 6611 6361
f 6589 6580 6611
f 6580 6621 6611
f 6580 6581 6620
f 6580 6620 6621
f 6581 6582 6620
f 6582 6609 6620
f 6582 6605 6600
f 6582 6600 6609
f 6605 6603 6600
f 6603 6601 6600
f 6603 6656 6607
f 6603 6607 6601
f 6656 6662 6607
f 6662 6674 6607
f 6662 6667 6678
f 6662 6678 6674
f 6667 6654 6678
f 6654 6677 6678
f 6654 6696 6693
f 6654 6693 6677
f 6696 6686 6693
f 6686 6692 6693
f 6686 6683 6687
f 6686 6687 6692
f 6683 7235 6687
f 7235 7205 6687
f 7235 7237 7197
f 7235 7197 7205
f 7237 7230 7197
f 7230 7211 7197
f 7230 7190 7189
f 7230 7189 7211
f 7190 7188 7189
f 7188 7187 7189
f 7188 7183 7186
f 7188 7186 7187
f 7183 7332 7186
f 7332 7258 7186
f 7332 7327 7272
f 7332 7272 7258
f 7327 7330 7272
f 7330 7321 7272
f 7330 7328 7322
f 7330 7322 7321
f 7328 7313 7322
f 7313 7304 7322
f 7313 7318 7317
f 7313 7317 7304
f 7318 7314 7317
f 7314 7399 7317
f 7314 7441 7398
f 7314 7398 7399
f 7441 7442 7398
f 7442 7402 7398
f 7442 7447 7381
f 7442 7381 7402
f 7447 7448 7381
f 7448 7383 7381
f 7448 7444 7384
f 7448 7384 7383
f 7444 7488 7384
f 7488 7489 7384
f 7488 7497 7494
f 7488 7494 7489
f 7497 7490 7494
f 7490 7487 7494
f 7490 7478 7479
f 7490 7479 7487
f 7478 7475 7479
f 7475 7469 7479
f 7475 7467 7470
f 7475 7470 7469
f 7467 7476 7470
f 7476 8738 7470
f 7476 8726 8733
f 7476 8733 8738
f 8726 8732 8733
f 8732 8723 8733
f 8732 8727 8724
f 8732 8724 8723
f 8727 8731 8724
f 8731 8729 8724
f 8731 8661 8662
f 8731 8662 8729
f 8661 8657 8662
f 8657 8656 8662
f 8657 8642 8658
f 8657 8658 8656
f 8642 8641 8658
f 8641 8649 8658
f 8641 8634 8652
f 8641 8652 8649
f 8634 8624 8652
f 8624 8655 8652
f 8624 8623 8651
f 8624 8651 8655
f 8623 8536 8651
f 8536 8543 8651
f 8536 8533 8531
f 8536 8531 8543
f 8533 8532 8531
f 8532 8535 8531
f 8532 8534 8539
f 8532 8539 8535
f 8534 8540 8539
f 8540 8541 8539
f 8540 8517 8519
f 8540 8519 8541
f 8517 8520 8519
f 8520 8514 8519
f 8520 8503 8500
f 8520 8500 8514
f 8503 8505 8500
f 8505 8507 8500
f 8505 8502 8513
f 8505 8513 8507
f 8502 8508 8513
f 8508 8509 8513
f 8508 9335 9338
f 8508 9338 8509
f 9335 9332 9338
f 9332 9328 9338
f 9332 9330 9326
f 9332 9326 9328
f 9330 9352 9326
f 9352 9363 9326
f 9352 9340 9368
f 9352 9368 9363
f 9340 9339 9368
f 9339 9359 9368
f 9339 9345 9360
f 9339 9360 9359
f 9345 9349 9360
f 9349 9354 9360
f 9349 9218 9217
f 9349 9217 9354
f 9218 9221 9217
f 9221 9224 9217
f 9221 9219 9220
f 9221 9220 9224
f 9219 9216 9220
f 9216 9208 9220
f 9216 9204 9212
f 9216 9212 9208
f 9204 9203 9212
f 9203 9211 9212
f 9203 8831 8830
f 9203 8830 9211
f 8831 8836 8830
f 8836 8834 8830
f 8836 8832 8840
f 8836 8840 8834
f 8832 8824 8840
f 8824 8812 8840
f 8824 8823 8817
f 8824 8817 8812
f 8823 8821 8817
f 8821 8814 8817
f 8821 8779 8769
f 8821 8769 8814
f 8779 8780 8769
f 8780 8773 8769
f 8780 8781 8774
f 8780 8774 8773
f 8781 8794 8774
f 8794 8811 8774
f 8794 8793 8806
f 8794 8806 8811
f 8793 8786 8806
f 8786 8809 8806
f 8786 8792 8807
f 8786 8807 8809
f 8792 8795 8807
f 8795 8805 8807
f 6330 6336 6334
f 6330 6334 6339
f 6336 6332 6334
f 6332 6333 6334
f 6332 6315 6321
f 6332 6321 6333
f 6315 6314 6321
f 6314 6324 6321
f 6314 6316 6371
f 6314 6371 6324
f 6316 6376 6371
f 6376 6372 6371
f 6376 6379 6377
f 6376 6377 6372
f 6379 6380 6377
f 6380 6378 6377
f 6380 6358 6367
f 6380 6367 6378
f 6358 6366 6367
f 6366 6356 6367
f 6366 6361 6355
f 6366 6355 6356
f 6361 6611 6355
f 6611 6617 6355
f 6611 6621 6612
f 6611 6612 6617
f 6621 6620 6612
f 6620 6622 6612
f 6620 6609 6608
f 6620 6608 6622
f 6609 6600 6608
f 6600 6594 6608
f 6600 6601 6598
f 6600 6598 6594
f 6601 6607 6598
f 6607 6599 6598
f 6607 6674 6676
f 6607 6676 6599
f 6674 6678 6676
f 6678 6681 6676
f 6678 6677 6679
f 6678 6679 6681
f 6677 6693 6679
f 6693 6680 6679
f 6693 6692 6688
f 6693 6688 6680
f 6692 6687 6688
f 6687 6690 6688
f 6687 7205 7199
f 6687 7199 6690
f 7205 7197 7199
f 7197 7202 7199
f 7197 7211 7210
f 7197 7210 7202
f 7211 7189 7210
f 7189 7196 7210
f 7189 7187 7185
f 7189 7185 7196
f 7187 7186 7185
f 7186 7262 7185
f 7186 7258 7261
f 7186 7261 7262
f 7258 7272 7261
f 7272 7269 7261
f 7272 7321 7260
f 7272 7260 7269
f 7321 7322 7260
f 7322 7278 7260
f 7322 7304 7283
f 7322 7283 7278
f 7304 7317 7283
f 7317 7284 7283
f 7317 7399 7397
f 7317 7397 7284
f 7399 7398 7397
f 7398 7396 7397
f 7398 7402 7403
f 7398 7403 7396
f 7402 7381 7403
f 7381 7393 7403
f 7381 7383 7379
f 7381 7379 7393
f 7383 7384 7379
f 7384 7380 7379
f 7384 7489 7385
f 7384 7385 7380
f 7489 7494 7385
f 7494 7352 7385
f 7494 7487 7350
f 7494 7350 7352
f 7487 7479 7350
f 7479 7351 7350
f 7479 7469 7364
f 7479 7364 7351
f 7469 7470 7364
f 7470 7363 7364
f 7470 8738 8737
f 7470 8737 7363
f 8738 8733 8737
f 8733 8735 8737
f 8733 8723 8734
f 8733 8734 8735
f 8723 8724 8734
f 8724 8721 8734
f 8724 8729 8717
f 8724 8717 8721
f 8729 8662 8717
f 8662 8720 8717
f 8662 8656 8650
f 8662 8650 8720
f 8656 8658 8650
f 8658 8660 8650
f 8658 8649 8663
f 8658 8663 8660
f 8649 8652 8663
f 8652 8659 8663
f 8652 8655 8654
f 8652 8654 8659
f 8655 8651 8654
f 8651 8653 8654
f 8651 8543 8428
f 8651 8428 8653
f 8543 8531 8428
f 8531 8427 8428
f 8531 8535 8429
f 8531 8429 8427
f 8535 8539 8429
f 8539 8434 8429
f 8539 8541 8455
f 8539 8455 8434
f 8541 8519 8455
f 8519 8460 8455
f 8519 8514 8458
f 8519 8458 8460
f 8514 8500 8458
f 8500 8462 8458
f 8500 8507 8499
f 8500 8499 8462
f 8507 8513 8499
f 8513 8489 8499
f 8513 8509 8493
f 8513 8493 8489
f 8509 9338 8493
f 9338 9336 8493
f 9338 9328 9331
f 9338 9331 9336
f 9328 9326 9331
f 9326 9337 9331
f 9326 9363 9361
f 9326 9361 9337
f 9363 9368 9361
f 9368 9358 9361
f 9368 9359 9367
f 9368 9367 9358
f 9359 9360 9367
f 9360 9364 9367
f 9360 9354 9357
f 9360 9357 9364
f 9354 9217 9357
f 9217 9231 9357
f 9217 9224 9222
f 9217 9222 9231
f 9224 9220 9222
f 9220 9225 9222
f 9220 9208 9209
f 9220 9209 9225
f 9208 9212 9209
f 9212 9210 9209
f 9212 9211 9202
f 9212 9202 9210
f 9211 8830 9202
f 8830 8827 9202
f 8830 8834 8828
f 8830 8828 8827
f 8834 8840 8828
f 8840 8838 8828
f 8840 8812 8820
f 8840 8820 8838
f 8812 8817 8820
f 8817 8819 8820
f 8817 8814 8818
f 8817 8818 8819
f 8814 8769 8818
f 8769 8771 8818
f 8769 8773 8775
f 8769 8775 8771
f 8773 8774 8775
f 8774 8772 8775
f 8774 8811 8804
f 8774 8804 8772
f 8811 8806 8804
f 8806 8799 8804
f 8806 8809 8798
f 8806 8798 8799
f 8809 8807 8798
f 8807 8797 8798
f 8807 8805 8810
f 8807 8810 8797
f 6339 6334 6328
f 6334 6326 6328
f 6334 6333 6340
f 6334 6340 6326
f 6333 6321 6340
f 6321 6323 6340
f 6321 6324 6320
f 6321 6320 6323
f 6324 6371 6320
f 6371 6385 6320
f 6371 6372 6375
f 6371 6375 6385
f 6372 6377 6375
f 6377 6382 6375
f 6377 6378 6381
f 6377 6381 6382
f 6378 6367 6381
f 6367 6369 6381
f 6367 6356 6363
f 6367 6363 6369
f 6356 6355 6363
f 6355 6357 6363
f 6355 6617 6616
f 6355 6616 6357
f 6617 6612 6616
f 6612 6618 6616
f 6612 6622 6619
f 6612 6619 6618
f 6622 6608 6619
f 6608 6610 6619
f 6608 6594 6596
f 6608 6596 6610
f 6594 6598 6596
f 6598 6595 6596
f 6598 6599 6597
f 6598 6597 6595
f 6599 6676 6597
f 6676 6671 6597
f 6676 6681 6673
f 6676 6673 6671
f 6681 6679 6673
f 6679 6682 6673
f 6679 6680 6675
f 6679 6675 6682
f 6680 6688 6675
f 6688 6694 6675
f 6688 6690 6684
f 6688 6684 6694
f 6690 7199 6684
f 7199 7209 6684
f 7199 7202 7208
f 7199 7208 7209
f 7202 7210 7208
f 7210 7206 7208
f 7210 7196 7195
f 7210 7195 7206
f 7196 7185 7195
f 7185 7184 7195
f 7185 7262 7264
f 7185 7264 7184
f 7262 7261 7264
f 7261 7259 7264
f 7261 7269 7265
f 7261 7265 7259
f 7269 7260 7265
f 7260 7277 7265
f 7260 7278 7279
f 7260 7279 7277
f 7278 7283 7279
f 7283 7282 7279
f 7283 7284 7281
f 7283 7281 7282
f 7284 7397 7281
f 7397 7407 7281
f 7397 7396 7401
f 7397 7401 7407
f 7396 7403 7401
f 7403 7408 7401
f 7403 7393 7392
f 7403 7392 7408
f 7393 7379 7392
f 7379 7382 7392
f 7379 7380 7391
f 7379 7391 7382
f 7380 7385 7391
f 7385 7387 7391
f 7385 7352 7359
f 7385 7359 7387
f 7352 7350 7359
f 7350 7362 7359
f 7350 7351 7361
f 7350 7361 7362
f 7351 7364 7361
f 7364 7357 7361
f 7364 7363 7353
f 7364 7353 7357
f 7363 8737 7353
f 8737 8736 7353
f 8737 8735 8725
f 8737 8725 8736
f 8735 8734 8725
f 8734 8719 8725
f 8734 8721 8722
f 8734 8722 8719
f 8721 8717 8722
f 8717 8709 8722
f 8717 8720 8718
f 8717 8718 8709
f 8720 8650 8718
f 8650 8683 8718
f 8650 8660 8688
f 8650 8688 8683
f 8660 8663 8688
f 8663 8679 8688
f 8663 8659 8670
f 8663 8670 8679
f 8659 8654 8670
f 8654 8668 8670
f 8654 8653 8669
f 8654 8669 8668
f 8653 8428 8669
f 8428 8436 8669
f 8428 8427 8437
f 8428 8437 8436
f 8427 8429 8437
f 8429 8432 8437
f 8429 8434 8431
f 8429 8431 8432
f 8434 8455 8431
f 8455 8466 8431
f 8455 8460 8459
f 8455 8459 8466
f 8460 8458 8459
f 8458 8464 8459
f 8458 8462 8453
f 8458 8453 8464
f 8462 8499 8453
f 8499 8484 8453
f 8499 8489 8490
f 8499 8490 8484
f 8489 8493 8490
f 8493 8491 8490
f 8493 9336 9286
f 8493 9286 8491
f 9336 9331 9286
f 9331 9280 9286
f 9331 9337 9289
f 9331 9289 9280
f 9337 9361 9289
f 9361 9365 9289
f 9361 9358 9362
f 9361 9362 9365
f 9358 9367 9362
f 9367 9356 9362
f 9367 9364 9355
f 9367 9355 9356
f 9364 9357 9355
f 9357 9366 9355
f 9357 9231 9274
f 9357 9274 9366
f 9231 9222 9274
f 9222 9276 9274
f 9222 9225 9275
f 9222 9275 9276
f 9225 9209 9275
f 9209 9241 9275
f 9209 9210 9239
f 9209 9239 9241
f 9210 9202 9239
f 9202 9235 9239
f 9202 8827 8881
f 9202 8881 9235
f 8827 8828 8881
f 8828 8879 8881
f 8828 8838 8874
f 8828 8874 8879
f 8838 8820 8874
f 8820 8886 8874
f 8820 8819 8885
f 8820 8885 8886
f 8819 8818 8885
f 8818 8872 8885
f 8818 8771 8742
f 8818 8742 8872
f 8771 8775 8742
f 8775 8748 8742
f 8775 8772 8752
f 8775 8752 8748
f 8772 8804 8752
f 8804 8800 8752
f 8804 8799 8803
f 8804 8803 8800
f 8799 8798 8803
f 8798 8801 8803
f 8798 8797 8808
f 8798 8808 8801
f 8797 8810 8808
f 8810 8802 8808
f 6328 6326 6444
f 6328 6444 6431
f 6326 6340 6444
f 6340 6432 6444
f 6340 6323 6436
f 6340 6436 6432
f 6323 6320 6436
f 6320 6438 6436
f 6320 6385 6437
f 6320 6437 6438
f 6385 6375 6437
f 6375 6440 6437
f 6375 6382 6373
f 6375 6373 6440
f 6382 6381 6373
f 6381 6374 6373
f 6381 6369 6365
f 6381 6365 6374
f 6369 6363 6365
f 6363 6359 6365
f 6363 6357 6364
f 6363 6364 6359
f 6357 6616 6364
f 6616 6613 6364
f 6616 6618 6614
f 6616 6614 6613
f 6618 6619 6614
f 6619 6615 6614
f 6619 6610 6623
f 6619 6623 6615
f 6610 6596 6623
f 6596 6606 6623
f 6596 6595 6604
f 6596 6604 6606
f 6595 6597 6604
f 6597 6602 6604
f 6597 6671 6672
f 6597 6672 6602
f 6671 6673 6672
f 6673 6668 6672
f 6673 6682 6669
f 6673 6669 6668
f 6682 6675 6669
f 6675 6670 6669
f 6675 6694 6838
f 6675 6838 6670
f 6694 6684 6838
f 6684 6834 6838
f 6684 7209 7203
f 6684 7203 6834
f 7209 7208 7203
f 7208 7207 7203
f 7208 7206 7204
f 7208 7204 7207
f 7206 7195 7204
f 7195 7191 7204
f 7195 7184 7192
f 7195 7192 7191
f 7184 7264 7192
f 7264 7270 7192
f 7264 7259 7271
f 7264 7271 7270
f 7259 7265 7271
f 7265 7263 7271
f 7265 7277 7273
f 7265 7273 7263
f 7277 7279 7273
f 7279 7285 7273
f 7279 7282 7280
f 7279 7280 7285
f 7282 7281 7280
f 7281 7276 7280
f 7281 7407 7406
f 7281 7406 7276
f 7407 7401 7406
f 7401 7395 7406
f 7401 7408 7405
f 7401 7405 7395
f 7408 7392 7405
f 7392 7390 7405
f 7392 7382 7389
f 7392 7389 7390
f 7382 7391 7389
f 7391 7388 7389
f 7391 7387 7386
f 7391 7386 7388
f 7387 7359 7386
f 7359 7355 7386
f 7359 7362 7356
f 7359 7356 7355
f 7362 7361 7356
f 7361 7358 7356
f 7361 7357 7354
f 7361 7354 7358
f 7357 7353 7354
f 7353 7360 7354
f 7353 8736 8730
f 7353 8730 7360
f 8736 8725 8730
f 8725 8728 8730
f 8725 8719 8710
f 8725 8710 8728
f 8719 8722 8710
f 8722 8712 8710
f 8722 8709 8713
f 8722 8713 8712
f 8709 8718 8713
f 8718 8715 8713
f 8718 8683 8682
f 8718 8682 8715
f 8683 8688 8682
f 8688 8690 8682
f 8688 8679 8692
f 8688 8692 8690
f 8679 8670 8692
f 8670 8676 8692
f 8670 8668 8677
f 8670 8677 8676
f 8668 8669 8677
f 8669 8664 8677
f 8669 8436 8435
f 8669 8435 8664
f 8436 8437 8435
f 8437 8425 8435
f 8437 8432 8433
f 8437 8433 8425
f 8432 8431 8433
f 8431 8426 8433
f 8431 8466 8465
f 8431 8465 8426
f 8466 8459 8465
f 8459 8456 8465
f 8459 8464 8457
f 8459 8457 8456
f 8464 8453 8457
f 8453 8467 8457
f 8453 8484 8487
f 8453 8487 8467
f 8484 8490 8487
f 8490 8497 8487
f 8490 8491 8496
f 8490 8496 8497
f 8491 9286 8496
f 9286 9283 8496
f 9286 9280 9285
f 9286 9285 9283
f 9280 9289 9285
f 9289 9279 9285
f 9289 9365 9278
f 9289 9278 9279
f 9365 9362 9278
f 9362 9317 9278
f 9362 9356 9322
f 9362 9322 9317
f 9356 9355 9322
f 9355 9313 9322
f 9355 9366 9262
f 9355 9262 9313
f 9366 9274 9262
f 9274 9267 9262
f 9274 9276 9266
f 9274 9266 9267
f 9276 9275 9266
f 9275 9273 9266
f 9275 9241 9244
f 9275 9244 9273
f 9241 9239 9244
f 9239 9243 9244
f 9239 9235 9240
f 9239 9240 9243
f 9235 8881 9240
f 8881 8878 9240
f 8881 8879 8877
f 8881 8877 8878
f 8879 8874 8877
f 8874 8882 8877
f 8874 8886 8873
f 8874 8873 8882
f 8886 8885 8873
f 8885 8880 8873
f 8885 8872 8860
f 8885 8860 8880
f 8872 8742 8860
f 8742 8861 8860
f 8742 8748 8749
f 8742 8749 8861
f 8748 8752 8749
f 8752 8746 8749
f 8752 8800 8747
f 8752 8747 8746
f 8800 8803 8747
f 8803 8751 8747
f 8803 8801 8766
f 8803 8766 8751
f 8801 8808 8766
f 8808 8763 8766
f 8808 8802 8765
f 8808 8765 8763
f 6431 6444 6461
f 6444 6460 6461
f 6444 6432 6434
f 6444 6434 6460
f 6432 6436 6434
f 6436 6439 6434
f 6436 6438 6443
f 6436 6443 6439
f 6438 6437 6443
f 6437 6445 6443
f 6437 6440 6442
f 6437 6442 6445
f 6440 6373 6442
f 6373 6411 6442
f 6373 6374 6410
f 6373 6410 6411
f 6374 6365 6410
f 6365 6408 6410
f 6365 6359 6403
f 6365 6403 6408
f 6359 6364 6403
f 6364 6404 6403
f 6364 6613 6794
f 6364 6794 6404
f 6613 6614 6794
f 6614 6797 6794
f 6614 6615 6796
f 6614 6796 6797
f 6615 6623 6796
f 6623 6793 6796
f 6623 6606 6798
f 6623 6798 6793
f 6606 6604 6798
f 6604 6799 6798
f 6604 6602 6820
f 6604 6820 6799
f 6602 6672 6820
f 6672 6833 6820
f 6672 6668 6828
f 6672 6828 6833
f 6668 6669 6828
f 6669 6832 6828
f 6669 6670 6847
f 6669 6847 6832
f 6670 6838 6847
f 6838 6848 6847
f 6838 6834 6846
f 6838 6846 6848
f 6834 7203 6846
f 7203 7201 6846
f 7203 7207 7200
f 7203 7200 7201
f 7207 7204 7200
f 7204 7198 7200
f 7204 7191 7193
f 7204 7193 7198
f 7191 7192 7193
f 7192 7194 7193
f 7192 7270 7268
f 7192 7268 7194
f 7270 7271 7268
f 7271 7267 7268
f 7271 7263 7266
f 7271 7266 7267
f 7263 7273 7266
f 7273 7286 7266
f 7273 7285 7274
f 7273 7274 7286
f 7285 7280 7274
f 7280 7287 7274
f 7280 7276 7275
f 7280 7275 7287
f 7276 7406 7275
f 7406 7400 7275
f 7406 7395 7394
f 7406 7394 7400
f 7395 7405 7394
f 7405 7404 7394
f 7405 7390 7372
f 7405 7372 7404
f 7390 7389 7372
f 7389 7368 7372
f 7389 7388 7367
f 7389 7367 7368
f 7388 7386 7367
f 7386 7366 7367
f 7386 7355 7345
f 7386 7345 7366
f 7355 7356 7345
f 7356 7348 7345
f 7356 7358 7347
f 7356 7347 7348
f 7358 7354 7347
f 7354 7336 7347
f 7354 7360 7340
f 7354 7340 7336
f 7360 8730 7340
f 8730 8708 7340
f 8730 8728 8705
f 8730 8705 8708
f 8728 8710 8705
f 8710 8706 8705
f 8710 8712 8716
f 8710 8716 8706
f 8712 8713 8716
f 8713 8711 8716
f 8713 8715 8714
f 8713 8714 8711
f 8715 8682 8714
f 8682 8689 8714
f 8682 8690 8686
f 8682 8686 8689
f 8690 8692 8686
f 8692 8681 8686
f 8692 8676 8666
f 8692 8666 8681
f 8676 8677 8666
f 8677 8665 8666
f 8677 8664 8678
f 8677 8678 8665
f 8664 8435 8678
f 8435 8424 8678
f 8435 8425 8430
f 8435 8430 8424
f 8425 8433 8430
f 8433 8452 8430
f 8433 8426 8438
f 8433 8438 8452
f 8426 8465 8438
f 8465 8454 8438
f 8465 8456 8463
f 8465 8463 8454
f 8456 8457 8463
f 8457 8461 8463
f 8457 8467 8492
f 8457 8492 8461
f 8467 8487 8492
f 8487 8486 8492
f 8487 8497 8485
f 8487 8485 8486
f 8497 8496 8485
f 8496 8498 8485
f 8496 9283 9277
f 8496 9277 8498
f 9283 9285 9277
f 9285 9281 9277
f 9285 9279 9287
f 9285 9287 9281
f 9279 9278 9287
f 9278 9288 9287
f 9278 9317 9318
f 9278 9318 9288
f 9317 9322 9318
f 9322 9319 9318
f 9322 9313 9315
f 9322 9315 9319
f 9313 9262 9315
f 9262 9263 9315
f 9262 9267 9272
f 9262 9272 9263
f 9267 9266 9272
f 9266 9271 9272
f 9266 9273 9270
f 9266 9270 9271
f 9273 9244 9270
f 9244 9247 9270
f 9244 9243 9238
f 9244 9238 9247
f 9243 9240 9238
f 9240 9232 9238
f 9240 8878 8875
f 9240 8875 9232
f 8878 8877 8875
f 8877 8876 8875
f 8877 8882 8884
f 8877 8884 8876
f 8882 8873 8884
f 8873 8883 8884
f 8873 8880 8870
f 8873 8870 8883
f 8880 8860 8870
f 8860 8859 8870
f 8860 8861 8863
f 8860 8863 8859
f 8861 8749 8863
f 8749 8744 8863
f 8749 8746 8743
f 8749 8743 8744
f 8746 8747 8743
f 8747 8741 8743
f 8747 8751 8739
f 8747 8739 8741
f 8751 8766 8739
f 8766 8756 8739
f 8766 8763 8753
f 8766 8753 8756
f 8763 8765 8753
f 8765 8758 8753
f 6461 6460 6446
f 6461 6446 6456
f 6460 6434 6446
f 6434 6433 6446
f 6434 6439 6441
f 6434 6441 6433
f 6439 6443 6441
f 6443 6435 6441
f 6443 6445 6416
f 6443 6416 6435
f 6445 6442 6416
f 6442 6424 6416
f 6442 6411 6405
f 6442 6405 6424
f 6411 6410 6405
f 6410 6415 6405
f 6410 6408 6409
f 6410 6409 6415
f 6408 6403 6409
f 6403 6402 6409
f 6403 6404 6401
f 6403 6401 6402
f 6404 6794 6401
f 6794 6802 6401
f 6794 6797 6800
f 6794 6800 6802
f 6797 6796 6800
f 6796 6801 6800
f 6796 6793 6788
f 6796 6788 6801
f 6793 6798 6788
f 6798 6789 6788
f 6798 6799 6792
f 6798 6792 6789
f 6799 6820 6792
f 6820 6819 6792
f 6820 6833 6826
f 6820 6826 6819
f 6833 6828 6826
f 6828 6830 6826
f 6828 6832 6829
f 6828 6829 6830
f 6832 6847 6829
f 6847 6845 6829
f 6847 6848 6849
f 6847 6849 6845
f 6848 6846 6849
f 6846 6843 6849
f 6846 7201 6925
f 6846 6925 6843
f 7201 7200 6925
f 7200 6918 6925
f 7200 7198 6914
f 7200 6914 6918
f 7198 7193 6914
f 7193 6915 6914
f 7193 7194 6919
f 7193 6919 6915
f 7194 7268 6919
f 7268 6941 6919
f 7268 7267 6940
f 7268 6940 6941
f 7267 7266 6940
f 7266 6987 6940
f 7266 7286 6984
f 7266 6984 6987
f 7286 7274 6984
f 7274 6979 6984
f 7274 7287 7012
f 7274 7012 6979
f 7287 7275 7012
f 7275 7016 7012
f 7275 7400 7004
f 7275 7004 7016
f 7400 7394 7004
f 7394 7006 7004
f 7394 7404 7375
f 7394 7375 7006
f 7404 7372 7375
f 7372 7369 7375
f 7372 7368 7377
f 7372 7377 7369
f 7368 7367 7377
f 7367 7371 7377
f 7367 7366 7373
f 7367 7373 7371
f 7366 7345 7373
f 7345 7344 7373
f 7345 7348 7349
f 7345 7349 7344
f 7348 7347 7349
f 7347 7335 7349
f 7347 7336 7346
f 7347 7346 7335
f 7336 7340 7346
f 7340 7339 7346
f 7340 8708 8707
f 7340 8707 7339
f 8708 8705 8707
f 8705 8695 8707
f 8705 8706 8696
f 8705 8696 8695
f 8706 8716 8696
f 8716 8703 8696
f 8716 8711 8699
f 8716 8699 8703
f 8711 8714 8699
f 8714 8698 8699
f 8714 8689 8684
f 8714 8684 8698
f 8689 8686 8684
f 8686 8693 8684
f 8686 8681 8687
f 8686 8687 8693
f 8681 8666 8687
f 8666 8671 8687
f 8666 8665 8673
f 8666 8673 8671
f 8665 8678 8673
f 8678 8675 8673
f 8678 8424 8442
f 8678 8442 8675
f 8424 8430 8442
f 8430 8441 8442
f 8430 8452 8450
f 8430 8450 8441
f 8452 8438 8450
f 8438 8446 8450
f 8438 8454 8449
f 8438 8449 8446
f 8454 8463 8449
f 8463 8483 8449
f 8463 8461 8477
f 8463 8477 8483
f 8461 8492 8477
f 8492 8479 8477
f 8492 8486 8488
f 8492 8488 8479
f 8486 8485 8488
f 8485 8494 8488
f 8485 8498 8495
f 8485 8495 8494
f 8498 9277 8495
f 9277 9284 8495
f 9277 9281 9282
f 9277 9282 9284
f 9281 9287 9282
f 9287 9291 9282
f 9287 9288 9290
f 9287 9290 9291
f 9288 9318 9290
f 9318 9323 9290
f 9318 9319 9309
f 9318 9309 9323
f 9319 9315 9309
f 9315 9321 9309
f 9315 9263 9264
f 9315 9264 9321
f 9263 9272 9264
f 9272 9265 9264
f 9272 9271 9269
f 9272 9269 9265
f 9271 9270 9269
f 9270 9268 9269
f 9270 9247 9246
f 9270 9246 9268
f 9247 9238 9246
f 9238 9242 9246
f 9238 9232 9233
f 9238 9233 9242
f 9232 8875 9233
f 8875 8843 9233
f 8875 8876 8842
f 8875 8842 8843
f 8876 8884 8842
f 8884 8848 8842
f 8884 8883 8869
f 8884 8869 8848
f 8883 8870 8869
f 8870 8867 8869
f 8870 8859 8858
f 8870 8858 8867
f 8859 8863 8858
f 8863 8871 8858
f 8863 8744 8745
f 8863 8745 8871
f 8744 8743 8745
f 8743 8740 8745
f 8743 8741 8750
f 8743 8750 8740
f 8741 8739 8750
f 8739 8759 8750
f 8739 8756 8760
f 8739 8760 8759
f 8756 8753 8760
f 8753 8755 8760
f 8753 8758 8762
f 8753 8762 8755
f 6456 6446 6453
f 6446 6447 6453
f 6446 6433 6455
f 6446 6455 6447
f 6433 6441 6455
f 6441 6450 6455
f 6441 6435 6418
f 6441 6418 6450
f 6435 6416 6418
f 6416 6430 6418
f 6416 6424 6422
f 6416 6422 6430
f 6424 6405 6422
f 6405 6414 6422
f 6405 6415 6413
f 6405 6413 6414
f 6415 6409 6413
f 6409 6406 6413
f 6409 6402 6412
f 6409 6412 6406
f 6402 6401 6412
f 6401 6407 6412
f 6401 6802 6808
f 6401 6808 6407
f 6802 6800 6808
f 6800 6806 6808
f 6800 6801 6795
f 6800 6795 6806
f 6801 6788 6795
f 6788 6787 6795
f 6788 6789 6791
f 6788 6791 6787
f 6789 6792 6791
f 6792 6790 6791
f 6792 6819 6824
f 6792 6824 6790
f 6819 6826 6824
f 6826 6823 6824
f 6826 6830 6822
f 6826 6822 6823
f 6830 6829 6822
f 6829 6818 6822
f 6829 6845 6836
f 6829 6836 6818
f 6845 6849 6836
f 6849 6842 6836
f 6849 6843 6844
f 6849 6844 6842
f 6843 6925 6844
f 6925 6913 6844
f 6925 6918 6920
f 6925 6920 6913
f 6918 6914 6920
f 6914 6923 6920
f 6914 6915 6924
f 6914 6924 6923
f 6915 6919 6924
f 6919 6917 6924
f 6919 6941 6934
f 6919 6934 6917
f 6941 6940 6934
f 6940 6939 6934
f 6940 6987 6983
f 6940 6983 6939
f 6987 6984 6983
f 6984 6978 6983
f 6984 6979 6982
f 6984 6982 6978
f 6979 7012 6982
f 7012 7014 6982
f 7012 7016 7013
f 7012 7013 7014
f 7016 7004 7013
f 7004 7011 7013
f 7004 7006 7017
f 7004 7017 7011
f 7006 7375 7017
f 7375 7376 7017
f 7375 7369 7378
f 7375 7378 7376
f 7369 7377 7378
f 7377 7374 7378
f 7377 7371 7370
f 7377 7370 7374
f 7371 7373 7370
f 7373 7365 7370
f 7373 7344 7342
f 7373 7342 7365
f 7344 7349 7342
f 7349 7343 7342
f 7349 7335 7341
f 7349 7341 7343
f 7335 7346 7341
f 7346 7338 7341
f 7346 7339 7337
f 7346 7337 7338
f 7339 8707 7337
f 8707 8694 7337
f 8707 8695 8704
f 8707 8704 8694
f 8695 8696 8704
f 8696 8697 8704
f 8696 8703 8700
f 8696 8700 8697
f 8703 8699 8700
f 8699 8702 8700
f 8699 8698 8701
f 8699 8701 8702
f 8698 8684 8701
f 8684 8685 8701
f 8684 8693 8680
f 8684 8680 8685
f 8693 8687 8680
f 8687 8691 8680
f 8687 8671 8667
f 8687 8667 8691
f 8671 8673 8667
f 8673 8674 8667
f 8673 8675 8672
f 8673 8672 8674
f 8675 8442 8672
f 8442 8451 8672
f 8442 8441 8444
f 8442 8444 8451
f 8441 8450 8444
f 8450 8448 8444
f 8450 8446 8447
f 8450 8447 8448
f 8446 8449 8447
f 8449 8440 8447
f 8449 8483 8476
f 8449 8476 8440
f 8483 8477 8476
f 8477 8472 8476
f 8477 8479 8468
f 8477 8468 8472
f 8479 8488 8468
f 8488 8478 8468
f 8488 8494 8469
f 8488 8469 8478
f 8494 8495 8469
f 8495 8473 8469
f 8495 9284 9297
f 8495 9297 8473
f 9284 9282 9297
f 9282 9304 9297
f 9282 9291 9293
f 9282 9293 9304
f 9291 9290 9293
f 9290 9294 9293
f 9290 9323 9308
f 9290 9308 9294
f 9323 9309 9308
f 9309 9312 9308
f 9309 9321 9320
f 9309 9320 9312
f 9321 9264 9320
f 9264 9252 9320
f 9264 9265 9249
f 9264 9249 9252
f 9265 9269 9249
f 9269 9256 9249
f 9269 9268 9257
f 9269 9257 9256
f 9268 9246 9257
f 9246 9260 9257
f 9246 9242 9234
f 9246 9234 9260
f 9242 9233 9234
f 9233 9245 9234
f 9233 8843 8854
f 9233 8854 9245
f 8843 8842 8854
f 8842 8845 8854
f 8842 8848 8849
f 8842 8849 8845
f 8848 8869 8849
f 8869 8844 8849
f 8869 8867 8864
f 8869 8864 8844
f 8867 8858 8864
f 8858 8862 8864
f 8858 8871 8866
f 8858 8866 8862
f 8871 8745 8866
f 8745 8992 8866
f 8745 8740 8999
f 8745 8999 8992
f 8740 8750 8999
f 8750 9007 8999
f 8750 8759 8757
f 8750 8757 9007
f 8759 8760 8757
f 8760 8754 8757
f 8760 8755 8761
f 8760 8761 8754
f 8755 8762 8761
f 8762 8764 8761
f 6453 6447 6458
f 6453 6458 6454
f 6447 6455 6458
f 6455 6448 6458
f 6455 6450 6451
f 6455 6451 6448
f 6450 6418 6451
f 6418 6423 6451
f 6418 6430 6427
f 6418 6427 6423
f 6430 6422 6427
f 6422 6425 6427
f 6422 6414 6421
f 6422 6421 6425
f 6414 6413 6421
f 6413 6386 6421
f 6413 6406 6395
f 6413 6395 6386
f 6406 6412 6395
f 6412 6394 6395
f 6412 6407 6400
f 6412 6400 6394
f 6407 6808 6400
f 6808 6807 6400
f 6808 6806 6809
f 6808 6809 6807
f 6806 6795 6809
f 6795 6810 6809
f 6795 6787 6777
f 6795 6777 6810
f 6787 6791 6777
f 6791 6778 6777
f 6791 6790 6783
f 6791 6783 6778
f 6790 6824 6783
f 6824 6827 6783
f 6824 6823 6825
f 6824 6825 6827
f 6823 6822 6825
f 6822 6831 6825
f 6822 6818 6821
f 6822 6821 6831
f 6818 6836 6821
f 6836 6837 6821
f 6836 6842 6835
f 6836 6835 6837
f 6842 6844 6835
f 6844 6839 6835
f 6844 6913 6912
f 6844 6912 6839
f 6913 6920 6912
f 6920 6921 6912
f 6920 6923 6916
f 6920 6916 6921
f 6923 6924 6916
f 6924 6922 6916
f 6924 6917 6938
f 6924 6938 6922
f 6917 6934 6938
f 6934 6932 6938
f 6934 6939 6935
f 6934 6935 6932
f 6939 6983 6935
f 6983 6973 6935
f 6983 6978 6981
f 6983 6981 6973
f 6978 6982 6981
f 6982 6974 6981
f 6982 7014 7007
f 6982 7007 6974
f 7014 7013 7007
f 7013 7009 7007
f 7013 7011 7010
f 7013 7010 7009
f 7011 7017 7010
f 7017 7003 7010
f 7017 7376 7015
f 7017 7015 7003
f 7376 7378 7015
f 7378 7018 7015
f 7378 7374 7029
f 7378 7029 7018
f 7374 7370 7029
f 7370 7027 7029
f 7370 7365 7021
f 7370 7021 7027
f 7365 7342 7021
f 7342 7032 7021
f 7342 7343 7073
f 7342 7073 7032
f 7343 7341 7073
f 7341 7075 7073
f 7341 7338 7069
f 7341 7069 7075
f 7338 7337 7069
f 7337 7066 7069
f 7337 8694 8127
f 7337 8127 7066
f 8694 8704 8127
f 8704 8136 8127
f 8704 8697 8112
f 8704 8112 8136
f 8697 8700 8112
f 8700 8117 8112
f 8700 8702 8116
f 8700 8116 8117
f 8702 8701 8116
f 8701 8126 8116
f 8701 8685 8149
f 8701 8149 8126
f 8685 8680 8149
f 8680 8156 8149
f 8680 8691 8155
f 8680 8155 8156
f 8691 8667 8155
f 8667 8151 8155
f 8667 8674 8291
f 8667 8291 8151
f 8674 8672 8291
f 8672 8289 8291
f 8672 8451 8301
f 8672 8301 8289
f 8451 8444 8301
f 8444 8294 8301
f 8444 8448 8439
f 8444 8439 8294
f 8448 8447 8439
f 8447 8443 8439
f 8447 8440 8445
f 8447 8445 8443
f 8440 8476 8445
f 8476 8481 8445
f 8476 8472 8482
f 8476 8482 8481
f 8472 8468 8482
f 8468 8475 8482
f 8468 8478 8480
f 8468 8480 8475
f 8478 8469 8480
f 8469 8470 8480
f 8469 8473 8471
f 8469 8471 8470
f 8473 9297 8471
f 9297 9305 8471
f 9297 9304 9307
f 9297 9307 9305
f 9304 9293 9307
f 9293 9300 9307
f 9293 9294 9301
f 9293 9301 9300
f 9294 9308 9301
f 9308 9292 9301
f 9308 9312 9316
f 9308 9316 9292
f 9312 9320 9316
f 9320 9310 9316
f 9320 9252 9248
f 9320 9248 9310
f 9252 9249 9248
f 9249 9253 9248
f 9249 9256 9254
f 9249 9254 9253
f 9256 9257 9254
f 9257 9258 9254
f 9257 9260 9259
f 9257 9259 9258
f 9260 9234 9259
f 9234 9236 9259
f 9234 9245 9237
f 9234 9237 9236
f 9245 8854 9237
f 8854 8853 9237
f 8854 8845 8856
f 8854 8856 8853
f 8845 8849 8856
f 8849 8846 8856
f 8849 8844 8847
f 8849 8847 8846
f 8844 8864 8847
f 8864 8868 8847
f 8864 8862 8857
f 8864 8857 8868
f 8862 8866 8857
f 8866 8865 8857
f 8866 8992 8996
f 8866 8996 8865
f 8992 8999 8996
f 8999 8994 8996
f 8999 9007 9003
f 8999 9003 8994
f 9007 8757 9003
f 8757 8997 9003
f 8757 8754 8969
f 8757 8969 8997
f 8754 8761 8969
f 8761 8964 8969
f 8761 8764 8966
f 8761 8966 8964
f 6454 6458 6459
f 6458 6457 6459
f 6458 6448 6449
f 6458 6449 6457
f 6448 6451 6449
f 6451 6452 6449
f 6451 6423 6426
f 6451 6426 6452
f 6423 6427 6426
f 6427 6417 6426
f 6427 6425 6428
f 6427 6428 6417
f 6425 6421 6428
f 6421 6396 6428
f 6421 6386 6393
f 6421 6393 6396
f 6386 6395 6393
f 6395 6388 6393
f 6395 6394 6391
f 6395 6391 6388
f 6394 6400 6391
f 6400 6390 6391
f 6400 6807 6811
f 6400 6811 6390
f 6807 6809 6811
f 6809 6812 6811
f 6809 6810 6813
f 6809 6813 6812
f 6810 6777 6813
f 6777 6784 6813
f 6777 6778 6780
f 6777 6780 6784
f 6778 6783 6780
f 6783 6782 6780
f 6783 6827 6773
f 6783 6773 6782
f 6827 6825 6773
f 6825 6864 6773
f 6825 6831 6863
f 6825 6863 6864
f 6831 6821 6863
f 6821 6857 6863
f 6821 6837 6858
f 6821 6858 6857
f 6837 6835 6858
f 6835 6841 6858
f 6835 6839 6840
f 6835 6840 6841
f 6839 6912 6840
f 6912 6911 6840
f 6912 6921 6900
f 6912 6900 6911
f 6921 6916 6900
f 6916 6901 6900
f 6916 6922 6902
f 6916 6902 6901
f 6922 6938 6902
f 6938 6936 6902
f 6938 6932 6933
f 6938 6933 6936
f 6932 6935 6933
f 6935 6931 6933
f 6935 6973 6980
f 6935 6980 6931
f 6973 6981 6980
f 6981 6975 6980
f 6981 6974 6976
f 6981 6976 6975
f 6974 7007 6976
f 7007 6991 6976
f 7007 7009 6988
f 7007 6988 6991
f 7009 7010 6988
f 7010 6992 6988
f 7010 7003 7005
f 7010 7005 6992
f 7003 7015 7005
f 7015 7008 7005
f 7015 7018 7030
f 7015 7030 7008
f 7018 7029 7030
f 7029 7022 7030
f 7029 7027 7023
f 7029 7023 7022
f 7027 7021 7023
f 7021 7024 7023
f 7021 7032 7031
f 7021 7031 7024
f 7032 7073 7031
f 7073 7076 7031
f 7073 7075 7065
f 7073 7065 7076
f 7075 7069 7065
f 7069 7074 7065
f 7069 7066 7067
f 7069 7067 7074
f 7066 8127 7067
f 8127 8138 7067
f 8127 8136 8139
f 8127 8139 8138
f 8136 8112 8139
f 8112 8118 8139
f 8112 8117 8115
f 8112 8115 8118
f 8117 8116 8115
f 8116 8122 8115
f 8116 8126 8124
f 8116 8124 8122
f 8126 8149 8124
f 8149 8145 8124
f 8149 8156 8152
f 8149 8152 8145
f 8156 8155 8152
f 8155 8143 8152
f 8155 8151 8142
f 8155 8142 8143
f 8151 8291 8142
f 8291 8293 8142
f 8291 8289 8303
f 8291 8303 8293
f 8289 8301 8303
f 8301 8299 8303
f 8301 8294 8290
f 8301 8290 8299
f 8294 8439 8290
f 8439 8326 8290
f 8439 8443 8328
f 8439 8328 8326
f 8443 8445 8328
f 8445 8417 8328
f 8445 8481 8418
f 8445 8418 8417
f 8481 8482 8418
f 8482 8419 8418
f 8482 8475 8474
f 8482 8474 8419
f 8475 8480 8474
f 8480 8395 8474
f 8480 8470 8404
f 8480 8404 8395
f 8470 8471 8404
f 8471 8398 8404
f 8471 9305 9299
f 8471 9299 8398
f 9305 9307 9299
f 9307 9306 9299
f 9307 9300 9295
f 9307 9295 9306
f 9300 9301 9295
f 9301 9302 9295
f 9301 9292 9303
f 9301 9303 9302
f 9292 9316 9303
f 9316 9314 9303
f 9316 9310 9311
f 9316 9311 9314
f 9310 9248 9311
f 9248 9251 9311
f 9248 9253 9250
f 9248 9250 9251
f 9253 9254 9250
f 9254 9255 9250
f 9254 9258 9261
f 9254 9261 9255
f 9258 9259 9261
f 9259 9170 9261
f 9259 9236 9163
f 9259 9163 9170
f 9236 9237 9163
f 9237 9157 9163
f 9237 8853 8855
f 9237 8855 9157
f 8853 8856 8855
f 8856 8850 8855
f 8856 8846 8851
f 8856 8851 8850
f 8846 8847 8851
f 8847 8852 8851
f 8847 8868 8890
f 8847 8890 8852
f 8868 8857 8890
f 8857 8895 8890
f 8857 8865 9006
f 8857 9006 8895
f 8865 8996 9006
f 8996 8998 9006
f 8996 8994 9005
f 8996 9005 8998
f 8994 9003 9005
f 9003 8993 9005
f 9003 8997 9004
f 9003 9004 8993
f 8997 8969 9004
f 8969 8976 9004
f 8969 8964 8973
f 8969 8973 8976
f 8964 8966 8973
f 8966 8977 8973
f 6459 6457 6509
f 6459 6509 6510
f 6457 6449 6509
f 6449 6520 6509
f 6449 6452 6519
f 6449 6519 6520
f 6452 6426 6519
f 6426 6420 6519
f 6426 6417 6419
f 6426 6419 6420
f 6417 6428 6419
f 6428 6429 6419
f 6428 6396 6399
f 6428 6399 6429
f 6396 6393 6399
f 6393 6387 6399
f 6393 6388 6392
f 6393 6392 6387
f 6388 6391 6392
f 6391 6398 6392
f 6391 6390 6397
f 6391 6397 6398
f 6390 6811 6397
f 6811 6803 6397
f 6811 6812 6804
f 6811 6804 6803
f 6812 6813 6804
f 6813 6805 6804
f 6813 6784 6781
f 6813 6781 6805
f 6784 6780 6781
f 6780 6786 6781
f 6780 6782 6776
f 6780 6776 6786
f 6782 6773 6776
f 6773 6785 6776
f 6773 6864 6862
f 6773 6862 6785
f 6864 6863 6862
f 6863 6860 6862
f 6863 6857 6854
f 6863 6854 6860
f 6857 6858 6854
f 6858 6853 6854
f 6858 6841 6855
f 6858 6855 6853
f 6841 6840 6855
f 6840 6859 6855
f 6840 6911 6897
f 6840 6897 6859
f 6911 6900 6897
f 6900 6899 6897
f 6900 6901 6896
f 6900 6896 6899
f 6901 6902 6896
f 6902 6903 6896
f 6902 6936 6929
f 6902 6929 6903
f 6936 6933 6929
f 6933 6930 6929
f 6933 6931 6926
f 6933 6926 6930
f 6931 6980 6926
f 6980 6977 6926
f 6980 6975 6986
f 6980 6986 6977
f 6975 6976 6986
f 6976 6985 6986
f 6976 6991 6999
f 6976 6999 6985
f 6991 6988 6999
f 6988 6996 6999
f 6988 6992 6995
f 6988 6995 6996
f 6992 7005 6995
f 7005 7001 6995
f 7005 7008 7002
f 7005 7002 7001
f 7008 7030 7002
f 7030 7020 7002
f 7030 7022 7026
f 7030 7026 7020
f 7022 7023 7026
f 7023 7025 7026
f 7023 7024 7019
f 7023 7019 7025
f 7024 7031 7019
f 7031 7028 7019
f 7031 7076 7070
f 7031 7070 7028
f 7076 7065 7070
f 7065 7068 7070
f 7065 7074 7071
f 7065 7071 7068
f 7074 7067 7071
f 7067 7064 7071
f 7067 8138 8134
f 7067 8134 7064
f 8138 8139 8134
f 8139 8132 8134
f 8139 8118 8114
f 8139 8114 8132
f 8118 8115 8114
f 8115 8121 8114
f 8115 8122 8113
f 8115 8113 8121
f 8122 8124 8113
f 8124 8119 8113
f 8124 8145 8146
f 8124 8146 8119
f 8145 8152 8146
f 8152 8153 8146
f 8152 8143 8148
f 8152 8148 8153
f 8143 8142 8148
f 8142 8150 8148
f 8142 8293 8298
f 8142 8298 8150
f 8293 8303 8298
f 8303 8296 8298
f 8303 8299 8295
f 8303 8295 8296
f 8299 8290 8295
f 8290 8297 8295
f 8290 8326 8327
f 8290 8327 8297
f 8326 8328 8327
f 8328 8325 8327
f 8328 8417 8410
f 8328 8410 8325
f 8417 8418 8410
f 8418 8415 8410
f 8418 8419 8412
f 8418 8412 8415
f 8419 8474 8412
f 8474 8411 8412
f 8474 8395 8406
f 8474 8406 8411
f 8395 8404 8406
f 8404 8408 8406
f 8404 8398 8396
f 8404 8396 8408
f 8398 9299 8396
f 9299 9138 8396
f 9299 9306 9140
f 9299 9140 9138
f 9306 9295 9140
f 9295 9129 9140
f 9295 9302 9298
f 9295 9298 9129
f 9302 9303 9298
f 9303 9296 9298
f 9303 9314 9152
f 9303 9152 9296
f 9314 9311 9152
f 9311 9186 9152
f 9311 9251 9175
f 9311 9175 9186
f 9251 9250 9175
f 9250 9173 9175
f 9250 9255 9183
f 9250 9183 9173
f 9255 9261 9183
f 9261 9182 9183
f 9261 9170 9169
f 9261 9169 9182
f 9170 9163 9169
f 9163 9165 9169
f 9163 9157 9164
f 9163 9164 9165
f 9157 8855 9164
f 8855 8912 9164
f 8855 8850 8909
f 8855 8909 8912
f 8850 8851 8909
f 8851 8906 8909
f 8851 8852 8894
f 8851 8894 8906
f 8852 8890 8894
f 8890 8893 8894
f 8890 8895 8891
f 8890 8891 8893
f 8895 9006 8891
f 9006 8892 8891
f 9006 8998 9002
f 9006 9002 8892
f 8998 9005 9002
f 9005 8995 9002
f 9005 8993 9000
f 9005 9000 8995
f 8993 9004 9000
f 9004 9001 9000
f 9004 8976 8970
f 9004 8970 9001
f 8976 8973 8970
f 8973 8971 8970
f 8973 8977 8968
f 8973 8968 8971
f 6510 6509 6507
f 6509 6517 6507
f 6509 6520 6512
f 6509 6512 6517
f 6520 6519 6512
f 6519 6518 6512
f 6519 6420 6508
f 6519 6508 6518
f 6420 6419 6508
f 6419 6494 6508
f 6419 6429 6493
f 6419 6493 6494
f 6429 6399 6493
f 6399 6492 6493
f 6399 6387 6389
f 6399 6389 6492
f 6387 6392 6389
f 6392 6491 6389
f 6392 6398 6480
f 6392 6480 6491
f 6398 6397 6480
f 6397 6478 6480
f 6397 6803 6817
f 6397 6817 6478
f 6803 6804 6817
f 6804 6816 6817
f 6804 6805 6815
f 6804 6815 6816
f 6805 6781 6815
f 6781 6772 6815
f 6781 6786 6779
f 6781 6779 6772
f 6786 6776 6779
f 6776 6774 6779
f 6776 6785 6775
f 6776 6775 6774
f 6785 6862 6775
f 6862 6865 6775
f 6862 6860 6850
f 6862 6850 6865
f 6860 6854 6850
f 6854 6856 6850
f 6854 6853 6852
f 6854 6852 6856
f 6853 6855 6852
f 6855 6851 6852
f 6855 6859 6861
f 6855 6861 6851
f 6859 6897 6861
f 6897 6898 6861
f 6897 6899 6908
f 6897 6908 6898
f 6899 6896 6908
f 6896 6909 6908
f 6896 6903 6905
f 6896 6905 6909
f 6903 6929 6905
f 6929 6927 6905
f 6929 6930 6937
f 6929 6937 6927
f 6930 6926 6937
f 6926 6928 6937
f 6926 6977 6969
f 6926 6969 6928
f 6977 6986 6969
f 6986 6967 6969
f 6986 6985 6968
f 6986 6968 6967
f 6985 6999 6968
f 6999 6989 6968
f 6999 6996 6993
f 6999 6993 6989
f 6996 6995 6993
f 6995 6994 6993
f 6995 7001 6997
f 6995 6997 6994
f 7001 7002 6997
f 7002 7000 6997
f 7002 7020 7033
f 7002 7033 7000
f 7020 7026 7033
f 7026 7034 7033
f 7026 7025 7036
f 7026 7036 7034
f 7025 7019 7036
f 7019 7048 7036
f 7019 7028 7086
f 7019 7086 7048
f 7028 7070 7086
f 7070 7092 7086
f 7070 7068 7072
f 7070 7072 7092
f 7068 7071 7072
f 7071 7078 7072
f 7071 7064 7077
f 7071 7077 7078
f 7064 8134 7077
f 8134 8135 7077
f 8134 8132 8133
f 8134 8133 8135
f 8132 8114 8133
f 8114 8123 8133
f 8114 8121 8125
f 8114 8125 8123
f 8121 8113 8125
f 8113 8120 8125
f 8113 8119 8184
f 8113 8184 8120
f 8119 8146 8184
f 8146 8147 8184
f 8146 8153 8154
f 8146 8154 8147
f 8153 8148 8154
f 8148 8141 8154
f 8148 8150 8144
f 8148 8144 8141
f 8150 8298 8144
f 8298 8300 8144
f 8298 8296 8302
f 8298 8302 8300
f 8296 8295 8302
f 8295 8292 8302
f 8295 8297 8331
f 8295 8331 8292
f 8297 8327 8331
f 8327 8322 8331
f 8327 8325 8329
f 8327 8329 8322
f 8325 8410 8329
f 8410 8416 8329
f 8410 8415 8413
f 8410 8413 8416
f 8415 8412 8413
f 8412 8414 8413
f 8412 8411 8423
f 8412 8423 8414
f 8411 8406 8423
f 8406 8399 8423
f 8406 8408 8400
f 8406 8400 8399
f 8408 8396 8400
f 8396 8402 8400
f 8396 9138 9127
f 8396 9127 8402
f 9138 9140 9127
f 9140 9128 9127
f 9140 9129 9137
f 9140 9137 9128
f 9129 9298 9137
f 9298 9151 9137
f 9298 9296 9148
f 9298 9148 9151
f 9296 9152 9148
f 9152 9153 9148
f 9152 9186 9176
f 9152 9176 9153
f 9186 9175 9176
f 9175 9179 9176
f 9175 9173 9172
f 9175 9172 9179
f 9173 9183 9172
f 9183 9185 9172
f 9183 9182 9184
f 9183 9184 9185
f 9182 9169 9184
f 9169 9162 9184
f 9169 9165 9166
f 9169 9166 9162
f 9165 9164 9166
f 9164 9167 9166
f 9164 8912 8917
f 9164 8917 9167
f 8912 8909 8917
f 8909 8913 8917
f 8909 8906 8911
f 8909 8911 8913
f 8906 8894 8911
f 8894 8900 8911
f 8894 8893 8899
f 8894 8899 8900
f 8893 8891 8899
f 8891 8897 8899
f 8891 8892 8889
f 8891 8889 8897
f 8892 9002 8889
f 9002 8988 8889
f 9002 8995 8990
f 9002 8990 8988
f 8995 9000 8990
f 9000 8984 8990
f 9000 9001 8985
f 9000 8985 8984
f 9001 8970 8985
f 8970 8967 8985
f 8970 8971 8972
f 8970 8972 8967
f 8971 8968 8972
f 8968 8965 8972
f 6507 6517 6511
f 6507 6511 6514
f 6517 6512 6511
f 6512 6513 6511
f 6512 6518 6515
f 6512 6515 6513
f 6518 6508 6515
f 6508 6516 6515
f 6508 6494 6495
f 6508 6495 6516
f 6494 6493 6495
f 6493 6506 6495
f 6493 6492 6501
f 6493 6501 6506
f 6492 6389 6501
f 6389 6496 6501
f 6389 6491 6488
f 6389 6488 6496
f 6491 6480 6488
f 6480 6487 6488
f 6480 6478 6486
f 6480 6486 6487
f 6478 6817 6486
f 6817 6490 6486
f 6817 6816 6814
f 6817 6814 6490
f 6816 6815 6814
f 6815 6750 6814
f 6815 6772 6751
f 6815 6751 6750
f 6772 6779 6751
f 6779 6752 6751
f 6779 6774 6753
f 6779 6753 6752
f 6774 6775 6753
f 6775 6746 6753
f 6775 6865 6756
f 6775 6756 6746
f 6865 6850 6756
f 6850 6702 6756
f 6850 6856 6706
f 6850 6706 6702
f 6856 6852 6706
f 6852 6710 6706
f 6852 6851 6709
f 6852 6709 6710
f 6851 6861 6709
f 6861 6705 6709
f 6861 6898 6910
f 6861 6910 6705
f 6898 6908 6910
f 6908 6904 6910
f 6908 6909 6906
f 6908 6906 6904
f 6909 6905 6906
f 6905 6907 6906
f 6905 6927 6866
f 6905 6866 6907
f 6927 6937 6866
f 6937 6867 6866
f 6937 6928 6971
f 6937 6971 6867
f 6928 6969 6971
f 6969 6970 6971
f 6969 6967 6972
f 6969 6972 6970
f 6967 6968 6972
f 6968 6966 6972
f 6968 6989 6963
f 6968 6963 6966
f 6989 6993 6963
f 6993 6965 6963
f 6993 6994 6990
f 6993 6990 6965
f 6994 6997 6990
f 6997 6998 6990
f 6997 7000 7040
f 6997 7040 6998
f 7000 7033 7040
f 7033 7039 7040
f 7033 7034 7042
f 7033 7042 7039
f 7034 7036 7042
f 7036 7041 7042
f 7036 7048 7046
f 7036 7046 7041
f 7048 7086 7046
f 7086 7089 7046
f 7086 7092 7090
f 7086 7090 7089
f 7092 7072 7090
f 7072 7091 7090
f 7072 7078 7080
f 7072 7080 7091
f 7078 7077 7080
f 7077 7082 7080
f 7077 8135 8137
f 7077 8137 7082
f 8135 8133 8137
f 8133 8128 8137
f 8133 8123 8140
f 8133 8140 8128
f 8123 8125 8140
f 8125 8185 8140
f 8125 8120 8173
f 8125 8173 8185
f 8120 8184 8173
f 8184 8182 8173
f 8184 8147 8175
f 8184 8175 8182
f 8147 8154 8175
f 8154 8169 8175
f 8154 8141 8163
f 8154 8163 8169
f 8141 8144 8163
f 8144 8166 8163
f 8144 8300 8308
f 8144 8308 8166
f 8300 8302 8308
f 8302 8317 8308
f 8302 8292 8333
f 8302 8333 8317
f 8292 8331 8333
f 8331 8334 8333
f 8331 8322 8335
f 8331 8335 8334
f 8322 8329 8335
f 8329 8330 8335
f 8329 8416 8420
f 8329 8420 8330
f 8416 8413 8420
f 8413 8421 8420
f 8413 8414 8422
f 8413 8422 8421
f 8414 8423 8422
f 8423 8409 8422
f 8423 8399 8407
f 8423 8407 8409
f 8399 8400 8407
f 8400 8403 8407
f 8400 8402 8397
f 8400 8397 8403
f 8402 9127 8397
f 9127 9139 8397
f 9127 9128 9136
f 9127 9136 9139
f 9128 9137 9136
f 9137 9133 9136
f 9137 9151 9142
f 9137 9142 9133
f 9151 9148 9142
f 9148 9154 9142
f 9148 9153 9155
f 9148 9155 9154
f 9153 9176 9155
f 9176 9178 9155
f 9176 9179 9174
f 9176 9174 9178
f 9179 9172 9174
f 9172 9177 9174
f 9172 9185 9180
f 9172 9180 9177
f 9185 9184 9180
f 9184 9181 9180
f 9184 9162 9158
f 9184 9158 9181
f 9162 9166 9158
f 9166 9159 9158
f 9166 9167 9161
f 9166 9161 9159
f 9167 8917 9161
f 8917 8915 9161
f 8917 8913 8914
f 8917 8914 8915
f 8913 8911 8914
f 8911 8908 8914
f 8911 8900 8898
f 8911 8898 8908
f 8900 8899 8898
f 8899 8887 8898
f 8899 8897 8901
f 8899 8901 8887
f 8897 8889 8901
f 8889 8983 8901
f 8889 8988 8979
f 8889 8979 8983
f 8988 8990 8979
f 8990 8978 8979
f 8990 8984 8987
f 8990 8987 8978
f 8984 8985 8987
f 8985 8986 8987
f 8985 8967 8963
f 8985 8963 8986
f 8967 8972 8963
f 8972 8975 8963
f 8972 8965 8974
f 8972 8974 8975
f 6514 6511 6526
f 6511 6528 6526
f 6511 6513 6531
f 6511 6531 6528
f 6513 6515 6531
f 6515 6550 6531
f 6515 6516 6549
f 6515 6549 6550
f 6516 6495 6549
f 6495 6546 6549
f 6495 6506 6499
f 6495 6499 6546
f 6506 6501 6499
f 6501 6502 6499
f 6501 6496 6500
f 6501 6500 6502
f 6496 6488 6500
f 6488 6482 6500
f 6488 6487 6484
f 6488 6484 6482
f 6487 6486 6484
f 6486 6485 6484
f 6486 6490 6479
f 6486 6479 6485
f 6490 6814 6479
f 6814 6749 6479
f 6814 6750 6755
f 6814 6755 6749
f 6750 6751 6755
f 6751 6744 6755
f 6751 6752 6743
f 6751 6743 6744
f 6752 6753 6743
f 6753 6742 6743
f 6753 6746 6754
f 6753 6754 6742
f 6746 6756 6754
f 6756 6745 6754
f 6756 6702 6707
f 6756 6707 6745
f 6702 6706 6707
f 6706 6700 6707
f 6706 6710 6699
f 6706 6699 6700
f 6710 6709 6699
f 6709 6701 6699
f 6709 6705 6703
f 6709 6703 6701
f 6705 6910 6703
f 6910 6881 6703
f 6910 6904 6888
f 6910 6888 6881
f 6904 6906 6888
f 6906 6885 6888
f 6906 6907 6874
f 6906 6874 6885
f 6907 6866 6874
f 6866 6880 6874
f 6866 6867 6873
f 6866 6873 6880
f 6867 6971 6873
f 6971 6962 6873
f 6971 6970 6957
f 6971 6957 6962
f 6970 6972 6957
f 6972 6961 6957
f 6972 6966 6959
f 6972 6959 6961
f 6966 6963 6959
f 6963 6958 6959
f 6963 6965 6964
f 6963 6964 6958
f 6965 6990 6964
f 6990 7104 6964
f 6990 6998 7099
f 6990 7099 7104
f 6998 7040 7099
f 7040 7047 7099
f 7040 7039 7045
f 7040 7045 7047
f 7039 7042 7045
f 7042 7044 7045
f 7042 7041 7043
f 7042 7043 7044
f 7041 7046 7043
f 7046 7035 7043
f 7046 7089 7081
f 7046 7081 7035
f 7089 7090 7081
f 7090 7088 7081
f 7090 7091 7087
f 7090 7087 7088
f 7091 7080 7087
f 7080 7079 7087
f 7080 7082 7083
f 7080 7083 7079
f 7082 8137 7083
f 8137 8131 7083
f 8137 8128 8130
f 8137 8130 8131
f 8128 8140 8130
f 8140 8129 8130
f 8140 8185 8179
f 8140 8179 8129
f 8185 8173 8179
f 8173 8172 8179
f 8173 8182 8181
f 8173 8181 8172
f 8182 8175 8181
f 8175 8174 8181
f 8175 8169 8171
f 8175 8171 8174
f 8169 8163 8171
f 8163 8161 8171
f 8163 8166 8160
f 8163 8160 8161
f 8166 8308 8160
f 8308 8304 8160
f 8308 8317 8319
f 8308 8319 8304
f 8317 8333 8319
f 8333 8305 8319
f 8333 8334 8320
f 8333 8320 8305
f 8334 8335 8320
f 8335 8324 8320
f 8335 8330 8332
f 8335 8332 8324
f 8330 8420 8332
f 8420 8382 8332
f 8420 8421 8392
f 8420 8392 8382
f 8421 8422 8392
f 8422 8393 8392
f 8422 8409 8388
f 8422 8388 8393
f 8409 8407 8388
f 8407 8389 8388
f 8407 8403 8405
f 8407 8405 8389
f 8403 8397 8405
f 8397 8401 8405
f 8397 9139 9135
f 8397 9135 8401
f 9139 9136 9135
f 9136 9134 9135
f 9136 9133 9130
f 9136 9130 9134
f 9133 9142 9130
f 9142 9141 9130
f 9142 9154 9156
f 9142 9156 9141
f 9154 9155 9156
f 9155 9147 9156
f 9155 9178 9150
f 9155 9150 9147
f 9178 9174 9150
f 9174 9192 9150
f 9174 9177 9191
f 9174 9191 9192
f 9177 9180 9191
f 9180 9187 9191
f 9180 9181 9188
f 9180 9188 9187
f 9181 9158 9188
f 9158 9160 9188
f 9158 9159 9168
f 9158 9168 9160
f 9159 9161 9168
f 9161 9171 9168
f 9161 8915 8916
f 9161 8916 9171
f 8915 8914 8916
f 8914 8903 8916
f 8914 8908 8905
f 8914 8905 8903
f 8908 8898 8905
f 8898 8896 8905
f 8898 8887 8888
f 8898 8888 8896
f 8887 8901 8888
f 8901 8902 8888
f 8901 8983 8982
f 8901 8982 8902
f 8983 8979 8982
f 8979 8989 8982
f 8979 8978 8991
f 8979 8991 8989
f 8978 8987 8991
f 8987 8980 8991
f 8987 8986 8981
f 8987 8981 8980
f 8986 8963 8981
f 8963 9013 8981
f 8963 8975 9014
f 8963 9014 9013
f 8975 8974 9014
f 8974 9015 9014
f 6526 6528 6524
f 6526 6524 6523
f 6528 6531 6524
f 6531 6525 6524
f 6531 6550 6548
f 6531 6548 6525
f 6550 6549 6548
f 6549 6537 6548
f 6549 6546 6545
f 6549 6545 6537
f 6546 6499 6545
f 6499 6498 6545
f 6499 6502 6497
f 6499 6497 6498
f 6502 6500 6497
f 6500 6504 6497
f 6500 6482 6483
f 6500 6483 6504
f 6482 6484 6483
f 6484 6489 6483
f 6484 6485 6481
f 6484 6481 6489
f 6485 6479 6481
f 6479 6729 6481
f 6479 6749 6728
f 6479 6728 6729
f 6749 6755 6728
f 6755 6739 6728
f 6755 6744 6748
f 6755 6748 6739
f 6744 6743 6748
f 6743 6747 6748
f 6743 6742 6758
f 6743 6758 6747
f 6742 6754 6758
f 6754 6761 6758
f 6754 6745 6768
f 6754 6768 6761
f 6745 6707 6768
f 6707 6704 6768
f 6707 6700 6698
f 6707 6698 6704
f 6700 6699 6698
f 6699 6711 6698
f 6699 6701 6697
f 6699 6697 6711
f 6701 6703 6697
f 6703 6708 6697
f 6703 6881 6884
f 6703 6884 6708
f 6881 6888 6884
f 6888 6883 6884
f 6888 6885 6886
f 6888 6886 6883
f 6885 6874 6886
f 6874 6869 6886
f 6874 6880 6872
f 6874 6872 6869
f 6880 6873 6872
f 6873 6878 6872
f 6873 6962 6942
f 6873 6942 6878
f 6962 6957 6942
f 6957 6951 6942
f 6957 6961 6952
f 6957 6952 6951
f 6961 6959 6952
f 6959 6955 6952
f 6959 6958 6960
f 6959 6960 6955
f 6958 6964 6960
f 6964 7103 6960
f 6964 7104 7093
f 6964 7093 7103
f 7104 7099 7093
f 7099 7105 7093
f 7099 7047 7097
f 7099 7097 7105
f 7047 7045 7097
f 7045 7037 7097
f 7045 7044 7038
f 7045 7038 7037
f 7044 7043 7038
f 7043 7054 7038
f 7043 7035 7049
f 7043 7049 7054
f 7035 7081 7049
f 7081 7060 7049
f 7081 7088 7063
f 7081 7063 7060
f 7088 7087 7063
f 7087 7085 7063
f 7087 7079 7084
f 7087 7084 7085
f 7079 7083 7084
f 7083 8244 7084
f 7083 8131 8241
f 7083 8241 8244
f 8131 8130 8241
f 8130 8239 8241
f 8130 8129 8230
f 8130 8230 8239
f 8129 8179 8230
f 8179 8178 8230
f 8179 8172 8177
f 8179 8177 8178
f 8172 8181 8177
f 8181 8176 8177
f 8181 8174 8180
f 8181 8180 8176
f 8174 8171 8180
f 8171 8157 8180
f 8171 8161 8162
f 8171 8162 8157
f 8161 8160 8162
f 8160 8158 8162
f 8160 8304 8312
f 8160 8312 8158
f 8304 8319 8312
f 8319 8310 8312
f 8319 8305 8309
f 8319 8309 8310
f 8305 8320 8309
f 8320 8307 8309
f 8320 8324 8323
f 8320 8323 8307
f 8324 8332 8323
f 8332 8321 8323
f 8332 8382 8394
f 8332 8394 8321
f 8382 8392 8394
f 8392 8384 8394
f 8392 8393 8387
f 8392 8387 8384
f 8393 8388 8387
f 8388 8386 8387
f 8388 8389 8381
f 8388 8381 8386
f 8389 8405 8381
f 8405 8379 8381
f 8405 8401 8380
f 8405 8380 8379
f 8401 9135 8380
f 9135 8372 8380
f 9135 9134 9131
f 9135 9131 8372
f 9134 9130 9131
f 9130 9132 9131
f 9130 9141 9143
f 9130 9143 9132
f 9141 9156 9143
f 9156 9145 9143
f 9156 9147 9144
f 9156 9144 9145
f 9147 9150 9144
f 9150 9146 9144
f 9150 9192 9194
f 9150 9194 9146
f 9192 9191 9194
f 9191 9197 9194
f 9191 9187 9196
f 9191 9196 9197
f 9187 9188 9196
f 9188 9199 9196
f 9188 9160 9201
f 9188 9201 9199
f 9160 9168 9201
f 9168 9200 9201
f 9168 9171 8910
f 9168 8910 9200
f 9171 8916 8910
f 8916 8907 8910
f 8916 8903 8904
f 8916 8904 8907
f 8903 8905 8904
f 8905 8951 8904
f 8905 8896 8948
f 8905 8948 8951
f 8896 8888 8948
f 8888 8956 8948
f 8888 8902 8957
f 8888 8957 8956
f 8902 8982 8957
f 8982 8958 8957
f 8982 8989 9028
f 8982 9028 8958
f 8989 8991 9028
f 8991 9026 9028
f 8991 8980 9030
f 8991 9030 9026
f 8980 8981 9030
f 8981 9010 9030
f 8981 9013 9020
f 8981 9020 9010
f 9013 9014 9020
f 9014 9018 9020
f 9014 9015 9012
f 9014 9012 9018
f 6523 6524 6521
f 6524 6522 6521
f 6524 6525 6530
f 6524 6530 6522
f 6525 6548 6530
f 6548 6536 6530
f 6548 6537 6547
f 6548 6547 6536
f 6537 6545 6547
f 6545 6542 6547
f 6545 6498 6505
f 6545 6505 6542
f 6498 6497 6505
f 6497 6503 6505
f 6497 6504 6469
f 6497 6469 6503
f 6504 6483 6469
f 6483 6465 6469
f 6483 6489 6466
f 6483 6466 6465
f 6489 6481 6466
f 6481 6464 6466
f 6481 6729 6735
f 6481 6735 6464
f 6729 6728 6735
f 6728 6730 6735
f 6728 6739 6727
f 6728 6727 6730
f 6739 6748 6727
f 6748 6736 6727
f 6748 6747 6757
f 6748 6757 6736
f 6747 6758 6757
f 6758 6759 6757
f 6758 6761 6760
f 6758 6760 6759
f 6761 6768 6760
f 6768 6766 6760
f 6768 6704 6725
f 6768 6725 6766
f 6704 6698 6725
f 6698 6726 6725
f 6698 6711 6712
f 6698 6712 6726
f 6711 6697 6712
f 6697 6719 6712
f 6697 6708 6718
f 6697 6718 6719
f 6708 6884 6718
f 6884 6889 6718
f 6884 6883 6882
f 6884 6882 6889
f 6883 6886 6882
f 6886 6895 6882
f 6886 6869 6879
f 6886 6879 6895
f 6869 6872 6879
f 6872 6871 6879
f 6872 6878 6868
f 6872 6868 6871
f 6878 6942 6868
f 6942 6948 6868
f 6942 6951 6956
f 6942 6956 6948
f 6951 6952 6956
f 6952 6949 6956
f 6952 6955 6943
f 6952 6943 6949
f 6955 6960 6943
f 6960 7094 6943
f 6960 7103 7101
f 6960 7101 7094
f 7103 7093 7101
f 7093 7098 7101
f 7093 7105 7100
f 7093 7100 7098
f 7105 7097 7100
f 7097 7095 7100
f 7097 7037 7174
f 7097 7174 7095
f 7037 7038 7174
f 7038 7169 7174
f 7038 7054 7056
f 7038 7056 7169
f 7054 7049 7056
f 7049 7059 7056
f 7049 7060 7061
f 7049 7061 7059
f 7060 7063 7061
f 7063 7053 7061
f 7063 7085 7058
f 7063 7058 7053
f 7085 7084 7058
f 7084 7051 7058
f 7084 8244 8232
f 7084 8232 7051
f 8244 8241 8232
f 8241 8238 8232
f 8241 8239 8236
f 8241 8236 8238
f 8239 8230 8236
f 8230 8253 8236
f 8230 8178 8254
f 8230 8254 8253
f 8178 8177 8254
f 8177 8255 8254
f 8177 8176 8183
f 8177 8183 8255
f 8176 8180 8183
f 8180 8186 8183
f 8180 8157 8167
f 8180 8167 8186
f 8157 8162 8167
f 8162 8159 8167
f 8162 8158 8164
f 8162 8164 8159
f 8158 8312 8164
f 8312 8311 8164
f 8312 8310 8315
f 8312 8315 8311
f 8310 8309 8315
f 8309 8314 8315
f 8309 8307 8313
f 8309 8313 8314
f 8307 8323 8313
f 8323 8287 8313
f 8323 8321 8286
f 8323 8286 8287
f 8321 8394 8286
f 8394 8383 8286
f 8394 8384 8390
f 8394 8390 8383
f 8384 8387 8390
f 8387 8391 8390
f 8387 8386 8385
f 8387 8385 8391
f 8386 8381 8385
f 8381 8371 8385
f 8381 8379 8370
f 8381 8370 8371
f 8379 8380 8370
f 8380 8377 8370
f 8380 8372 8373
f 8380 8373 8377
f 8372 9131 8373
f 9131 9120 8373
f 9131 9132 9123
f 9131 9123 9120
f 9132 9143 9123
f 9143 9124 9123
f 9143 9145 9149
f 9143 9149 9124
f 9145 9144 9149
f 9144 9099 9149
f 9144 9146 9100
f 9144 9100 9099
f 9146 9194 9100
f 9194 9098 9100
f 9194 9197 9195
f 9194 9195 9098
f 9197 9196 9195
f 9196 9190 9195
f 9196 9199 9189
f 9196 9189 9190
f 9199 9201 9189
f 9201 9193 9189
f 9201 9200 9198
f 9201 9198 9193
f 9200 8910 9198
f 8910 8919 9198
f 8910 8907 8920
f 8910 8920 8919
f 8907 8904 8920
f 8904 8918 8920
f 8904 8951 8953
f 8904 8953 8918
f 8951 8948 8953
f 8948 8949 8953
f 8948 8956 8955
f 8948 8955 8949
f 8956 8957 8955
f 8957 8960 8955
f 8957 8958 8962
f 8957 8962 8960
f 8958 9028 8962
f 9028 9029 8962
f 9028 9026 9023
f 9028 9023 9029
f 9026 9030 9023
f 9030 9025 9023
f 9030 9010 9011
f 9030 9011 9025
f 9010 9020 9011
f 9020 9008 9011
f 9020 9018 9019
f 9020 9019 9008
f 9018 9012 9019
f 9012 9016 9019
f 6521 6522 6532
f 6521 6532 6529
f 6522 6530 6532
f 6530 6533 6532
f 6530 6536 6538
f 6530 6538 6533
f 6536 6547 6538
f 6547 6543 6538
f 6547 6542 6544
f 6547 6544 6543
f 6542 6505 6544
f 6505 6462 6544
f 6505 6503 6476
f 6505 6476 6462
f 6503 6469 6476
f 6469 6471 6476
f 6469 6465 6463
f 6469 6463 6471
f 6465 6466 6463
f 6466 6477 6463
f 6466 6464 6474
f 6466 6474 6477
f 6464 6735 6474
f 6735 6732 6474
f 6735 6730 6740
f 6735 6740 6732
f 6730 6727 6740
f 6727 6738 6740
f 6727 6736 6737
f 6727 6737 6738
f 6736 6757 6737
f 6757 6762 6737
f 6757 6759 6763
f 6757 6763 6762
f 6759 6760 6763
f 6760 6769 6763
f 6760 6766 6771
f 6760 6771 6769
f 6766 6725 6771
f 6725 6713 6771
f 6725 6726 6723
f 6725 6723 6713
f 6726 6712 6723
f 6712 6717 6723
f 6712 6719 6716
f 6712 6716 6717
f 6719 6718 6716
f 6718 6724 6716
f 6718 6889 6887
f 6718 6887 6724
f 6889 6882 6887
f 6882 6893 6887
f 6882 6895 6894
f 6882 6894 6893
f 6895 6879 6894
f 6879 6877 6894
f 6879 6871 6875
f 6879 6875 6877
f 6871 6868 6875
f 6868 6870 6875
f 6868 6948 6945
f 6868 6945 6870
f 6948 6956 6945
f 6956 6947 6945
f 6956 6949 6950
f 6956 6950 6947
f 6949 6943 6950
f 6943 6954 6950
f 6943 7094 7125
f 6943 7125 6954
f 7094 7101 7125
f 7101 7106 7125
f 7101 7098 7096
f 7101 7096 7106
f 7098 7100 7096
f 7100 7107 7096
f 7100 7095 7102
f 7100 7102 7107
f 7095 7174 7102
f 7174 7178 7102
f 7174 7169 7172
f 7174 7172 7178
f 7169 7056 7172
f 7056 7177 7172
f 7056 7059 7055
f 7056 7055 7177
f 7059 7061 7055
f 7061 7050 7055
f 7061 7053 7062
f 7061 7062 7050
f 7053 7058 7062
f 7058 7057 7062
f 7058 7051 7052
f 7058 7052 7057
f 7051 8232 7052
f 8232 8240 7052
f 8232 8238 8235
f 8232 8235 8240
f 8238 8236 8235
f 8236 8247 8235
f 8236 8253 8248
f 8236 8248 8247
f 8253 8254 8248
f 8254 8251 8248
f 8254 8255 8252
f 8254 8252 8251
f 8255 8183 8252
f 8183 8212 8252
f 8183 8186 8202
f 8183 8202 8212
f 8186 8167 8202
f 8167 8165 8202
f 8167 8159 8168
f 8167 8168 8165
f 8159 8164 8168
f 8164 8170 8168
f 8164 8311 8316
f 8164 8316 8170
f 8311 8315 8316
f 8315 8318 8316
f 8315 8314 8306
f 8315 8306 8318
f 8314 8313 8306
f 8313 8277 8306
f 8313 8287 8276
f 8313 8276 8277
f 8287 8286 8276
f 8286 8282 8276
f 8286 8383 8278
f 8286 8278 8282
f 8383 8390 8278
f 8390 8350 8278
f 8390 8391 8349
f 8390 8349 8350
f 8391 8385 8349
f 8385 8342 8349
f 8385 8371 8367
f 8385 8367 8342
f 8371 8370 8367
f 8370 8366 8367
f 8370 8377 8374
f 8370 8374 8366
f 8377 8373 8374
f 8373 8378 8374
f 8373 9120 9115
f 8373 9115 8378
f 9120 9123 9115
f 9123 9125 9115
f 9123 9124 9113
f 9123 9113 9125
f 9124 9149 9113
f 9149 9114 9113
f 9149 9099 9102
f 9149 9102 9114
f 9099 9100 9102
f 9100 9108 9102
f 9100 9098 9105
f 9100 9105 9108
f 9098 9195 9105
f 9195 9077 9105
f 9195 9190 9079
f 9195 9079 9077
f 9190 9189 9079
f 9189 9058 9079
f 9189 9193 9056
f 9189 9056 9058
f 9193 9198 9056
f 9198 9063 9056
f 9198 8919 8928
f 9198 8928 9063
f 8919 8920 8928
f 8920 8926 8928
f 8920 8918 8923
f 8920 8923 8926
f 8918 8953 8923
f 8953 8952 8923
f 8953 8949 8954
f 8953 8954 8952
f 8949 8955 8954
f 8955 8950 8954
f 8955 8960 8959
f 8955 8959 8950
f 8960 8962 8959
f 8962 8961 8959
f 8962 9029 9027
f 8962 9027 8961
f 9029 9023 9027
f 9023 9034 9027
f 9023 9025 9037
f 9023 9037 9034
f 9025 9011 9037
f 9011 9021 9037
f 9011 9008 9022
f 9011 9022 9021
f 9008 9019 9022
f 9019 9017 9022
f 9019 9016 9009
f 9019 9009 9017
f 6529 6532 6534
f 6532 6527 6534
f 6532 6533 6535
f 6532 6535 6527
f 6533 6538 6535
f 6538 6541 6535
f 6538 6543 6540
f 6538 6540 6541
f 6543 6544 6540
f 6544 6539 6540
f 6544 6462 6468
f 6544 6468 6539
f 6462 6476 6468
f 6476 6475 6468
f 6476 6471 6467
f 6476 6467 6475
f 6471 6463 6467
f 6463 6470 6467
f 6463 6477 6473
f 6463 6473 6470
f 6477 6474 6473
f 6474 6472 6473
f 6474 6732 6734
f 6474 6734 6472
f 6732 6740 6734
f 6740 6731 6734
f 6740 6738 6733
f 6740 6733 6731
f 6738 6737 6733
f 6737 6741 6733
f 6737 6762 6765
f 6737 6765 6741
f 6762 6763 6765
f 6763 6764 6765
f 6763 6769 6770
f 6763 6770 6764
f 6769 6771 6770
f 6771 6767 6770
f 6771 6713 6715
f 6771 6715 6767
f 6713 6723 6715
f 6723 6714 6715
f 6723 6717 6720
f 6723 6720 6714
f 6717 6716 6720
f 6716 6721 6720
f 6716 6724 6722
f 6716 6722 6721
f 6724 6887 6722
f 6887 6892 6722
f 6887 6893 6890
f 6887 6890 6892
f 6893 6894 6890
f 6894 6891 6890
f 6894 6877 5949
f 6894 5949 6891
f 6877 6875 5949
f 6875 5941 5949
f 6875 6870 6876
f 6875 6876 5941
f 6870 6945 6876
f 6945 6946 6876
f 6945 6947 6953
f 6945 6953 6946
f 6947 6950 6953
f 6950 6944 6953
f 6950 6954 7126
f 6950 7126 6944
f 6954 7125 7126
f 7125 7123 7126
f 7125 7106 7134
f 7125 7134 7123
f 7106 7096 7134
f 7096 7116 7134
f 7096 7107 7119
f 7096 7119 7116
f 7107 7102 7119
f 7102 7122 7119
f 7102 7178 7168
f 7102 7168 7122
f 7178 7172 7168
f 7172 7176 7168
f 7172 7177 7182
f 7172 7182 7176
f 7177 7055 7182
f 7055 7175 7182
f 7055 7050 7173
f 7055 7173 7175
f 7050 7062 7173
f 7062 7141 7173
f 7062 7057 7144
f 7062 7144 7141
f 7057 7052 7144
f 7052 7143 7144
f 7052 8240 8237
f 7052 8237 7143
f 8240 8235 8237
f 8235 8243 8237
f 8235 8247 8250
f 8235 8250 8243
f 8247 8248 8250
f 8248 8257 8250
f 8248 8251 8256
f 8248 8256 8257
f 8251 8252 8256
f 8252 8246 8256
f 8252 8212 8204
f 8252 8204 8246
f 8212 8202 8204
f 8202 8205 8204
f 8202 8165 8201
f 8202 8201 8205
f 8165 8168 8201
f 8168 8207 8201
f 8168 8170 8206
f 8168 8206 8207
f 8170 8316 8206
f 8316 8269 8206
f 8316 8318 8261
f 8316 8261 8269
f 8318 8306 8261
f 8306 8265 8261
f 8306 8277 8279
f 8306 8279 8265
f 8277 8276 8279
f 8276 8283 8279
f 8276 8282 8274
f 8276 8274 8283
f 8282 8278 8274
f 8278 8346 8274
f 8278 8350 8344
f 8278 8344 8346
f 8350 8349 8344
f 8349 8345 8344
f 8349 8342 8347
f 8349 8347 8345
f 8342 8367 8347
f 8367 8369 8347
f 8367 8366 8368
f 8367 8368 8369
f 8366 8374 8368
f 8374 8376 8368
f 8374 8378 8375
f 8374 8375 8376
f 8378 9115 8375
f 9115 9118 8375
f 9115 9125 9119
f 9115 9119 9118
f 9125 9113 9119
f 9113 9117 9119
f 9113 9114 9116
f 9113 9116 9117
f 9114 9102 9116
f 9102 9107 9116
f 9102 9108 9106
f 9102 9106 9107
f 9108 9105 9106
f 9105 9111 9106
f 9105 9077 9081
f 9105 9081 9111
f 9077 9079 9081
f 9079 9082 9081
f 9079 9058 9054
f 9079 9054 9082
f 9058 9056 9054
f 9056 9053 9054
f 9056 9063 9060
f 9056 9060 9053
f 9063 8928 9060
f 8928 8930 9060
f 8928 8926 8929
f 8928 8929 8930
f 8926 8923 8929
f 8923 8932 8929
f 8923 8952 8939
f 8923 8939 8932
f 8952 8954 8939
f 8954 8944 8939
f 8954 8950 8943
f 8954 8943 8944
f 8950 8959 8943
f 8959 8935 8943
f 8959 8961 8933
f 8959 8933 8935
f 8961 9027 8933
f 9027 9032 8933
f 9027 9034 9031
f 9027 9031 9032
f 9034 9037 9031
f 9037 9039 9031
f 9037 9021 9041
f 9037 9041 9039
f 9021 9022 9041
f 9022 9040 9041
f 9022 9017 9043
f 9022 9043 9040
f 9017 9009 9043
f 9009 9049 9043
f 6534 6527 5434
f 6534 5434 5433
f 6527 6535 5434
f 6535 5432 5434
f 6535 6541 5435
f 6535 5435 5432
f 6541 6540 5435
f 6540 5373 5435
f 6540 6539 5380
f 6540 5380 5373
f 6539 6468 5380
f 6468 5376 5380
f 6468 6475 5370
f 6468 5370 5376
f 6475 6467 5370
f 6467 5384 5370
f 6467 6470 5510
f 6467 5510 5384
f 6470 6473 5510
f 6473 5509 5510
f 6473 6472 5505
f 6473 5505 5509
f 6472 6734 5505
f 6734 5491 5505
f 6734 6731 5490
f 6734 5490 5491
f 6731 6733 5490
f 6733 5503 5490
f 6733 6741 5498
f 6733 5498 5503
f 6741 6765 5498
f 6765 5489 5498
f 6765 6764 5463
f 6765 5463 5489
f 6764 6770 5463
f 6770 5466 5463
f 6770 6767 5460
f 6770 5460 5466
f 6767 6715 5460
f 6715 5469 5460
f 6715 6714 5470
f 6715 5470 5469
f 6714 6720 5470
f 6720 5926 5470
f 6720 6721 5928
f 6720 5928 5926
f 6721 6722 5928
f 6722 5925 5928
f 6722 6892 5923
f 6722 5923 5925
f 6892 6890 5923
f 6890 5924 5923
f 6890 6891 5947
f 6890 5947 5924
f 6891 5949 5947
f 5949 5944 5947
f 5949 5941 5945
f 5949 5945 5944
f 5941 6876 5945
f 6876 6066 5945
f 6876 6946 6065
f 6876 6065 6066
f 6946 6953 6065
f 6953 6064 6065
f 6953 6944 6068
f 6953 6068 6064
f 6944 7126 6068
f 7126 7128 6068
f 7126 7123 7131
f 7126 7131 7128
f 7123 7134 7131
f 7134 7137 7131
f 7134 7116 7113
f 7134 7113 7137
f 7116 7119 7113
f 7119 7115 7113
f 7119 7122 7118
f 7119 7118 7115
f 7122 7168 7118
f 7168 7179 7118
f 7168 7176 7180
f 7168 7180 7179
f 7176 7182 7180
f 7182 7181 7180
f 7182 7175 7170
f 7182 7170 7181
f 7175 7173 7170
f 7173 7171 7170
f 7173 7141 7149
f 7173 7149 7171
f 7141 7144 7149
f 7144 7146 7149
f 7144 7143 7138
f 7144 7138 7146
f 7143 8237 7138
f 8237 8231 7138
f 8237 8243 8242
f 8237 8242 8231
f 8243 8250 8242
f 8250 8249 8242
f 8250 8257 8258
f 8250 8258 8249
f 8257 8256 8258
f 8256 8259 8258
f 8256 8246 8245
f 8256 8245 8259
f 8246 8204 8245
f 8204 8209 8245
f 8204 8205 8213
f 8204 8213 8209
f 8205 8201 8213
f 8201 8215 8213
f 8201 8207 8214
f 8201 8214 8215
f 8207 8206 8214
f 8206 8203 8214
f 8206 8269 8267
f 8206 8267 8203
f 8269 8261 8267
f 8261 8268 8267
f 8261 8265 8262
f 8261 8262 8268
f 8265 8279 8262
f 8279 8264 8262
f 8279 8283 8280
f 8279 8280 8264
f 8283 8274 8280
f 8274 8281 8280
f 8274 8346 8338
f 8274 8338 8281
f 8346 8344 8338
f 8344 8339 8338
f 8344 8345 8337
f 8344 8337 8339
f 8345 8347 8337
f 8347 8365 8337
f 8347 8369 8360
f 8347 8360 8365
f 8369 8368 8360
f 8368 8361 8360
f 8368 8376 8358
f 8368 8358 8361
f 8376 8375 8358
f 8375 8354 8358
f 8375 9118 9122
f 8375 9122 8354
f 9118 9119 9122
f 9119 9126 9122
f 9119 9117 9112
f 9119 9112 9126
f 9117 9116 9112
f 9116 9121 9112
f 9116 9107 9104
f 9116 9104 9121
f 9107 9106 9104
f 9106 9110 9104
f 9106 9111 9109
f 9106 9109 9110
f 9111 9081 9109
f 9081 9069 9109
f 9081 9082 9070
f 9081 9070 9069
f 9082 9054 9070
f 9054 9059 9070
f 9054 9053 9055
f 9054 9055 9059
f 9053 9060 9055
f 9060 9062 9055
f 9060 8930 8921
f 9060 8921 9062
f 8930 8929 8921
f 8929 8927 8921
f 8929 8932 8922
f 8929 8922 8927
f 8932 8939 8922
f 8939 8940 8922
f 8939 8944 8941
f 8939 8941 8940
f 8944 8943 8941
f 8943 8938 8941
f 8943 8935 8936
f 8943 8936 8938
f 8935 8933 8936
f 8933 8934 8936
f 8933 9032 9033
f 8933 9033 8934
f 9032 9031 9033
f 9031 9035 9033
f 9031 9039 9042
f 9031 9042 9035
f 9039 9041 9042
f 9041 9044 9042
f 9041 9040 9045
f 9041 9045 9044
f 9040 9043 9045
f 9043 9046 9045
f 9043 9049 9052
f 9043 9052 9046
f 5433 5434 5436
f 5434 5437 5436
f 5434 5432 5438
f 5434 5438 5437
f 5432 5435 5438
f 5435 5440 5438
f 5435 5373 5377
f 5435 5377 5440
f 5373 5380 5377
f 5380 5375 5377
f 5380 5376 5374
f 5380 5374 5375
f 5376 5370 5374
f 5370 5371 5374
f 5370 5384 5372
f 5370 5372 5371
f 5384 5510 5372
f 5510 5515 5372
f 5510 5509 5514
f 5510 5514 5515
f 5509 5505 5514
f 5505 5513 5514
f 5505 5491 5495
f 5505 5495 5513
f 5491 5490 5495
f 5490 5494 5495
f 5490 5503 5493
f 5490 5493 5494
f 5503 5498 5493
f 5498 5496 5493
f 5498 5489 5497
f 5498 5497 5496
f 5489 5463 5497
f 5463 5464 5497
f 5463 5466 5465
f 5463 5465 5464
f 5466 5460 5465
f 5460 5472 5465
f 5460 5469 5473
f 5460 5473 5472
f 5469 5470 5473
f 5470 5471 5473
f 5470 5926 5936
f 5470 5936 5471
f 5926 5928 5936
f 5928 5929 5936
f 5928 5925 5930
f 5928 5930 5929
f 5925 5923 5930
f 5923 5932 5930
f 5923 5924 5927
f 5923 5927 5932
f 5924 5947 5927
f 5947 5943 5927
f 5947 5944 5942
f 5947 5942 5943
f 5944 5945 5942
f 5945 6059 5942
f 5945 6066 6071
f 5945 6071 6059
f 6066 6065 6071
f 6065 6070 6071
f 6065 6064 6069
f 6065 6069 6070
f 6064 6068 6069
f 6068 6067 6069
f 6068 7128 7124
f 6068 7124 6067
f 7128 7131 7124
f 7131 7127 7124
f 7131 7137 7132
f 7131 7132 7127
f 7137 7113 7132
f 7113 7112 7132
f 7113 7115 7111
f 7113 7111 7112
f 7115 7118 7111
f 7118 7121 7111
f 7118 7179 7166
f 7118 7166 7121
f 7179 7180 7166
f 7180 7165 7166
f 7180 7181 7161
f 7180 7161 7165
f 7181 7170 7161
f 7170 7167 7161
f 7170 7171 7153
f 7170 7153 7167
f 7171 7149 7153
f 7149 7145 7153
f 7149 7146 7151
f 7149 7151 7145
f 7146 7138 7151
f 7138 7139 7151
f 7138 8231 8234
f 7138 8234 7139
f 8231 8242 8234
f 8242 8233 8234
f 8242 8249 8223
f 8242 8223 8233
f 8249 8258 8223
f 8258 8222 8223
f 8258 8259 8221
f 8258 8221 8222
f 8259 8245 8221
f 8245 8220 8221
f 8245 8209 8211
f 8245 8211 8220
f 8209 8213 8211
f 8213 8210 8211
f 8213 8215 8208
f 8213 8208 8210
f 8215 8214 8208
f 8214 8187 8208
f 8214 8203 8199
f 8214 8199 8187
f 8203 8267 8199
f 8267 8271 8199
f 8267 8268 8270
f 8267 8270 8271
f 8268 8262 8270
f 8262 8263 8270
f 8262 8264 8266
f 8262 8266 8263
f 8264 8280 8266
f 8280 8285 8266
f 8280 8281 8284
f 8280 8284 8285
f 8281 8338 8284
f 8338 8343 8284
f 8338 8339 8348
f 8338 8348 8343
f 8339 8337 8348
f 8337 8336 8348
f 8337 8365 8364
f 8337 8364 8336
f 8365 8360 8364
f 8360 8363 8364
f 8360 8361 8362
f 8360 8362 8363
f 8361 8358 8362
f 8358 8353 8362
f 8358 8354 8352
f 8358 8352 8353
f 8354 9122 8352
f 9122 9083 8352
f 9122 9126 9097
f 9122 9097 9083
f 9126 9112 9097
f 9112 9092 9097
f 9112 9121 9094
f 9112 9094 9092
f 9121 9104 9094
f 9104 9103 9094
f 9104 9110 9101
f 9104 9101 9103
f 9110 9109 9101
f 9109 9071 9101
f 9109 9069 9072
f 9109 9072 9071
f 9069 9070 9072
f 9070 9073 9072
f 9070 9059 9057
f 9070 9057 9073
f 9059 9055 9057
f 9055 9061 9057
f 9055 9062 9067
f 9055 9067 9061
f 9062 8921 9067
f 8921 8925 9067
f 8921 8927 8924
f 8921 8924 8925
f 8927 8922 8924
f 8922 8931 8924
f 8922 8940 8947
f 8922 8947 8931
f 8940 8941 8947
f 8941 8937 8947
f 8941 8938 8942
f 8941 8942 8937
f 8938 8936 8942
f 8936 8945 8942
f 8936 8934 8946
f 8936 8946 8945
f 8934 9033 8946
f 9033 9036 8946
f 9033 9035 9024
f 9033 9024 9036
f 9035 9042 9024
f 9042 9048 9024
f 9042 9044 9047
f 9042 9047 9048
f 9044 9045 9047
f 9045 9050 9047
f 9045 9046 9051
f 9045 9051 9050
f 9046 9052 9051
f 9052 9038 9051
f 5436 5437 5444
f 5436 5444 5431
f 5437 5438 5444
f 5438 5443 5444
f 5438 5440 5442
f 5438 5442 5443
f 5440 5377 5442
f 5377 5379 5442
f 5377 5375 5382
f 5377 5382 5379
f 5375 5374 5382
f 5374 5381 5382
f 5374 5371 5393
f 5374 5393 5381
f 5371 5372 5393
f 5372 5394 5393
f 5372 5515 5516
f 5372 5516 5394
f 5515 5514 5516
f 5514 5518 5516
f 5514 5513 5506
f 5514 5506 5518
f 5513 5495 5506
f 5495 5502 5506
f 5495 5494 5501
f 5495 5501 5502
f 5494 5493 5501
f 5493 5500 5501
f 5493 5496 5499
f 5493 5499 5500
f 5496 5497 5499
f 5497 5492 5499
f 5497 5464 5462
f 5497 5462 5492
f 5464 5465 5462
f 5465 5467 5462
f 5465 5472 5468
f 5465 5468 5467
f 5472 5473 5468
f 5473 5474 5468
f 5473 5471 5461
f 5473 5461 5474
f 5471 5936 5461
f 5936 5931 5461
f 5936 5929 5935
f 5936 5935 5931
f 5929 5930 5935
f 5930 5933 5935
f 5930 5932 5934
f 5930 5934 5933
f 5932 5927 5934
f 5927 5946 5934
f 5927 5943 5950
f 5927 5950 5946
f 5943 5942 5950
f 5942 5938 5950
f 5942 6059 6057
f 5942 6057 5938
f 6059 6071 6057
f 6071 6058 6057
f 6071 6070 6063
f 6071 6063 6058
f 6070 6069 6063
f 6069 6060 6063
f 6069 6067 6061
f 6069 6061 6060
f 6067 7124 6061
f 7124 7129 6061
f 7124 7127 7135
f 7124 7135 7129
f 7127 7132 7135
f 7132 7133 7135
f 7132 7112 7120
f 7132 7120 7133
f 7112 7111 7120
f 7111 7108 7120
f 7111 7121 7110
f 7111 7110 7108
f 7121 7166 7110
f 7166 7156 7110
f 7166 7165 7158
f 7166 7158 7156
f 7165 7161 7158
f 7161 7164 7158
f 7161 7167 7162
f 7161 7162 7164
f 7167 7153 7162
f 7153 7154 7162
f 7153 7145 7148
f 7153 7148 7154
f 7145 7151 7148
f 7151 7147 7148
f 7151 7139 7142
f 7151 7142 7147
f 7139 8234 7142
f 8234 8219 7142
f 8234 8233 8218
f 8234 8218 8219
f 8233 8223 8218
f 8223 8217 8218
f 8223 8222 8226
f 8223 8226 8217
f 8222 8221 8226
f 8221 8216 8226
f 8221 8220 8228
f 8221 8228 8216
f 8220 8211 8228
f 8211 8198 8228
f 8211 8210 8194
f 8211 8194 8198
f 8210 8208 8194
f 8208 8200 8194
f 8208 8187 8197
f 8208 8197 8200
f 8187 8199 8197
f 8199 8190 8197
f 8199 8271 8196
f 8199 8196 8190
f 8271 8270 8196
f 8270 8272 8196
f 8270 8263 8260
f 8270 8260 8272
f 8263 8266 8260
f 8266 8273 8260
f 8266 8285 8275
f 8266 8275 8273
f 8285 8284 8275
f 8284 8288 8275
f 8284 8343 7836
f 8284 7836 8288
f 8343 8348 7836
f 8348 8341 7836
f 8348 8336 8340
f 8348 8340 8341
f 8336 8364 8340
f 8364 8351 8340
f 8364 8363 8355
f 8364 8355 8351
f 8363 8362 8355
f 8362 8356 8355
f 8362 8353 8357
f 8362 8357 8356
f 8353 8352 8357
f 8352 8359 8357
f 8352 9083 9089
f 8352 9089 8359
f 9083 9097 9089
f 9097 9093 9089
f 9097 9092 9090
f 9097 9090 9093
f 9092 9094 9090
f 9094 9086 9090
f 9094 9103 9096
f 9094 9096 9086
f 9103 9101 9096
f 9101 9095 9096
f 9101 9071 9068
f 9101 9068 9095
f 9071 9072 9068
f 9072 9076 9068
f 9072 9073 9075
f 9072 9075 9076
f 9073 9057 9075
f 9057 9066 9075
f 9057 9061 9064
f 9057 9064 9066
f 9061 9067 9064
f 9067 9065 9064
f 9067 8925 9487
f 9067 9487 9065
f 8925 8924 9487
f 8924 9483 9487
f 8924 8931 9484
f 8924 9484 9483
f 8931 8947 9484
f 8947 9895 9484
f 8947 8937 9894
f 8947 9894 9895
f 8937 8942 9894
f 8942 9900 9894
f 8942 8945 9897
f 8942 9897 9900
f 8945 8946 9897
f 8946 9896 9897
f 8946 9036 9869
f 8946 9869 9896
f 9036 9024 9869
f 9024 9868 9869
f 9024 9048 9859
f 9024 9859 9868
f 9048 9047 9859
f 9047 9863 9859
f 9047 9050 9862
f 9047 9862 9863
f 9050 9051 9862
f 9051 9861 9862
f 9051 9038 9860
f 9051 9860 9861
f 5431 5444 5417
f 5444 5424 5417
f 5444 5443 5439
f 5444 5439 5424
f 5443 5442 5439
f 5442 5441 5439
f 5442 5379 5383
f 5442 5383 5441
f 5379 5382 5383
f 5382 5378 5383
f 5382 5381 5386
f 5382 5386 5378
f 5381 5393 5386
f 5393 5385 5386
f 5393 5394 5390
f 5393 5390 5385
f 5394 5516 5390
f 5516 5507 5390
f 5516 5518 5511
f 5516 5511 5507
f 5518 5506 5511
f 5506 5512 5511
f 5506 5502 5517
f 5506 5517 5512
f 5502 5501 5517
f 5501 5475 5517
f 5501 5500 5480
f 5501 5480 5475
f 5500 5499 5480
f 5499 5483 5480
f 5499 5492 5488
f 5499 5488 5483
f 5492 5462 5488
f 5462 5454 5488
f 5462 5467 5451
f 5462 5451 5454
f 5467 5468 5451
f 5468 5459 5451
f 5468 5474 5453
f 5468 5453 5459
f 5474 5461 5453
f 5461 5447 5453
f 5461 5931 5954
f 5461 5954 5447
f 5931 5935 5954
f 5935 5953 5954
f 5935 5933 5957
f 5935 5957 5953
f 5933 5934 5957
f 5934 5956 5957
f 5934 5946 5948
f 5934 5948 5956
f 5946 5950 5948
f 5950 5937 5948
f 5950 5938 5939
f 5950 5939 5937
f 5938 6057 5939
f 6057 6045 5939
f 6057 6058 6043
f 6057 6043 6045
f 6058 6063 6043
f 6063 6044 6043
f 6063 6060 6062
f 6063 6062 6044
f 6060 6061 6062
f 6061 6034 6062
f 6061 7129 6033
f 6061 6033 6034
f 7129 7135 6033
f 7135 7130 6033
f 7135 7133 7136
f 7135 7136 7130
f 7133 7120 7136
f 7120 7109 7136
f 7120 7108 7114
f 7120 7114 7109
f 7108 7110 7114
f 7110 7117 7114
f 7110 7156 7159
f 7110 7159 7117
f 7156 7158 7159
f 7158 7157 7159
f 7158 7164 7163
f 7158 7163 7157
f 7164 7162 7163
f 7162 7160 7163
f 7162 7154 7155
f 7162 7155 7160
f 7154 7148 7155
f 7148 7152 7155
f 7148 7147 7150
f 7148 7150 7152
f 7147 7142 7150
f 7142 7140 7150
f 7142 8219 7575
f 7142 7575 7140
f 8219 8218 7575
f 8218 7579 7575
f 8218 8217 8229
f 8218 8229 7579
f 8217 8226 8229
f 8226 8227 8229
f 8226 8216 8225
f 8226 8225 8227
f 8216 8228 8225
f 8228 8224 8225
f 8228 8198 8192
f 8228 8192 8224
f 8198 8194 8192
f 8194 8193 8192
f 8194 8200 8189
f 8194 8189 8193
f 8200 8197 8189
f 8197 8195 8189
f 8197 8190 8191
f 8197 8191 8195
f 8190 8196 8191
f 8196 8188 8191
f 8196 8272 7848
f 8196 7848 8188
f 8272 8260 7848
f 8260 7853 7848
f 8260 8273 7843
f 8260 7843 7853
f 8273 8275 7843
f 8275 7854 7843
f 8275 8288 7834
f 8275 7834 7854
f 8288 7836 7834
f 7836 7840 7834
f 7836 8341 7839
f 7836 7839 7840
f 8341 8340 7839
f 8340 7873 7839
f 8340 8351 7885
f 8340 7885 7873
f 8351 8355 7885
f 8355 7874 7885
f 8355 8356 7889
f 8355 7889 7874
f 8356 8357 7889
f 8357 7890 7889
f 8357 8359 7893
f 8357 7893 7890
f 8359 9089 7893
f 9089 7901 7893
f 9089 9093 9088
f 9089 9088 7901
f 9093 9090 9088
f 9090 9087 9088
f 9090 9086 9085
f 9090 9085 9087
f 9086 9096 9085
f 9096 9084 9085
f 9096 9095 9091
f 9096 9091 9084
f 9095 9068 9091
f 9068 9074 9091
f 9068 9076 9080
f 9068 9080 9074
f 9076 9075 9080
f 9075 9078 9080
f 9075 9066 9509
f 9075 9509 9078
f 9066 9064 9509
f 9064 9518 9509
f 9064 9065 9473
f 9064 9473 9518
f 9065 9487 9473
f 9487 9474 9473
f 9487 9483 9485
f 9487 9485 9474
f 9483 9484 9485
f 9484 9477 9485
f 9484 9895 9901
f 9484 9901 9477
f 9895 9894 9901
f 9894 9905 9901
f 9894 9900 9906
f 9894 9906 9905
f 9900 9897 9906
f 9897 9898 9906
f 9897 9896 9903
f 9897 9903 9898
f 9896 9869 9903
f 9869 9870 9903
f 9869 9868 9878
f 9869 9878 9870
f 9868 9859 9878
f 9859 9853 9878
f 9859 9863 9855
f 9859 9855 9853
f 9863 9862 9855
f 9862 9849 9855
f 9862 9861 9852
f 9862 9852 9849
f 9861 9860 9852
f 9860 9858 9852
f 5417 5424 5419
f 5417 5419 5420
f 5424 5439 5419
f 5439 5418 5419
f 5439 5441 5430
f 5439 5430 5418
f 5441 5383 5430
f 5383 5400 5430
f 5383 5378 5401
f 5383 5401 5400
f 5378 5386 5401
f 5386 5399 5401
f 5386 5385 5398
f 5386 5398 5399
f 5385 5390 5398
f 5390 5387 5398
f 5390 5507 5391
f 5390 5391 5387
f 5507 5511 5391
f 5511 5392 5391
f 5511 5512 5508
f 5511 5508 5392
f 5512 5517 5508
f 5517 5504 5508
f 5517 5475 5482
f 5517 5482 5504
f 5475 5480 5482
f 5480 5486 5482
f 5480 5483 5481
f 5480 5481 5486
f 5483 5488 5481
f 5488 5485 5481
f 5488 5454 5457
f 5488 5457 5485
f 5454 5451 5457
f 5451 5456 5457
f 5451 5459 5455
f 5451 5455 5456
f 5459 5453 5455
f 5453 5449 5455
f 5453 5447 5450
f 5453 5450 5449
f 5447 5954 5450
f 5954 5966 5450
f 5954 5953 5952
f 5954 5952 5966
f 5953 5957 5952
f 5957 5961 5952
f 5957 5956 5960
f 5957 5960 5961
f 5956 5948 5960
f 5948 5940 5960
f 5948 5937 5951
f 5948 5951 5940
f 5937 5939 5951
f 5939 6047 5951
f 5939 6045 6051
f 5939 6051 6047
f 6045 6043 6051
f 6043 6053 6051
f 6043 6044 6050
f 6043 6050 6053
f 6044 6062 6050
f 6062 6040 6050
f 6062 6034 6028
f 6062 6028 6040
f 6034 6033 6028
f 6033 6031 6028
f 6033 7130 6032
f 6033 6032 6031
f 7130 7136 6032
f 7136 5749 6032
f 7136 7109 5748
f 7136 5748 5749
f 7109 7114 5748
f 7114 5753 5748
f 7114 7117 5734
f 7114 5734 5753
f 7117 7159 5734
f 7159 5736 5734
f 7159 7157 5737
f 7159 5737 5736
f 7157 7163 5737
f 7163 5738 5737
f 7163 7160 5729
f 7163 5729 5738
f 7160 7155 5729
f 7155 5705 5729
f 7155 7152 5702
f 7155 5702 5705
f 7152 7150 5702
f 7150 5703 5702
f 7150 7140 5698
f 7150 5698 5703
f 7140 7575 5698
f 7575 7577 5698
f 7575 7579 7576
f 7575 7576 7577
f 7579 8229 7576
f 8229 7582 7576
f 8229 8227 7593
f 8229 7593 7582
f 8227 8225 7593
f 8225 7595 7593
f 8225 8224 7594
f 8225 7594 7595
f 8224 8192 7594
f 8192 7512 7594
f 8192 8193 7500
f 8192 7500 7512
f 8193 8189 7500
f 8189 7507 7500
f 8189 8195 7520
f 8189 7520 7507
f 8195 8191 7520
f 8191 7513 7520
f 8191 8188 7517
f 8191 7517 7513
f 8188 7848 7517
f 7848 7852 7517
f 7848 7853 7856
f 7848 7856 7852
f 7853 7843 7856
f 7843 7855 7856
f 7843 7854 7850
f 7843 7850 7855
f 7854 7834 7850
f 7834 7837 7850
f 7834 7840 7835
f 7834 7835 7837
f 7840 7839 7835
f 7839 7838 7835
f 7839 7873 7886
f 7839 7886 7838
f 7873 7885 7886
f 7885 7880 7886
f 7885 7874 7887
f 7885 7887 7880
f 7874 7889 7887
f 7889 7895 7887
f 7889 7890 7897
f 7889 7897 7895
f 7890 7893 7897
f 7893 7900 7897
f 7893 7901 7892
f 7893 7892 7900
f 7901 9088 7892
f 9088 9372 7892
f 9088 9087 9380
f 9088 9380 9372
f 9087 9085 9380
f 9085 9379 9380
f 9085 9084 9389
f 9085 9389 9379
f 9084 9091 9389
f 9091 9388 9389
f 9091 9074 9396
f 9091 9396 9388
f 9074 9080 9396
f 9080 9385 9396
f 9080 9078 9506
f 9080 9506 9385
f 9078 9509 9506
f 9509 9511 9506
f 9509 9518 9508
f 9509 9508 9511
f 9518 9473 9508
f 9473 9512 9508
f 9473 9474 9476
f 9473 9476 9512
f 9474 9485 9476
f 9485 9475 9476
f 9485 9477 9486
f 9485 9486 9475
f 9477 9901 9486
f 9901 9902 9486
f 9901 9905 9904
f 9901 9904 9902
f 9905 9906 9904
f 9906 9899 9904
f 9906 9898 9907
f 9906 9907 9899
f 9898 9903 9907
f 9903 9908 9907
f 9903 9870 9873
f 9903 9873 9908
f 9870 9878 9873
f 9878 9864 9873
f 9878 9853 9856
f 9878 9856 9864
f 9853 9855 9856
f 9855 9854 9856
f 9855 9849 9857
f 9855 9857 9854
f 9849 9852 9857
f 9852 9850 9857
f 9852 9858 9851
f 9852 9851 9850
f 5420 5419 5426
f 5419 5428 5426
f 5419 5418 5416
f 5419 5416 5428
f 5418 5430 5416
f 5430 5402 5416
f 5430 5400 5406
f 5430 5406 5402
f 5400 5401 5406
f 5401 5411 5406
f 5401 5399 5410
f 5401 5410 5411
f 5399 5398 5410
f 5398 5409 5410
f 5398 5387 5389
f 5398 5389 5409
f 5387 5391 5389
f 5391 5396 5389
f 5391 5392 5397
f 5391 5397 5396
f 5392 5508 5397
f 5508 5484 5397
f 5508 5504 5478
f 5508 5478 5484
f 5504 5482 5478
f 5482 5479 5478
f 5482 5486 5487
f 5482 5487 5479
f 5486 5481 5487
f 5481 5476 5487
f 5481 5485 5477
f 5481 5477 5476
f 5485 5457 5477
f 5457 5458 5477
f 5457 5456 5452
f 5457 5452 5458
f 5456 5455 5452
f 5455 5448 5452
f 5455 5449 5445
f 5455 5445 5448
f 5449 5450 5445
f 5450 5446 5445
f 5450 5966 5964
f 5450 5964 5446
f 5966 5952 5964
f 5952 5963 5964
f 5952 5961 5955
f 5952 5955 5963
f 5961 5960 5955
f 5960 5958 5955
f 5960 5940 5980
f 5960 5980 5958
f 5940 5951 5980
f 5951 5976 5980
f 5951 6047 6052
f 5951 6052 5976
f 6047 6051 6052
f 6051 6046 6052
f 6051 6053 6056
f 6051 6056 6046
f 6053 6050 6056
f 6050 6042 6056
f 6050 6040 6027
f 6050 6027 6042
f 6040 6028 6027
f 6028 6029 6027
f 6028 6031 6036
f 6028 6036 6029
f 6031 6032 6036
f 6032 6039 6036
f 6032 5749 5746
f 6032 5746 6039
f 5749 5748 5746
f 5748 5744 5746
f 5748 5753 5742
f 5748 5742 5744
f 5753 5734 5742
f 5734 5732 5742
f 5734 5736 5733
f 5734 5733 5732
f 5736 5737 5733
f 5737 5731 5733
f 5737 5738 5740
f 5737 5740 5731
f 5738 5729 5740
f 5729 5727 5740
f 5729 5705 5699
f 5729 5699 5727
f 5705 5702 5699
f 5702 5704 5699
f 5702 5703 5709
f 5702 5709 5704
f 5703 5698 5709
f 5698 5707 5709
f 5698 7577 7580
f 5698 7580 5707
f 7577 7576 7580
f 7576 7583 7580
f 7576 7582 7587
f 7576 7587 7583
f 7582 7593 7587
f 7593 7588 7587
f 7593 7595 7591
f 7593 7591 7588
f 7595 7594 7591
f 7594 7590 7591
f 7594 7512 7508
f 7594 7508 7590
f 7512 7500 7508
f 7500 7506 7508
f 7500 7507 7502
f 7500 7502 7506
f 7507 7520 7502
f 7520 7515 7502
f 7520 7513 7521
f 7520 7521 7515
f 7513 7517 7521
f 7517 7514 7521
f 7517 7852 7844
f 7517 7844 7514
f 7852 7856 7844
f 7856 7847 7844
f 7856 7855 7849
f 7856 7849 7847
f 7855 7850 7849
f 7850 7842 7849
f 7850 7837 7829
f 7850 7829 7842
f 7837 7835 7829
f 7835 7830 7829
f 7835 7838 7833
f 7835 7833 7830
f 7838 7886 7833
f 7886 7882 7833
f 7886 7880 7881
f 7886 7881 7882
f 7880 7887 7881
f 7887 7875 7881
f 7887 7895 7891
f 7887 7891 7875
f 7895 7897 7891
f 7897 7888 7891
f 7897 7900 7894
f 7897 7894 7888
f 7900 7892 7894
f 7892 7898 7894
f 7892 9372 9371
f 7892 9371 7898
f 9372 9380 9371
f 9380 9375 9371
f 9380 9379 9382
f 9380 9382 9375
f 9379 9389 9382
f 9389 9397 9382
f 9389 9388 9393
f 9389 9393 9397
f 9388 9396 9393
f 9396 9390 9393
f 9396 9385 9392
f 9396 9392 9390
f 9385 9506 9392
f 9506 9516 9392
f 9506 9511 9517
f 9506 9517 9516
f 9511 9508 9517
f 9508 9514 9517
f 9508 9512 9505
f 9508 9505 9514
f 9512 9476 9505
f 9476 9478 9505
f 9476 9475 9482
f 9476 9482 9478
f 9475 9486 9482
f 9486 9481 9482
f 9486 9902 9889
f 9486 9889 9481
f 9902 9904 9889
f 9904 9881 9889
f 9904 9899 9891
f 9904 9891 9881
f 9899 9907 9891
f 9907 9882 9891
f 9907 9908 9867
f 9907 9867 9882
f 9908 9873 9867
f 9873 9866 9867
f 9873 9864 9872
f 9873 9872 9866
f 9864 9856 9872
f 9856 9843 9872
f 9856 9854 9844
f 9856 9844 9843
f 9854 9857 9844
f 9857 9847 9844
f 9857 9850 9845
f 9857 9845 9847
f 9850 9851 9845
f 9851 9846 9845
f 5426 5428 5429
f 5426 5429 5425
f 5428 5416 5429
f 5416 5421 5429
f 5416 5402 5412
f 5416 5412 5421
f 5402 5406 5412
f 5406 5415 5412
f 5406 5411 5413
f 5406 5413 5415
f 5411 5410 5413
f 5410 5404 5413
f 5410 5409 5407
f 5410 5407 5404
f 5409 5389 5407
f 5389 5388 5407
f 5389 5396 5395
f 5389 5395 5388
f 5396 5397 5395
f 5397 5584 5395
f 5397 5484 5585
f 5397 5585 5584
f 5484 5478 5585
f 5478 5581 5585
f 5478 5479 5573
f 5478 5573 5581
f 5479 5487 5573
f 5487 5571 5573
f 5487 5476 5576
f 5487 5576 5571
f 5476 5477 5576
f 5477 5563 5576
f 5477 5458 5528
f 5477 5528 5563
f 5458 5452 5528
f 5452 5532 5528
f 5452 5448 5526
f 5452 5526 5532
f 5448 5445 5526
f 5445 5527 5526
f 5445 5446 5522
f 5445 5522 5527
f 5446 5964 5522
f 5964 5965 5522
f 5964 5963 5962
f 5964 5962 5965
f 5963 5955 5962
f 5955 5959 5962
f 5955 5958 5967
f 5955 5967 5959
f 5958 5980 5967
f 5980 5979 5967
f 5980 5976 5977
f 5980 5977 5979
f 5976 6052 5977
f 6052 6048 5977
f 6052 6046 6049
f 6052 6049 6048
f 6046 6056 6049
f 6056 6054 6049
f 6056 6042 6055
f 6056 6055 6054
f 6042 6027 6055
f 6027 6041 6055
f 6027 6029 6035
f 6027 6035 6041
f 6029 6036 6035
f 6036 6037 6035
f 6036 6039 6038
f 6036 6038 6037
f 6039 5746 6038
f 5746 5750 6038
f 5746 5744 5747
f 5746 5747 5750
f 5744 5742 5747
f 5742 5754 5747
f 5742 5732 5743
f 5742 5743 5754
f 5732 5733 5743
f 5733 5735 5743
f 5733 5731 5730
f 5733 5730 5735
f 5731 5740 5730
f 5740 5728 5730
f 5740 5727 5739
f 5740 5739 5728
f 5727 5699 5739
f 5699 5697 5739
f 5699 5704 5706
f 5699 5706 5697
f 5704 5709 5706
f 5709 5700 5706
f 5709 5707 5701
f 5709 5701 5700
f 5707 7580 5701
f 7580 7578 5701
f 7580 7583 7585
f 7580 7585 7578
f 7583 7587 7585
f 7587 7586 7585
f 7587 7588 7598
f 7587 7598 7586
f 7588 7591 7598
f 7591 7599 7598
f 7591 7590 7589
f 7591 7589 7599
f 7590 7508 7589
f 7508 7511 7589
f 7508 7506 7509
f 7508 7509 7511
f 7506 7502 7509
f 7502 7501 7509
f 7502 7515 7516
f 7502 7516 7501
f 7515 7521 7516
f 7521 7524 7516
f 7521 7514 7519
f 7521 7519 7524
f 7514 7844 7519
f 7844 7851 7519
f 7844 7847 7845
f 7844 7845 7851
f 7847 7849 7845
f 7849 7846 7845
f 7849 7842 7868
f 7849 7868 7846
f 7842 7829 7868
f 7829 7827 7868
f 7829 7830 7828
f 7829 7828 7827
f 7830 7833 7828
f 7833 7831 7828
f 7833 7882 7877
f 7833 7877 7831
f 7882 7881 7877
f 7881 7878 7877
f 7881 7875 7879
f 7881 7879 7878
f 7875 7891 7879
f 7891 7902 7879
f 7891 7888 7896
f 7891 7896 7902
f 7888 7894 7896
f 7894 7899 7896
f 7894 7898 9373
f 7894 9373 7899
f 7898 9371 9373
f 9371 9370 9373
f 9371 9375 9376
f 9371 9376 9370
f 9375 9382 9376
f 9382 9369 9376
f 9382 9397 9381
f 9382 9381 9369
f 9397 9393 9381
f 9393 9394 9381
f 9393 9390 9391
f 9393 9391 9394
f 9390 9392 9391
f 9392 9386 9391
f 9392 9516 9510
f 9392 9510 9386
f 9516 9517 9510
f 9517 9504 9510
f 9517 9514 9515
f 9517 9515 9504
f 9514 9505 9515
f 9505 9492 9515
f 9505 9478 9494
f 9505 9494 9492
f 9478 9482 9494
f 9482 9479 9494
f 9482 9481 9480
f 9482 9480 9479
f 9481 9889 9480
f 9889 9884 9480
f 9889 9881 9893
f 9889 9893 9884
f 9881 9891 9893
f 9891 9880 9893
f 9891 9882 9879
f 9891 9879 9880
f 9882 9867 9879
f 9867 9865 9879
f 9867 9866 9875
f 9867 9875 9865
f 9866 9872 9875
f 9872 9876 9875
f 9872 9843 9842
f 9872 9842 9876
f 9843 9844 9842
f 9844 9840 9842
f 9844 9847 9835
f 9844 9835 9840
f 9847 9845 9835
f 9845 9848 9835
f 9845 9846 9834
f 9845 9834 9848
f 5425 5429 5422
f 5429 5427 5422
f 5429 5421 5423
f 5429 5423 5427
f 5421 5412 5423
f 5412 5403 5423
f 5412 5415 5405
f 5412 5405 5403
f 5415 5413 5405
f 5413 5408 5405
f 5413 5404 5414
f 5413 5414 5408
f 5404 5407 5414
f 5407 5301 5414
f 5407 5388 5297
f 5407 5297 5301
f 5388 5395 5297
f 5395 5302 5297
f 5395 5584 5580
f 5395 5580 5302
f 5584 5585 5580
f 5585 5587 5580
f 5585 5581 5579
f 5585 5579 5587
f 5581 5573 5579
f 5573 5572 5579
f 5573 5571 5568
f 5573 5568 5572
f 5571 5576 5568
f 5576 5577 5568
f 5576 5563 5564
f 5576 5564 5577
f 5563 5528 5564
f 5528 5533 5564
f 5528 5532 5525
f 5528 5525 5533
f 5532 5526 5525
f 5526 5524 5525
f 5526 5527 5523
f 5526 5523 5524
f 5527 5522 5523
f 5522 5519 5523
f 5522 5965 5531
f 5522 5531 5519
f 5965 5962 5531
f 5962 5970 5531
f 5962 5959 5968
f 5962 5968 5970
f 5959 5967 5968
f 5967 5971 5968
f 5967 5979 5973
f 5967 5973 5971
f 5979 5977 5973
f 5977 5974 5973
f 5977 6048 6013
f 5977 6013 5974
f 6048 6049 6013
f 6049 6018 6013
f 6049 6054 6023
f 6049 6023 6018
f 6054 6055 6023
f 6055 6009 6023
f 6055 6041 5997
f 6055 5997 6009
f 6041 6035 5997
f 6035 6006 5997
f 6035 6037 6030
f 6035 6030 6006
f 6037 6038 6030
f 6038 5650 6030
f 6038 5750 5651
f 6038 5651 5650
f 5750 5747 5651
f 5747 5745 5651
f 5747 5754 5741
f 5747 5741 5745
f 5754 5743 5741
f 5743 5755 5741
f 5743 5735 5717
f 5743 5717 5755
f 5735 5730 5717
f 5730 5726 5717
f 5730 5728 5712
f 5730 5712 5726
f 5728 5739 5712
f 5739 5713 5712
f 5739 5697 5693
f 5739 5693 5713
f 5697 5706 5693
f 5706 5685 5693
f 5706 5700 5710
f 5706 5710 5685
f 5700 5701 5710
f 5701 5708 5710
f 5701 7578 7584
f 5701 7584 5708
f 7578 7585 7584
f 7585 7574 7584
f 7585 7586 7581
f 7585 7581 7574
f 7586 7598 7581
f 7598 7597 7581
f 7598 7599 7596
f 7598 7596 7597
f 7599 7589 7596
f 7589 7592 7596
f 7589 7511 7498
f 7589 7498 7592
f 7511 7509 7498
f 7509 7510 7498
f 7509 7501 7499
f 7509 7499 7510
f 7501 7516 7499
f 7516 7525 7499
f 7516 7524 7527
f 7516 7527 7525
f 7524 7519 7527
f 7519 7522 7527
f 7519 7851 7857
f 7519 7857 7522
f 7851 7845 7857
f 7845 7862 7857
f 7845 7846 7864
f 7845 7864 7862
f 7846 7868 7864
f 7868 7860 7864
f 7868 7827 7859
f 7868 7859 7860
f 7827 7828 7859
f 7828 7841 7859
f 7828 7831 7832
f 7828 7832 7841
f 7831 7877 7832
f 7877 7883 7832
f 7877 7878 7884
f 7877 7884 7883
f 7878 7879 7884
f 7879 7876 7884
f 7879 7902 7926
f 7879 7926 7876
f 7902 7896 7926
f 7896 7924 7926
f 7896 7899 7929
f 7896 7929 7924
f 7899 9373 7929
f 9373 7927 7929
f 9373 9370 9374
f 9373 9374 7927
f 9370 9376 9374
f 9376 9378 9374
f 9376 9369 9377
f 9376 9377 9378
f 9369 9381 9377
f 9381 9383 9377
f 9381 9394 9395
f 9381 9395 9383
f 9394 9391 9395
f 9391 9387 9395
f 9391 9386 9384
f 9391 9384 9387
f 9386 9510 9384
f 9510 9507 9384
f 9510 9504 9513
f 9510 9513 9507
f 9504 9515 9513
f 9515 9491 9513
f 9515 9492 9490
f 9515 9490 9491
f 9492 9494 9490
f 9494 9495 9490
f 9494 9479 9502
f 9494 9502 9495
f 9479 9480 9502
f 9480 9488 9502
f 9480 9884 9890
f 9480 9890 9488
f 9884 9893 9890
f 9893 9892 9890
f 9893 9880 9886
f 9893 9886 9892
f 9880 9879 9886
f 9879 9887 9886
f 9879 9865 9877
f 9879 9877 9887
f 9865 9875 9877
f 9875 9871 9877
f 9875 9876 9874
f 9875 9874 9871
f 9876 9842 9874
f 9842 9841 9874
f 9842 9840 9838
f 9842 9838 9841
f 9840 9835 9838
f 9835 9839 9838
f 9835 9848 9837
f 9835 9837 9839
f 9848 9834 9837
f 9834 9836 9837
f 5422 5427 5351
f 5422 5351 5341
f 5427 5423 5351
f 5423 5345 5351
f 5423 5403 5359
f 5423 5359 5345
f 5403 5405 5359
f 5405 5355 5359
f 5405 5408 5364
f 5405 5364 5355
f 5408 5414 5364
f 5414 5358 5364
f 5414 5301 5309
f 5414 5309 5358
f 5301 5297 5309
f 5297 5306 5309
f 5297 5302 5300
f 5297 5300 5306
f 5302 5580 5300
f 5580 5589 5300
f 5580 5587 5578
f 5580 5578 5589
f 5587 5579 5578
f 5579 5582 5578
f 5579 5572 5574
f 5579 5574 5582
f 5572 5568 5574
f 5568 5575 5574
f 5568 5577 5567
f 5568 5567 5575
f 5577 5564 5567
f 5564 5566 5567
f 5564 5533 5558
f 5564 5558 5566
f 5533 5525 5558
f 5525 5553 5558
f 5525 5524 5530
f 5525 5530 5553
f 5524 5523 5530
f 5523 5529 5530
f 5523 5519 5520
f 5523 5520 5529
f 5519 5531 5520
f 5531 5521 5520
f 5531 5970 5975
f 5531 5975 5521
f 5970 5968 5975
f 5968 5972 5975
f 5968 5971 5981
f 5968 5981 5972
f 5971 5973 5981
f 5973 5969 5981
f 5973 5974 5978
f 5973 5978 5969
f 5974 6013 5978
f 6013 6025 5978
f 6013 6018 6014
f 6013 6014 6025
f 6018 6023 6014
f 6023 6016 6014
f 6023 6009 5999
f 6023 5999 6016
f 6009 5997 5999
f 5997 6000 5999
f 5997 6006 6010
f 5997 6010 6000
f 6006 6030 6010
f 6030 5646 6010
f 6030 5650 5640
f 6030 5640 5646
f 5650 5651 5640
f 5651 5639 5640
f 5651 5745 5638
f 5651 5638 5639
f 5745 5741 5638
f 5741 5751 5638
f 5741 5755 5752
f 5741 5752 5751
f 5755 5717 5752
f 5717 5722 5752
f 5717 5726 5725
f 5717 5725 5722
f 5726 5712 5725
f 5712 5723 5725
f 5712 5713 5711
f 5712 5711 5723
f 5713 5693 5711
f 5693 5687 5711
f 5693 5685 5691
f 5693 5691 5687
f 5685 5710 5691
f 5710 5686 5691
f 5710 5708 5688
f 5710 5688 5686
f 5708 7584 5688
f 7584 7603 5688
f 7584 7574 7607
f 7584 7607 7603
f 7574 7581 7607
f 7581 7605 7607
f 7581 7597 7610
f 7581 7610 7605
f 7597 7596 7610
f 7596 7602 7610
f 7596 7592 7601
f 7596 7601 7602
f 7592 7498 7601
f 7498 7503 7601
f 7498 7510 7504
f 7498 7504 7503
f 7510 7499 7504
f 7499 7505 7504
f 7499 7525 7526
f 7499 7526 7505
f 7525 7527 7526
f 7527 7523 7526
f 7527 7522 7518
f 7527 7518 7523
f 7522 7857 7518
f 7857 7871 7518
f 7857 7862 7870
f 7857 7870 7871
f 7862 7864 7870
f 7864 7865 7870
f 7864 7860 7858
f 7864 7858 7865
f 7860 7859 7858
f 7859 7863 7858
f 7859 7841 7867
f 7859 7867 7863
f 7841 7832 7867
f 7832 7944 7867
f 7832 7883 7945
f 7832 7945 7944
f 7883 7884 7945
f 7884 7943 7945
f 7884 7876 7942
f 7884 7942 7943
f 7876 7926 7942
f 7926 7923 7942
f 7926 7924 7925
f 7926 7925 7923
f 7924 7929 7925
f 7929 7930 7925
f 7929 7927 7920
f 7929 7920 7930
f 7927 9374 7920
f 9374 9427 7920
f 9374 9378 9434
f 9374 9434 9427
f 9378 9377 9434
f 9377 9436 9434
f 9377 9383 9437
f 9377 9437 9436
f 9383 9395 9437
f 9395 9406 9437
f 9395 9387 9407
f 9395 9407 9406
f 9387 9384 9407
f 9384 9405 9407
f 9384 9507 9469
f 9384 9469 9405
f 9507 9513 9469
f 9513 9470 9469
f 9513 9491 9499
f 9513 9499 9470
f 9491 9490 9499
f 9490 9497 9499
f 9490 9495 9498
f 9490 9498 9497
f 9495 9502 9498
f 9502 9501 9498
f 9502 9488 9503
f 9502 9503 9501
f 9488 9890 9503
f 9890 9885 9503
f 9890 9892 9883
f 9890 9883 9885
f 9892 9886 9883
f 9886 9888 9883
f 9886 9887 9966
f 9886 9966 9888
f 9887 9877 9966
f 9877 9958 9966
f 9877 9871 9952
f 9877 9952 9958
f 9871 9874 9952
f 9874 9953 9952
f 9874 9841 9954
f 9874 9954 9953
f 9841 9838 9954
f 9838 9943 9954
f 9838 9839 9936
f 9838 9936 9943
f 9839 9837 9936
f 9837 9937 9936
f 9837 9836 9939
f 9837 9939 9937
f 5341 5351 5342
f 5351 5343 5342
f 5351 5345 5347
f 5351 5347 5343
f 5345 5359 5347
f 5359 5361 5347
f 5359 5355 5368
f 5359 5368 5361
f 5355 5364 5368
f 5364 5369 5368
f 5364 5358 5356
f 5364 5356 5369
f 5358 5309 5356
f 5309 5308 5356
f 5309 5306 5307
f 5309 5307 5308
f 5306 5300 5307
f 5300 5296 5307
f 5300 5589 5590
f 5300 5590 5296
f 5589 5578 5590
f 5578 5591 5590
f 5578 5582 5583
f 5578 5583 5591
f 5582 5574 5583
f 5574 5569 5583
f 5574 5575 5570
f 5574 5570 5569
f 5575 5567 5570
f 5567 5565 5570
f 5567 5566 5551
f 5567 5551 5565
f 5566 5558 5551
f 5558 5550 5551
f 5558 5553 5554
f 5558 5554 5550
f 5553 5530 5554
f 5530 5542 5554
f 5530 5529 5541
f 5530 5541 5542
f 5529 5520 5541
f 5520 5540 5541
f 5520 5521 5539
f 5520 5539 5540
f 5521 5975 5539
f 5975 5989 5539
f 5975 5972 5990
f 5975 5990 5989
f 5972 5981 5990
f 5981 5994 5990
f 5981 5969 5995
f 5981 5995 5994
f 5969 5978 5995
f 5978 5987 5995
f 5978 6025 6017
f 5978 6017 5987
f 6025 6014 6017
f 6014 6021 6017
f 6014 6016 6015
f 6014 6015 6021
f 6016 5999 6015
f 5999 6001 6015
f 5999 6000 6003
f 5999 6003 6001
f 6000 6010 6003
f 6010 6005 6003
f 6010 5646 5647
f 6010 5647 6005
f 5646 5640 5647
f 5640 5649 5647
f 5640 5639 5641
f 5640 5641 5649
f 5639 5638 5641
f 5638 5645 5641
f 5638 5751 5652
f 5638 5652 5645
f 5751 5752 5652
f 5752 5656 5652
f 5752 5722 5721
f 5752 5721 5656
f 5722 5725 5721
f 5725 5718 5721
f 5725 5723 5716
f 5725 5716 5718
f 5723 5711 5716
f 5711 5724 5716
f 5711 5687 5684
f 5711 5684 5724
f 5687 5691 5684
f 5691 5689 5684
f 5691 5686 5695
f 5691 5695 5689
f 5686 5688 5695
f 5688 5696 5695
f 5688 7603 7613
f 5688 7613 5696
f 7603 7607 7613
f 7607 7612 7613
f 7607 7605 7606
f 7607 7606 7612
f 7605 7610 7606
f 7610 7604 7606
f 7610 7602 7615
f 7610 7615 7604
f 7602 7601 7615
f 7601 7600 7615
f 7601 7503 7560
f 7601 7560 7600
f 7503 7504 7560
f 7504 7566 7560
f 7504 7505 7565
f 7504 7565 7566
f 7505 7526 7565
f 7526 7569 7565
f 7526 7523 7570
f 7526 7570 7569
f 7523 7518 7570
f 7518 7539 7570
f 7518 7871 7541
f 7518 7541 7539
f 7871 7870 7541
f 7870 7529 7541
f 7870 7865 7872
f 7870 7872 7529
f 7865 7858 7872
f 7858 7861 7872
f 7858 7863 7869
f 7858 7869 7861
f 7863 7867 7869
f 7867 7866 7869
f 7867 7944 7941
f 7867 7941 7866
f 7944 7945 7941
f 7945 7939 7941
f 7945 7943 7938
f 7945 7938 7939
f 7943 7942 7938
f 7942 7946 7938
f 7942 7923 7921
f 7942 7921 7946
f 7923 7925 7921
f 7925 7928 7921
f 7925 7930 7922
f 7925 7922 7928
f 7930 7920 7922
f 7920 7932 7922
f 7920 9427 9441
f 7920 9441 7932
f 9427 9434 9441
f 9434 9442 9441
f 9434 9436 9432
f 9434 9432 9442
f 9436 9437 9432
f 9437 9438 9432
f 9437 9406 9401
f 9437 9401 9438
f 9406 9407 9401
f 9407 9400 9401
f 9407 9405 9409
f 9407 9409 9400
f 9405 9469 9409
f 9469 9465 9409
f 9469 9470 9461
f 9469 9461 9465
f 9470 9499 9461
f 9499 9460 9461
f 9499 9497 9493
f 9499 9493 9460
f 9497 9498 9493
f 9498 9496 9493
f 9498 9501 9500
f 9498 9500 9496
f 9501 9503 9500
f 9503 9489 9500
f 9503 9885 9956
f 9503 9956 9489
f 9885 9883 9956
f 9883 9965 9956
f 9883 9888 9964
f 9883 9964 9965
f 9888 9966 9964
f 9966 9957 9964
f 9966 9958 9959
f 9966 9959 9957
f 9958 9952 9959
f 9952 9950 9959
f 9952 9953 9940
f 9952 9940 9950
f 9953 9954 9940
f 9954 9949 9940
f 9954 9943 9941
f 9954 9941 9949
f 9943 9936 9941
f 9936 9926 9941
f 9936 9937 9925
f 9936 9925 9926
f 9937 9939 9925
f 9939 9938 9925
f 5342 5343 5339
f 5342 5339 5340
f 5343 5347 5339
f 5347 5353 5339
f 5347 5361 5365
f 5347 5365 5353
f 5361 5368 5365
f 5368 5363 5365
f 5368 5369 5354
f 5368 5354 5363
f 5369 5356 5354
f 5356 5357 5354
f 5356 5308 5305
f 5356 5305 5357
f 5308 5307 5305
f 5307 5304 5305
f 5307 5296 5303
f 5307 5303 5304
f 5296 5590 5303
f 5590 5586 5303
f 5590 5591 5588
f 5590 5588 5586
f 5591 5583 5588
f 5583 5604 5588
f 5583 5569 5602
f 5583 5602 5604
f 5569 5570 5602
f 5570 5607 5602
f 5570 5565 5597
f 5570 5597 5607
f 5565 5551 5597
f 5551 5549 5597
f 5551 5550 5562
f 5551 5562 5549
f 5550 5554 5562
f 5554 5557 5562
f 5554 5542 5538
f 5554 5538 5557
f 5542 5541 5538
f 5541 5548 5538
f 5541 5540 5537
f 5541 5537 5548
f 5540 5539 5537
f 5539 5536 5537
f 5539 5989 5988
f 5539 5988 5536
f 5989 5990 5988
f 5990 5996 5988
f 5990 5994 5993
f 5990 5993 5996
f 5994 5995 5993
f 5995 5992 5993
f 5995 5987 5982
f 5995 5982 5992
f 5987 6017 5982
f 6017 6020 5982
f 6017 6021 6019
f 6017 6019 6020
f 6021 6015 6019
f 6015 6012 6019
f 6015 6001 6008
f 6015 6008 6012
f 6001 6003 6008
f 6003 6002 6008
f 6003 6005 6007
f 6003 6007 6002
f 6005 5647 6007
f 5647 5648 6007
f 5647 5649 5642
f 5647 5642 5648
f 5649 5641 5642
f 5641 5643 5642
f 5641 5645 5644
f 5641 5644 5643
f 5645 5652 5644
f 5652 5658 5644
f 5652 5656 5655
f 5652 5655 5658
f 5656 5721 5655
f 5721 5714 5655
f 5721 5718 5715
f 5721 5715 5714
f 5718 5716 5715
f 5716 5719 5715
f 5716 5724 5720
f 5716 5720 5719
f 5724 5684 5720
f 5684 5683 5720
f 5684 5689 5690
f 5684 5690 5683
f 5689 5695 5690
f 5695 5694 5690
f 5695 5696 5692
f 5695 5692 5694
f 5696 7613 5692
f 7613 7609 5692
f 7613 7612 7611
f 7613 7611 7609
f 7612 7606 7611
f 7606 7614 7611
f 7606 7604 7608
f 7606 7608 7614
f 7604 7615 7608
f 7615 7616 7608
f 7615 7600 7572
f 7615 7572 7616
f 7600 7560 7572
f 7560 7563 7572
f 7560 7566 7561
f 7560 7561 7563
f 7566 7565 7561
f 7565 7564 7561
f 7565 7569 7567
f 7565 7567 7564
f 7569 7570 7567
f 7570 7571 7567
f 7570 7539 7532
f 7570 7532 7571
f 7539 7541 7532
f 7541 7528 7532
f 7541 7529 7542
f 7541 7542 7528
f 7529 7872 7542
f 7872 7799 7542
f 7872 7861 7807
f 7872 7807 7799
f 7861 7869 7807
f 7869 7823 7807
f 7869 7866 7817
f 7869 7817 7823
f 7866 7941 7817
f 7941 7940 7817
f 7941 7939 7933
f 7941 7933 7940
f 7939 7938 7933
f 7938 7934 7933
f 7938 7946 7935
f 7938 7935 7934
f 7946 7921 7935
f 7921 7919 7935
f 7921 7928 7931
f 7921 7931 7919
f 7928 7922 7931
f 7922 7918 7931
f 7922 7932 7917
f 7922 7917 7918
f 7932 9441 7917
f 9441 9433 7917
f 9441 9442 9440
f 9441 9440 9433
f 9442 9432 9440
f 9432 9431 9440
f 9432 9438 9430
f 9432 9430 9431
f 9438 9401 9430
f 9401 9408 9430
f 9401 9400 9410
f 9401 9410 9408
f 9400 9409 9410
f 9409 9411 9410
f 9409 9465 9472
f 9409 9472 9411
f 9465 9461 9472
f 9461 9468 9472
f 9461 9460 9467
f 9461 9467 9468
f 9460 9493 9467
f 9493 9445 9467
f 9493 9496 9446
f 9493 9446 9445
f 9496 9500 9446
f 9500 9447 9446
f 9500 9489 9457
f 9500 9457 9447
f 9489 9956 9457
f 9956 9968 9457
f 9956 9965 9969
f 9956 9969 9968
f 9965 9964 9969
f 9964 9962 9969
f 9964 9957 9960
f 9964 9960 9962
f 9957 9959 9960
f 9959 9955 9960
f 9959 9950 9944
f 9959 9944 9955
f 9950 9940 9944
f 9940 9947 9944
f 9940 9949 9951
f 9940 9951 9947
f 9949 9941 9951
f 9941 9942 9951
f 9941 9926 9928
f 9941 9928 9942
f 9926 9925 9928
f 9925 9929 9928
f 9925 9938 9932
f 9925 9932 9929
f 5340 5339 5350
f 5339 5346 5350
f 5339 5353 5352
f 5339 5352 5346
f 5353 5365 5352
f 5365 5366 5352
f 5365 5363 5367
f 5365 5367 5366
f 5363 5354 5367
f 5354 5360 5367
f 5354 5357 5362
f 5354 5362 5360
f 5357 5305 5362
f 5305 5298 5362
f 5305 5304 5299
f 5305 5299 5298
f 5304 5303 5299
f 5303 5295 5299
f 5303 5586 5592
f 5303 5592 5295
f 5586 5588 5592
f 5588 5600 5592
f 5588 5604 5601
f 5588 5601 5600
f 5604 5602 5601
f 5602 5595 5601
f 5602 5607 5594
f 5602 5594 5595
f 5607 5597 5594
f 5597 5606 5594
f 5597 5549 5552
f 5597 5552 5606
f 5549 5562 5552
f 5562 5560 5552
f 5562 5557 5559
f 5562 5559 5560
f 5557 5538 5559
f 5538 5535 5559
f 5538 5548 5534
f 5538 5534 5535
f 5548 5537 5534
f 5537 5545 5534
f 5537 5536 5547
f 5537 5547 5545
f 5536 5988 5547
f 5988 5984 5547
f 5988 5996 5986
f 5988 5986 5984
f 5996 5993 5986
f 5993 5991 5986
f 5993 5992 5983
f 5993 5983 5991
f 5992 5982 5983
f 5982 5985 5983
f 5982 6020 6022
f 5982 6022 5985
f 6020 6019 6022
f 6019 6026 6022
f 6019 6012 6024
f 6019 6024 6026
f 6012 6008 6024
f 6008 6011 6024
f 6008 6002 5998
f 6008 5998 6011
f 6002 6007 5998
f 6007 6004 5998
f 6007 5648 5678
f 6007 5678 6004
f 5648 5642 5678
f 5642 5677 5678
f 5642 5643 5673
f 5642 5673 5677
f 5643 5644 5673
f 5644 5682 5673
f 5644 5658 5666
f 5644 5666 5682
f 5658 5655 5666
f 5655 5662 5666
f 5655 5714 5664
f 5655 5664 5662
f 5714 5715 5664
f 5715 5628 5664
f 5715 5719 5627
f 5715 5627 5628
f 5719 5720 5627
f 5720 5634 5627
f 5720 5683 5625
f 5720 5625 5634
f 5683 5690 5625
f 5690 5621 5625
f 5690 5694 5615
f 5690 5615 5621
f 5694 5692 5615
f 5692 5619 5615
f 5692 7609 7634
f 5692 7634 5619
f 7609 7611 7634
f 7611 7635 7634
f 7611 7614 7636
f 7611 7636 7635
f 7614 7608 7636
f 7608 7623 7636
f 7608 7616 7626
f 7608 7626 7623
f 7616 7572 7626
f 7572 7624 7626
f 7572 7563 7562
f 7572 7562 7624
f 7563 7561 7562
f 7561 7573 7562
f 7561 7564 7559
f 7561 7559 7573
f 7564 7567 7559
f 7567 7558 7559
f 7567 7571 7568
f 7567 7568 7558
f 7571 7532 7568
f 7532 7536 7568
f 7532 7528 7537
f 7532 7537 7536
f 7528 7542 7537
f 7542 7538 7537
f 7542 7799 7811
f 7542 7811 7538
f 7799 7807 7811
f 7807 7797 7811
f 7807 7823 7815
f 7807 7815 7797
f 7823 7817 7815
f 7817 7821 7815
f 7817 7940 7822
f 7817 7822 7821
f 7940 7933 7822
f 7933 7814 7822
f 7933 7934 7936
f 7933 7936 7814
f 7934 7935 7936
f 7935 7937 7936
f 7935 7919 7909
f 7935 7909 7937
f 7919 7931 7909
f 7931 7904 7909
f 7931 7918 7903
f 7931 7903 7904
f 7918 7917 7903
f 7917 7907 7903
f 7917 9433 9435
f 7917 9435 7907
f 9433 9440 9435
f 9440 9439 9435
f 9440 9431 9428
f 9440 9428 9439
f 9431 9430 9428
f 9430 9429 9428
f 9430 9408 9399
f 9430 9399 9429
f 9408 9410 9399
f 9410 9398 9399
f 9410 9411 9402
f 9410 9402 9398
f 9411 9472 9402
f 9472 9466 9402
f 9472 9468 9464
f 9472 9464 9466
f 9468 9467 9464
f 9467 9463 9464
f 9467 9445 9449
f 9467 9449 9463
f 9445 9446 9449
f 9446 9443 9449
f 9446 9447 9456
f 9446 9456 9443
f 9447 9457 9456
f 9457 9998 9456
f 9457 9968 9994
f 9457 9994 9998
f 9968 9969 9994
f 9969 9963 9994
f 9969 9962 9967
f 9969 9967 9963
f 9962 9960 9967
f 9960 9961 9967
f 9960 9955 9980
f 9960 9980 9961
f 9955 9944 9980
f 9944 9984 9980
f 9944 9947 9946
f 9944 9946 9984
f 9947 9951 9946
f 9951 9945 9946
f 9951 9942 9948
f 9951 9948 9945
f 9942 9928 9948
f 9928 9935 9948
f 9928 9929 9933
f 9928 9933 9935
f 9929 9932 9933
f 9932 9931 9933
f 5350 5346 5344
f 5350 5344 5348
f 5346 5352 5344
f 5352 5349 5344
f 5352 5366 5336
f 5352 5336 5349
f 5366 5367 5336
f 5367 5333 5336
f 5367 5360 5332
f 5367 5332 5333
f 5360 5362 5332
f 5362 5313 5332
f 5362 5298 5319
f 5362 5319 5313
f 5298 5299 5319
f 5299 5318 5319
f 5299 5295 5317
f 5299 5317 5318
f 5295 5592 5317
f 5592 5316 5317
f 5592 5600 5599
f 5592 5599 5316
f 5600 5601 5599
f 5601 5593 5599
f 5601 5595 5596
f 5601 5596 5593
f 5595 5594 5596
f 5594 5598 5596
f 5594 5606 5009
f 5594 5009 5598
f 5606 5552 5009
f 5552 5555 5009
f 5552 5560 5561
f 5552 5561 5555
f 5560 5559 5561
f 5559 5556 5561
f 5559 5535 5027
f 5559 5027 5556
f 5535 5534 5027
f 5534 5544 5027
f 5534 5545 5543
f 5534 5543 5544
f 5545 5547 5543
f 5547 5546 5543
f 5547 5984 6174
f 5547 6174 5546
f 5984 5986 6174
f 5986 6176 6174
f 5986 5991 6165
f 5986 6165 6176
f 5991 5983 6165
f 5983 6182 6165
f 5983 5985 6188
f 5983 6188 6182
f 5985 6022 6188
f 6022 6190 6188
f 6022 6026 6214
f 6022 6214 6190
f 6026 6024 6214
f 6024 6211 6214
f 6024 6011 6210
f 6024 6210 6211
f 6011 5998 6210
f 5998 6220 6210
f 5998 6004 6222
f 5998 6222 6220
f 6004 5678 6222
f 5678 5681 6222
f 5678 5677 5668
f 5678 5668 5681
f 5677 5673 5668
f 5673 5674 5668
f 5673 5682 5680
f 5673 5680 5674
f 5682 5666 5680
f 5666 5653 5680
f 5666 5662 5661
f 5666 5661 5653
f 5662 5664 5661
f 5664 5657 5661
f 5664 5628 5632
f 5664 5632 5657
f 5628 5627 5632
f 5627 5635 5632
f 5627 5634 5636
f 5627 5636 5635
f 5634 5625 5636
f 5625 5622 5636
f 5625 5621 5618
f 5625 5618 5622
f 5621 5615 5618
f 5615 5608 5618
f 5615 5619 5620
f 5615 5620 5608
f 5619 7634 5620
f 7634 7637 5620
f 7634 7635 7638
f 7634 7638 7637
f 7635 7636 7638
f 7636 7640 7638
f 7636 7623 7631
f 7636 7631 7640
f 7623 7626 7631
f 7626 7620 7631
f 7626 7624 7617
f 7626 7617 7620
f 7624 7562 7617
f 7562 7553 7617
f 7562 7573 7545
f 7562 7545 7553
f 7573 7559 7545
f 7559 7552 7545
f 7559 7558 7550
f 7559 7550 7552
f 7558 7568 7550
f 7568 7547 7550
f 7568 7536 7533
f 7568 7533 7547
f 7536 7537 7533
f 7537 7534 7533
f 7537 7538 7809
f 7537 7809 7534
f 7538 7811 7809
f 7811 7805 7809
f 7811 7797 7800
f 7811 7800 7805
f 7797 7815 7800
f 7815 7816 7800
f 7815 7821 7819
f 7815 7819 7816
f 7821 7822 7819
f 7822 7818 7819
f 7822 7814 7824
f 7822 7824 7818
f 7814 7936 7824
f 7936 7813 7824
f 7936 7937 7910
f 7936 7910 7813
f 7937 7909 7910
f 7909 7912 7910
f 7909 7904 7913
f 7909 7913 7912
f 7904 7903 7913
f 7903 7908 7913
f 7903 7907 7915
f 7903 7915 7908
f 7907 9435 7915
f 9435 9422 7915
f 9435 9439 9416
f 9435 9416 9422
f 9439 9428 9416
f 9428 9426 9416
f 9428 9429 9412
f 9428 9412 9426
f 9429 9399 9412
f 9399 9423 9412
f 9399 9398 9403
f 9399 9403 9423
f 9398 9402 9403
f 9402 9404 9403
f 9402 9466 9458
f 9402 9458 9404
f 9466 9464 9458
f 9464 9459 9458
f 9464 9463 9444
f 9464 9444 9459
f 9463 9449 9444
f 9449 9448 9444
f 9449 9443 9453
f 9449 9453 9448
f 9443 9456 9453
f 9456 9455 9453
f 9456 9998 9985
f 9456 9985 9455
f 9998 9994 9985
f 9994 9986 9985
f 9994 9963 9999
f 9994 9999 9986
f 9963 9967 9999
f 9967 9982 9999
f 9967 9961 9979
f 9967 9979 9982
f 9961 9980 9979
f 9980 9972 9979
f 9980 9984 9970
f 9980 9970 9972
f 9984 9946 9970
f 9946 9911 9970
f 9946 9945 9912
f 9946 9912 9911
f 9945 9948 9912
f 9948 9913 9912
f 9948 9935 9921
f 9948 9921 9913
f 9935 9933 9921
f 9933 9927 9921
f 9933 9931 9930
f 9933 9930 9927
f 5348 5344 5324
f 5344 5337 5324
f 5344 5349 5327
f 5344 5327 5337
f 5349 5336 5327
f 5336 5326 5327
f 5336 5333 5331
f 5336 5331 5326
f 5333 5332 5331
f 5332 5330 5331
f 5332 5313 5314
f 5332 5314 5330
f 5313 5319 5314
f 5319 5310 5314
f 5319 5318 5323
f 5319 5323 5310
f 5318 5317 5323
f 5317 5322 5323
f 5317 5316 5321
f 5317 5321 5322
f 5316 5599 5321
f 5599 5603 5321
f 5599 5593 5605
f 5599 5605 5603
f 5593 5596 5605
f 5596 5006 5605
f 5596 5598 4995
f 5596 4995 5006
f 5598 5009 4995
f 5009 4998 4995
f 5009 5555 4997
f 5009 4997 4998
f 5555 5561 4997
f 5561 5028 4997
f 5561 5556 5036
f 5561 5036 5028
f 5556 5027 5036
f 5027 5026 5036
f 5027 5544 5025
f 5027 5025 5026
f 5544 5543 5025
f 5543 5031 5025
f 5543 5546 5034
f 5543 5034 5031
f 5546 6174 5034
f 6174 6172 5034
f 6174 6176 6169
f 6174 6169 6172
f 6176 6165 6169
f 6165 6163 6169
f 6165 6182 6184
f 6165 6184 6163
f 6182 6188 6184
f 6188 6185 6184
f 6188 6190 6186
f 6188 6186 6185
f 6190 6214 6186
f 6214 6213 6186
f 6214 6211 6215
f 6214 6215 6213
f 6211 6210 6215
f 6210 6219 6215
f 6210 6220 6209
f 6210 6209 6219
f 6220 6222 6209
f 6222 6221 6209
f 6222 5681 5669
f 6222 5669 6221
f 5681 5668 5669
f 5668 5676 5669
f 5668 5674 5675
f 5668 5675 5676
f 5674 5680 5675
f 5680 5679 5675
f 5680 5653 5663
f 5680 5663 5679
f 5653 5661 5663
f 5661 5660 5663
f 5661 5657 5659
f 5661 5659 5660
f 5657 5632 5659
f 5632 5624 5659
f 5632 5635 5623
f 5632 5623 5624
f 5635 5636 5623
f 5636 5633 5623
f 5636 5622 5626
f 5636 5626 5633
f 5622 5618 5626
f 5618 5616 5626
f 5618 5608 5611
f 5618 5611 5616
f 5608 5620 5611
f 5620 5617 5611
f 5620 7637 7633
f 5620 7633 5617
f 7637 7638 7633
f 7638 7641 7633
f 7638 7640 7639
f 7638 7639 7641
f 7640 7631 7639
f 7631 7618 7639
f 7631 7620 7619
f 7631 7619 7618
f 7620 7617 7619
f 7617 7629 7619
f 7617 7553 7546
f 7617 7546 7629
f 7553 7545 7546
f 7545 7557 7546
f 7545 7552 7555
f 7545 7555 7557
f 7552 7550 7555
f 7550 7543 7555
f 7550 7547 7544
f 7550 7544 7543
f 7547 7533 7544
f 7533 7530 7544
f 7533 7534 7531
f 7533 7531 7530
f 7534 7809 7531
f 7809 7804 7531
f 7809 7805 7808
f 7809 7808 7804
f 7805 7800 7808
f 7800 7806 7808
f 7800 7816 7803
f 7800 7803 7806
f 7816 7819 7803
f 7819 7825 7803
f 7819 7818 7820
f 7819 7820 7825
f 7818 7824 7820
f 7824 7826 7820
f 7824 7813 7812
f 7824 7812 7826
f 7813 7910 7812
f 7910 7911 7812
f 7910 7912 7906
f 7910 7906 7911
f 7912 7913 7906
f 7913 7905 7906
f 7913 7908 7914
f 7913 7914 7905
f 7908 7915 7914
f 7915 7916 7914
f 7915 9422 9418
f 7915 9418 7916
f 9422 9416 9418
f 9416 9417 9418
f 9416 9426 9425
f 9416 9425 9417
f 9426 9412 9425
f 9412 9419 9425
f 9412 9423 9420
f 9412 9420 9419
f 9423 9403 9420
f 9403 9567 9420
f 9403 9404 9577
f 9403 9577 9567
f 9404 9458 9577
f 9458 9462 9577
f 9458 9459 9471
f 9458 9471 9462
f 9459 9444 9471
f 9444 9450 9471
f 9444 9448 9451
f 9444 9451 9450
f 9448 9453 9451
f 9453 9452 9451
f 9453 9455 9454
f 9453 9454 9452
f 9455 9985 9454
f 9985 9990 9454
f 9985 9986 9991
f 9985 9991 9990
f 9986 9999 9991
f 9999 10000 9991
f 9999 9982 9974
f 9999 9974 10000
f 9982 9979 9974
f 9979 9973 9974
f 9979 9972 9975
f 9979 9975 9973
f 9972 9970 9975
f 9970 9977 9975
f 9970 9911 9917
f 9970 9917 9977
f 9911 9912 9917
f 9912 9916 9917
f 9912 9913 9914
f 9912 9914 9916
f 9913 9921 9914
f 9921 9920 9914
f 9921 9927 9919
f 9921 9919 9920
f 9927 9930 9919
f 9930 9934 9919
f 5324 5337 5329
f 5324 5329 5335
f 5337 5327 5329
f 5327 5334 5329
f 5327 5326 5338
f 5327 5338 5334
f 5326 5331 5338
f 5331 5325 5338
f 5331 5330 5328
f 5331 5328 5325
f 5330 5314 5328
f 5314 5312 5328
f 5314 5310 5315
f 5314 5315 5312
f 5310 5323 5315
f 5323 5311 5315
f 5323 5322 5320
f 5323 5320 5311
f 5322 5321 5320
f 5321 5023 5320
f 5321 5603 5024
f 5321 5024 5023
f 5603 5605 5024
f 5605 5022 5024
f 5605 5006 5005
f 5605 5005 5022
f 5006 4995 5005
f 4995 5003 5005
f 4995 4998 5000
f 4995 5000 5003
f 4998 4997 5000
f 4997 4999 5000
f 4997 5028 5041
f 4997 5041 4999
f 5028 5036 5041
f 5036 5040 5041
f 5036 5026 5037
f 5036 5037 5040
f 5026 5025 5037
f 5025 5030 5037
f 5025 5031 5029
f 5025 5029 5030
f 5031 5034 5029
f 5034 5035 5029
f 5034 6172 6177
f 5034 6177 5035
f 6172 6169 6177
f 6169 6173 6177
f 6169 6163 6170
f 6169 6170 6173
f 6163 6184 6170
f 6184 6183 6170
f 6184 6185 6189
f 6184 6189 6183
f 6185 6186 6189
f 6186 6187 6189
f 6186 6213 6216
f 6186 6216 6187
f 6213 6215 6216
f 6215 6212 6216
f 6215 6219 6217
f 6215 6217 6212
f 6219 6209 6217
f 6209 6208 6217
f 6209 6221 6218
f 6209 6218 6208
f 6221 5669 6218
f 5669 5672 6218
f 5669 5676 5671
f 5669 5671 5672
f 5676 5675 5671
f 5675 5670 5671
f 5675 5679 5876
f 5675 5876 5670
f 5679 5663 5876
f 5663 5665 5876
f 5663 5660 5667
f 5663 5667 5665
f 5660 5659 5667
f 5659 5654 5667
f 5659 5624 5630
f 5659 5630 5654
f 5624 5623 5630
f 5623 5629 5630
f 5623 5633 5631
f 5623 5631 5629
f 5633 5626 5631
f 5626 5637 5631
f 5626 5616 5609
f 5626 5609 5637
f 5616 5611 5609
f 5611 5610 5609
f 5611 5617 5612
f 5611 5612 5610
f 5617 7633 5612
f 7633 7642 5612
f 7633 7641 7632
f 7633 7632 7642
f 7641 7639 7632
f 7639 7646 7632
f 7639 7618 7621
f 7639 7621 7646
f 7618 7619 7621
f 7619 7622 7621
f 7619 7629 7630
f 7619 7630 7622
f 7629 7546 7630
f 7546 7556 7630
f 7546 7557 7554
f 7546 7554 7556
f 7557 7555 7554
f 7555 7551 7554
f 7555 7543 7549
f 7555 7549 7551
f 7543 7544 7549
f 7544 7548 7549
f 7544 7530 7540
f 7544 7540 7548
f 7530 7531 7540
f 7531 7535 7540
f 7531 7804 7801
f 7531 7801 7535
f 7804 7808 7801
f 7808 7798 7801
f 7808 7806 7810
f 7808 7810 7798
f 7806 7803 7810
f 7803 7802 7810
f 7803 7825 8017
f 7803 8017 7802
f 7825 7820 8017
f 7820 8018 8017
f 7820 7826 8061
f 7820 8061 8018
f 7826 7812 8061
f 7812 8057 8061
f 7812 7911 8059
f 7812 8059 8057
f 7911 7906 8059
f 7906 8058 8059
f 7906 7905 8024
f 7906 8024 8058
f 7905 7914 8024
f 7914 8031 8024
f 7914 7916 8030
f 7914 8030 8031
f 7916 9418 8030
f 9418 9421 8030
f 9418 9417 9413
f 9418 9413 9421
f 9417 9425 9413
f 9425 9414 9413
f 9425 9419 9415
f 9425 9415 9414
f 9419 9420 9415
f 9420 9424 9415
f 9420 9567 9566
f 9420 9566 9424
f 9567 9577 9566
f 9577 9568 9566
f 9577 9462 9571
f 9577 9571 9568
f 9462 9471 9571
f 9471 9531 9571
f 9471 9450 9522
f 9471 9522 9531
f 9450 9451 9522
f 9451 9520 9522
f 9451 9452 9526
f 9451 9526 9520
f 9452 9454 9526
f 9454 9524 9526
f 9454 9990 9988
f 9454 9988 9524
f 9990 9991 9988
f 9991 9987 9988
f 9991 10000 9997
f 9991 9997 9987
f 10000 9974 9997
f 9974 9993 9997
f 9974 9973 9971
f 9974 9971 9993
f 9973 9975 9971
f 9975 9983 9971
f 9975 9977 9976
f 9975 9976 9983
f 9977 9917 9976
f 9917 9918 9976
f 9917 9916 9915
f 9917 9915 9918
f 9916 9914 9915
f 9914 9923 9915
f 9914 9920 9922
f 9914 9922 9923
f 9920 9919 9922
f 9919 9910 9922
f 9919 9934 9924
f 9919 9924 9910
f 5335 5329 5164
f 5329 5168 5164
f 5329 5334 5161
f 5329 5161 5168
f 5334 5338 5161
f 5338 5156 5161
f 5338 5325 5155
f 5338 5155 5156
f 5325 5328 5155
f 5328 5152 5155
f 5328 5312 5257
f 5328 5257 5152
f 5312 5315 5257
f 5315 5254 5257
f 5315 5311 5255
f 5315 5255 5254
f 5311 5320 5255
f 5320 5251 5255
f 5320 5023 5017
f 5320 5017 5251
f 5023 5024 5017
f 5024 5010 5017
f 5024 5022 5016
f 5024 5016 5010
f 5022 5005 5016
f 5005 4996 5016
f 5005 5003 5002
f 5005 5002 4996
f 5003 5000 5002
f 5000 5008 5002
f 5000 4999 5052
f 5000 5052 5008
f 4999 5041 5052
f 5041 5051 5052
f 5041 5040 5053
f 5041 5053 5051
f 5040 5037 5053
f 5037 5038 5053
f 5037 5030 5039
f 5037 5039 5038
f 5030 5029 5039
f 5029 5033 5039
f 5029 5035 5032
f 5029 5032 5033
f 5035 6177 5032
f 6177 6166 5032
f 6177 6173 6164
f 6177 6164 6166
f 6173 6170 6164
f 6170 6168 6164
f 6170 6183 6178
f 6170 6178 6168
f 6183 6189 6178
f 6189 6179 6178
f 6189 6187 6180
f 6189 6180 6179
f 6187 6216 6180
f 6216 6237 6180
f 6216 6212 6229
f 6216 6229 6237
f 6212 6217 6229
f 6217 6228 6229
f 6217 6208 6235
f 6217 6235 6228
f 6208 6218 6235
f 6218 6233 6235
f 6218 5672 5877
f 6218 5877 6233
f 5672 5671 5877
f 5671 5875 5877
f 5671 5670 5872
f 5671 5872 5875
f 5670 5876 5872
f 5876 5862 5872
f 5876 5665 5864
f 5876 5864 5862
f 5665 5667 5864
f 5667 5836 5864
f 5667 5654 5834
f 5667 5834 5836
f 5654 5630 5834
f 5630 5795 5834
f 5630 5629 5791
f 5630 5791 5795
f 5629 5631 5791
f 5631 5794 5791
f 5631 5637 5812
f 5631 5812 5794
f 5637 5609 5812
f 5609 5808 5812
f 5609 5610 5613
f 5609 5613 5808
f 5610 5612 5613
f 5612 5614 5613
f 5612 7642 7645
f 5612 7645 5614
f 7642 7632 7645
f 7632 7644 7645
f 7632 7646 7643
f 7632 7643 7644
f 7646 7621 7643
f 7621 7628 7643
f 7621 7622 7627
f 7621 7627 7628
f 7622 7630 7627
f 7630 7625 7627
f 7630 7556 7751
f 7630 7751 7625
f 7556 7554 7751
f 7554 7747 7751
f 7554 7551 7749
f 7554 7749 7747
f 7551 7549 7749
f 7549 7750 7749
f 7549 7548 7723
f 7549 7723 7750
f 7548 7540 7723
f 7540 7725 7723
f 7540 7535 7730
f 7540 7730 7725
f 7535 7801 7730
f 7801 7996 7730
f 7801 7798 7998
f 7801 7998 7996
f 7798 7810 7998
f 7810 7999 7998
f 7810 7802 8004
f 7810 8004 7999
f 7802 8017 8004
f 8017 8012 8004
f 8017 8018 8011
f 8017 8011 8012
f 8018 8061 8011
f 8061 8060 8011
f 8061 8057 8064
f 8061 8064 8060
f 8057 8059 8064
f 8059 8062 8064
f 8059 8058 8056
f 8059 8056 8062
f 8058 8024 8056
f 8024 8022 8056
f 8024 8031 8026
f 8024 8026 8022
f 8031 8030 8026
f 8030 8025 8026
f 8030 9421 9552
f 8030 9552 8025
f 9421 9413 9552
f 9413 9563 9552
f 9413 9414 9551
f 9413 9551 9563
f 9414 9415 9551
f 9415 9569 9551
f 9415 9424 9564
f 9415 9564 9569
f 9424 9566 9564
f 9566 9572 9564
f 9566 9568 9565
f 9566 9565 9572
f 9568 9571 9565
f 9571 9573 9565
f 9571 9531 9523
f 9571 9523 9573
f 9531 9522 9523
f 9522 9530 9523
f 9522 9520 9525
f 9522 9525 9530
f 9520 9526 9525
f 9526 9521 9525
f 9526 9524 9533
f 9526 9533 9521
f 9524 9988 9533
f 9988 9992 9533
f 9988 9987 9996
f 9988 9996 9992
f 9987 9997 9996
f 9997 9995 9996
f 9997 9993 9989
f 9997 9989 9995
f 9993 9971 9989
f 9971 9981 9989
f 9971 9983 9978
f 9971 9978 9981
f 9983 9976 9978
f 9976 9817 9978
f 9976 9918 9816
f 9976 9816 9817
f 9918 9915 9816
f 9915 9807 9816
f 9915 9923 9909
f 9915 9909 9807
f 9923 9922 9909
f 9922 9830 9909
f 9922 9910 9821
f 9922 9821 9830
f 9910 9924 9821
f 9924 9823 9821
f 5164 5168 5172
f 5164 5172 5175
f 5168 5161 5172
f 5161 5165 5172
f 5161 5156 5158
f 5161 5158 5165
f 5156 5155 5158
f 5155 5149 5158
f 5155 5152 5151
f 5155 5151 5149
f 5152 5257 5151
f 5257 5252 5151
f 5257 5254 5264
f 5257 5264 5252
f 5254 5255 5264
f 5255 5263 5264
f 5255 5251 5253
f 5255 5253 5263
f 5251 5017 5253
f 5017 5011 5253
f 5017 5010 5021
f 5017 5021 5011
f 5010 5016 5021
f 5016 5012 5021
f 5016 4996 5018
f 5016 5018 5012
f 4996 5002 5018
f 5002 5007 5018
f 5002 5008 5004
f 5002 5004 5007
f 5008 5052 5004
f 5052 5050 5004
f 5052 5051 5045
f 5052 5045 5050
f 5051 5053 5045
f 5053 5047 5045
f 5053 5038 5054
f 5053 5054 5047
f 5038 5039 5054
f 5039 5059 5054
f 5039 5033 5056
f 5039 5056 5059
f 5033 5032 5056
f 5032 5060 5056
f 5032 6166 6175
f 5032 6175 5060
f 6166 6164 6175
f 6164 6171 6175
f 6164 6168 6167
f 6164 6167 6171
f 6168 6178 6167
f 6178 6192 6167
f 6178 6179 6181
f 6178 6181 6192
f 6179 6180 6181
f 6180 6191 6181
f 6180 6237 6223
f 6180 6223 6191
f 6237 6229 6223
f 6229 6224 6223
f 6229 6228 6227
f 6229 6227 6224
f 6228 6235 6227
f 6235 6231 6227
f 6235 6233 6232
f 6235 6232 6231
f 6233 5877 6232
f 5877 5871 6232
f 5877 5875 5874
f 5877 5874 5871
f 5875 5872 5874
f 5872 5863 5874
f 5872 5862 5869
f 5872 5869 5863
f 5862 5864 5869
f 5864 5865 5869
f 5864 5836 5842
f 5864 5842 5865
f 5836 5834 5842
f 5834 5835 5842
f 5834 5795 5799
f 5834 5799 5835
f 5795 5791 5799
f 5791 5787 5799
f 5791 5794 5786
f 5791 5786 5787
f 5794 5812 5786
f 5812 5809 5786
f 5812 5808 5801
f 5812 5801 5809
f 5808 5613 5801
f 5613 5811 5801
f 5613 5614 5807
f 5613 5807 5811
f 5614 7645 5807
f 7645 7684 5807
f 7645 7644 7682
f 7645 7682 7684
f 7644 7643 7682
f 7643 7691 7682
f 7643 7628 7683
f 7643 7683 7691
f 7628 7627 7683
f 7627 7686 7683
f 7627 7625 7688
f 7627 7688 7686
f 7625 7751 7688
f 7751 7744 7688
f 7751 7747 7738
f 7751 7738 7744
f 7747 7749 7738
f 7749 7739 7738
f 7749 7750 7746
f 7749 7746 7739
f 7750 7723 7746
f 7723 7735 7746
f 7723 7725 7729
f 7723 7729 7735
f 7725 7730 7729
f 7730 7724 7729
f 7730 7996 7993
f 7730 7993 7724
f 7996 7998 7993
f 7998 7992 7993
f 7998 7999 8001
f 7998 8001 7992
f 7999 8004 8001
f 8004 8002 8001
f 8004 8012 8009
f 8004 8009 8002
f 8012 8011 8009
f 8011 8008 8009
f 8011 8060 8053
f 8011 8053 8008
f 8060 8064 8053
f 8064 8065 8053
f 8064 8062 8063
f 8064 8063 8065
f 8062 8056 8063
f 8056 8054 8063
f 8056 8022 8029
f 8056 8029 8054
f 8022 8026 8029
f 8026 8023 8029
f 8026 8025 8027
f 8026 8027 8023
f 8025 9552 8027
f 9552 9553 8027
f 9552 9563 9550
f 9552 9550 9553
f 9563 9551 9550
f 9551 9555 9550
f 9551 9569 9578
f 9551 9578 9555
f 9569 9564 9578
f 9564 9570 9578
f 9564 9572 9574
f 9564 9574 9570
f 9572 9565 9574
f 9565 9575 9574
f 9565 9573 9576
f 9565 9576 9575
f 9573 9523 9576
f 9523 9527 9576
f 9523 9530 9532
f 9523 9532 9527
f 9530 9525 9532
f 9525 9529 9532
f 9525 9521 9519
f 9525 9519 9529
f 9521 9533 9519
f 9533 9528 9519
f 9533 9992 9725
f 9533 9725 9528
f 9992 9996 9725
f 9996 9723 9725
f 9996 9995 9718
f 9996 9718 9723
f 9995 9989 9718
f 9989 9714 9718
f 9989 9981 9717
f 9989 9717 9714
f 9981 9978 9717
f 9978 9726 9717
f 9978 9817 9806
f 9978 9806 9726
f 9817 9816 9806
f 9816 9805 9806
f 9816 9807 9818
f 9816 9818 9805
f 9807 9909 9818
f 9909 9827 9818
f 9909 9830 9822
f 9909 9822 9827
f 9830 9821 9822
f 9821 9831 9822
f 9821 9823 9829
f 9821 9829 9831
f 5175 5172 5163
f 5172 5170 5163
f 5172 5165 5174
f 5172 5174 5170
f 5165 5158 5174
f 5158 5159 5174
f 5158 5149 5160
f 5158 5160 5159
f 5149 5151 5160
f 5151 5153 5160
f 5151 5252 5258
f 5151 5258 5153
f 5252 5264 5258
f 5264 5259 5258
f 5264 5263 5262
f 5264 5262 5259
f 5263 5253 5262
f 5253 5265 5262
f 5253 5011 5274
f 5253 5274 5265
f 5011 5021 5274
f 5021 5269 5274
f 5021 5012 5015
f 5021 5015 5269
f 5012 5018 5015
f 5018 5014 5015
f 5018 5007 5013
f 5018 5013 5014
f 5007 5004 5013
f 5004 5001 5013
f 5004 5050 5049
f 5004 5049 5001
f 5050 5045 5049
f 5045 5048 5049
f 5045 5047 5046
f 5045 5046 5048
f 5047 5054 5046
f 5054 5042 5046
f 5054 5059 5067
f 5054 5067 5042
f 5059 5056 5067
f 5056 5066 5067
f 5056 5060 5063
f 5056 5063 5066
f 5060 6175 5063
f 6175 6148 5063
f 6175 6171 6161
f 6175 6161 6148
f 6171 6167 6161
f 6167 6158 6161
f 6167 6192 6156
f 6167 6156 6158
f 6192 6181 6156
f 6181 6151 6156
f 6181 6191 6193
f 6181 6193 6151
f 6191 6223 6193
f 6223 6226 6193
f 6223 6224 6225
f 6223 6225 6226
f 6224 6227 6225
f 6227 6234 6225
f 6227 6231 6230
f 6227 6230 6234
f 6231 6232 6230
f 6232 6236 6230
f 6232 5871 5855
f 6232 5855 6236
f 5871 5874 5855
f 5874 5858 5855
f 5874 5863 5870
f 5874 5870 5858
f 5863 5869 5870
f 5869 5866 5870
f 5869 5865 5867
f 5869 5867 5866
f 5865 5842 5867
f 5842 5840 5867
f 5842 5835 5833
f 5842 5833 5840
f 5835 5799 5833
f 5799 5797 5833
f 5799 5787 5800
f 5799 5800 5797
f 5787 5786 5800
f 5786 5788 5800
f 5786 5809 5805
f 5786 5805 5788
f 5809 5801 5805
f 5801 5804 5805
f 5801 5811 5814
f 5801 5814 5804
f 5811 5807 5814
f 5807 5802 5814
f 5807 7684 7685
f 5807 7685 5802
f 7684 7682 7685
f 7682 7680 7685
f 7682 7691 7690
f 7682 7690 7680
f 7691 7683 7690
f 7683 7689 7690
f 7683 7686 7681
f 7683 7681 7689
f 7686 7688 7681
f 7688 7678 7681
f 7688 7744 7745
f 7688 7745 7678
f 7744 7738 7745
f 7738 7742 7745
f 7738 7739 7740
f 7738 7740 7742
f 7739 7746 7740
f 7746 7748 7740
f 7746 7735 7732
f 7746 7732 7748
f 7735 7729 7732
f 7729 7731 7732
f 7729 7724 7736
f 7729 7736 7731
f 7724 7993 7736
f 7993 7995 7736
f 7993 7992 7990
f 7993 7990 7995
f 7992 8001 7990
f 8001 7991 7990
f 8001 8002 8000
f 8001 8000 7991
f 8002 8009 8000
f 8009 8015 8000
f 8009 8008 8020
f 8009 8020 8015
f 8008 8053 8020
f 8053 8051 8020
f 8053 8065 8055
f 8053 8055 8051
f 8065 8063 8055
f 8063 8052 8055
f 8063 8054 8040
f 8063 8040 8052
f 8054 8029 8040
f 8029 8036 8040
f 8029 8023 8028
f 8029 8028 8036
f 8023 8027 8028
f 8027 8033 8028
f 8027 9553 9557
f 8027 9557 8033
f 9553 9550 9557
f 9550 9549 9557
f 9550 9555 9558
f 9550 9558 9549
f 9555 9578 9558
f 9578 9582 9558
f 9578 9570 9581
f 9578 9581 9582
f 9570 9574 9581
f 9574 9590 9581
f 9574 9575 9591
f 9574 9591 9590
f 9575 9576 9591
f 9576 9592 9591
f 9576 9527 9543
f 9576 9543 9592
f 9527 9532 9543
f 9532 9537 9543
f 9532 9529 9536
f 9532 9536 9537
f 9529 9519 9536
f 9519 9535 9536
f 9519 9528 9534
f 9519 9534 9535
f 9528 9725 9534
f 9725 9727 9534
f 9725 9723 9715
f 9725 9715 9727
f 9723 9718 9715
f 9718 9720 9715
f 9718 9714 9724
f 9718 9724 9720
f 9714 9717 9724
f 9717 9719 9724
f 9717 9726 9716
f 9717 9716 9719
f 9726 9806 9716
f 9806 9813 9716
f 9806 9805 9814
f 9806 9814 9813
f 9805 9818 9814
f 9818 9815 9814
f 9818 9827 9826
f 9818 9826 9815
f 9827 9822 9826
f 9822 9820 9826
f 9822 9831 9825
f 9822 9825 9820
f 9831 9829 9825
f 9829 9824 9825
f 5163 5170 5166
f 5163 5166 5167
f 5170 5174 5166
f 5174 5171 5166
f 5174 5159 5154
f 5174 5154 5171
f 5159 5160 5154
f 5160 5148 5154
f 5160 5153 5157
f 5160 5157 5148
f 5153 5258 5157
f 5258 5256 5157
f 5258 5259 5260
f 5258 5260 5256
f 5259 5262 5260
f 5262 5261 5260
f 5262 5265 5272
f 5262 5272 5261
f 5265 5274 5272
f 5274 5276 5272
f 5274 5269 5275
f 5274 5275 5276
f 5269 5015 5275
f 5015 5270 5275
f 5015 5014 5019
f 5015 5019 5270
f 5014 5013 5019
f 5013 5020 5019
f 5013 5001 5108
f 5013 5108 5020
f 5001 5049 5108
f 5049 5044 5108
f 5049 5048 5043
f 5049 5043 5044
f 5048 5046 5043
f 5046 5069 5043
f 5046 5042 5057
f 5046 5057 5069
f 5042 5067 5057
f 5067 5064 5057
f 5067 5066 5065
f 5067 5065 5064
f 5066 5063 5065
f 5063 5062 5065
f 5063 6148 6162
f 5063 6162 5062
f 6148 6161 6162
f 6161 6149 6162
f 6161 6158 6154
f 6161 6154 6149
f 6158 6156 6154
f 6156 6150 6154
f 6156 6151 6153
f 6156 6153 6150
f 6151 6193 6153
f 6193 6205 6153
f 6193 6226 6201
f 6193 6201 6205
f 6226 6225 6201
f 6225 6195 6201
f 6225 6234 6197
f 6225 6197 6195
f 6234 6230 6197
f 6230 6207 6197
f 6230 6236 6206
f 6230 6206 6207
f 6236 5855 6206
f 5855 5852 6206
f 5855 5858 5851
f 5855 5851 5852
f 5858 5870 5851
f 5870 5850 5851
f 5870 5866 5868
f 5870 5868 5850
f 5866 5867 5868
f 5867 5873 5868
f 5867 5840 5841
f 5867 5841 5873
f 5840 5833 5841
f 5833 5845 5841
f 5833 5797 5789
f 5833 5789 5845
f 5797 5800 5789
f 5800 5792 5789
f 5800 5788 5796
f 5800 5796 5792
f 5788 5805 5796
f 5805 5806 5796
f 5805 5804 5810
f 5805 5810 5806
f 5804 5814 5810
f 5814 5813 5810
f 5814 5802 5803
f 5814 5803 5813
f 5802 7685 5803
f 7685 7676 5803
f 7685 7680 7677
f 7685 7677 7676
f 7680 7690 7677
f 7690 7687 7677
f 7690 7689 7679
f 7690 7679 7687
f 7689 7681 7679
f 7681 7697 7679
f 7681 7678 7692
f 7681 7692 7697
f 7678 7745 7692
f 7745 7704 7692
f 7745 7742 7737
f 7745 7737 7704
f 7742 7740 7737
f 7740 7741 7737
f 7740 7748 7743
f 7740 7743 7741
f 7748 7732 7743
f 7732 7727 7743
f 7732 7731 7728
f 7732 7728 7727
f 7731 7736 7728
f 7736 7726 7728
f 7736 7995 8003
f 7736 8003 7726
f 7995 7990 8003
f 7990 7994 8003
f 7990 7991 7997
f 7990 7997 7994
f 7991 8000 7997
f 8000 8013 7997
f 8000 8015 8007
f 8000 8007 8013
f 8015 8020 8007
f 8020 8006 8007
f 8020 8051 8050
f 8020 8050 8006
f 8051 8055 8050
f 8055 8043 8050
f 8055 8052 8042
f 8055 8042 8043
f 8052 8040 8042
f 8040 8044 8042
f 8040 8036 8037
f 8040 8037 8044
f 8036 8028 8037
f 8028 8032 8037
f 8028 8033 8021
f 8028 8021 8032
f 8033 9557 8021
f 9557 9560 8021
f 9557 9549 9556
f 9557 9556 9560
f 9549 9558 9556
f 9558 9561 9556
f 9558 9582 9583
f 9558 9583 9561
f 9582 9581 9583
f 9581 9593 9583
f 9581 9590 9589
f 9581 9589 9593
f 9590 9591 9589
f 9591 9585 9589
f 9591 9592 9586
f 9591 9586 9585
f 9592 9543 9586
f 9543 9541 9586
f 9543 9537 9539
f 9543 9539 9541
f 9537 9536 9539
f 9536 9548 9539
f 9536 9535 9544
f 9536 9544 9548
f 9535 9534 9544
f 9534 9542 9544
f 9534 9727 9728
f 9534 9728 9542
f 9727 9715 9728
f 9715 9722 9728
f 9715 9720 9721
f 9715 9721 9722
f 9720 9724 9721
f 9724 9748 9721
f 9724 9719 9744
f 9724 9744 9748
f 9719 9716 9744
f 9716 9757 9744
f 9716 9813 9810
f 9716 9810 9757
f 9813 9814 9810
f 9814 9811 9810
f 9814 9815 9812
f 9814 9812 9811
f 9815 9826 9812
f 9826 9828 9812
f 9826 9820 9819
f 9826 9819 9828
f 9820 9825 9819
f 9825 9832 9819
f 9825 9824 9833
f 9825 9833 9832
f 5167 5166 5173
f 5166 5162 5173
f 5166 5171 5169
f 5166 5169 5162
f 5171 5154 5169
f 5154 5146 5169
f 5154 5148 5150
f 5154 5150 5146
f 5148 5157 5150
f 5157 5147 5150
f 5157 5256 5290
f 5157 5290 5147
f 5256 5260 5290
f 5260 5291 5290
f 5260 5261 5292
f 5260 5292 5291
f 5261 5272 5292
f 5272 5293 5292
f 5272 5276 5273
f 5272 5273 5293
f 5276 5275 5273
f 5275 5266 5273
f 5275 5270 5267
f 5275 5267 5266
f 5270 5019 5267
f 5019 5105 5267
f 5019 5020 5104
f 5019 5104 5105
f 5020 5108 5104
f 5108 5107 5104
f 5108 5044 5109
f 5108 5109 5107
f 5044 5043 5109
f 5043 5100 5109
f 5043 5069 5068
f 5043 5068 5100
f 5069 5057 5068
f 5057 5058 5068
f 5057 5064 5070
f 5057 5070 5058
f 5064 5065 5070
f 5065 5055 5070
f 5065 5062 5061
f 5065 5061 5055
f 5062 6162 5061
f 6162 6157 5061
f 6162 6149 6152
f 6162 6152 6157
f 6149 6154 6152
f 6154 6160 6152
f 6154 6150 6159
f 6154 6159 6160
f 6150 6153 6159
f 6153 6155 6159
f 6153 6205 6200
f 6153 6200 6155
f 6205 6201 6200
f 6201 6198 6200
f 6201 6195 6203
f 6201 6203 6198
f 6195 6197 6203
f 6197 6202 6203
f 6197 6207 6199
f 6197 6199 6202
f 6207 6206 6199
f 6206 6196 6199
f 6206 5852 5846
f 6206 5846 6196
f 5852 5851 5846
f 5851 5848 5846
f 5851 5850 5849
f 5851 5849 5848
f 5850 5868 5849
f 5868 5853 5849
f 5868 5873 5831
f 5868 5831 5853
f 5873 5841 5831
f 5841 5838 5831
f 5841 5845 5832
f 5841 5832 5838
f 5845 5789 5832
f 5789 5798 5832
f 5789 5792 5790
f 5789 5790 5798
f 5792 5796 5790
f 5796 5793 5790
f 5796 5806 5826
f 5796 5826 5793
f 5806 5810 5826
f 5810 5824 5826
f 5810 5813 5815
f 5810 5815 5824
f 5813 5803 5815
f 5803 5817 5815
f 5803 7676 7716
f 5803 7716 5817
f 7676 7677 7716
f 7677 7722 7716
f 7677 7687 7719
f 7677 7719 7722
f 7687 7679 7719
f 7679 7712 7719
f 7679 7697 7702
f 7679 7702 7712
f 7697 7692 7702
f 7692 7706 7702
f 7692 7704 7703
f 7692 7703 7706
f 7704 7737 7703
f 7737 7787 7703
f 7737 7741 7795
f 7737 7795 7787
f 7741 7743 7795
f 7743 7779 7795
f 7743 7727 7775
f 7743 7775 7779
f 7727 7728 7775
f 7728 7733 7775
f 7728 7726 7734
f 7728 7734 7733
f 7726 8003 7734
f 8003 7981 7734
f 8003 7994 7980
f 8003 7980 7981
f 7994 7997 7980
f 7997 7977 7980
f 7997 8013 8019
f 7997 8019 7977
f 8013 8007 8019
f 8007 8014 8019
f 8007 8006 8005
f 8007 8005 8014
f 8006 8050 8005
f 8050 8049 8005
f 8050 8043 8038
f 8050 8038 8049
f 8043 8042 8038
f 8042 8048 8038
f 8042 8044 8041
f 8042 8041 8048
f 8044 8037 8041
f 8037 8039 8041
f 8037 8032 8034
f 8037 8034 8039
f 8032 8021 8034
f 8021 8035 8034
f 8021 9560 9559
f 8021 9559 8035
f 9560 9556 9559
f 9556 9562 9559
f 9556 9561 9554
f 9556 9554 9562
f 9561 9583 9554
f 9583 9580 9554
f 9583 9593 9588
f 9583 9588 9580
f 9593 9589 9588
f 9589 9587 9588
f 9589 9585 9579
f 9589 9579 9587
f 9585 9586 9579
f 9586 9584 9579
f 9586 9541 9540
f 9586 9540 9584
f 9541 9539 9540
f 9539 9547 9540
f 9539 9548 9538
f 9539 9538 9547
f 9548 9544 9538
f 9544 9545 9538
f 9544 9542 9546
f 9544 9546 9545
f 9542 9728 9546
f 9728 9732 9546
f 9728 9722 9739
f 9728 9739 9732
f 9722 9721 9739
f 9721 9734 9739
f 9721 9748 9749
f 9721 9749 9734
f 9748 9744 9749
f 9744 9754 9749
f 9744 9757 9746
f 9744 9746 9754
f 9757 9810 9746
f 9810 9745 9746
f 9810 9811 9808
f 9810 9808 9745
f 9811 9812 9808
f 9812 9809 9808
f 9812 9828 9803
f 9812 9803 9809
f 9828 9819 9803
f 9819 9801 9803
f 9819 9832 9804
f 9819 9804 9801
f 9832 9833 9804
f 9833 9793 9804
f 5173 5162 5193
f 5173 5193 5192
f 5162 5169 5193
f 5169 5199 5193
f 5169 5146 5204
f 5169 5204 5199
f 5146 5150 5204
f 5150 5205 5204
f 5150 5147 5206
f 5150 5206 5205
f 5147 5290 5206
f 5290 5288 5206
f 5290 5291 5284
f 5290 5284 5288
f 5291 5292 5284
f 5292 5283 5284
f 5292 5293 5282
f 5292 5282 5283
f 5293 5273 5282
f 5273 5271 5282
f 5273 5266 5268
f 5273 5268 5271
f 5266 5267 5268
f 5267 5277 5268
f 5267 5105 5106
f 5267 5106 5277
f 5105 5104 5106
f 5104 5113 5106
f 5104 5107 5112
f 5104 5112 5113
f 5107 5109 5112
f 5109 5111 5112
f 5109 5100 5115
f 5109 5115 5111
f 5100 5068 5115
f 5068 5080 5115
f 5068 5058 5076
f 5068 5076 5080
f 5058 5070 5076
f 5070 5075 5076
f 5070 5055 5074
f 5070 5074 5075
f 5055 5061 5074
f 5061 5077 5074
f 5061 6157 6124
f 5061 6124 5077
f 6157 6152 6124
f 6152 6132 6124
f 6152 6160 6126
f 6152 6126 6132
f 6160 6159 6126
f 6159 6119 6126
f 6159 6155 6131
f 6159 6131 6119
f 6155 6200 6131
f 6200 6120 6131
f 6200 6198 6074
f 6200 6074 6120
f 6198 6203 6074
f 6203 6079 6074
f 6203 6202 6076
f 6203 6076 6079
f 6202 6199 6076
f 6199 6204 6076
f 6199 6196 6194
f 6199 6194 6204
f 6196 5846 6194
f 5846 5847 6194
f 5846 5848 5860
f 5846 5860 5847
f 5848 5849 5860
f 5849 5854 5860
f 5849 5853 5856
f 5849 5856 5854
f 5853 5831 5856
f 5831 5837 5856
f 5831 5838 5839
f 5831 5839 5837
f 5838 5832 5839
f 5832 5844 5839
f 5832 5798 5843
f 5832 5843 5844
f 5798 5790 5843
f 5790 5822 5843
f 5790 5793 5823
f 5790 5823 5822
f 5793 5826 5823
f 5826 5821 5823
f 5826 5824 5816
f 5826 5816 5821
f 5824 5815 5816
f 5815 5830 5816
f 5815 5817 5828
f 5815 5828 5830
f 5817 7716 5828
f 7716 7720 5828
f 7716 7722 7718
f 7716 7718 7720
f 7722 7719 7718
f 7719 7713 7718
f 7719 7712 7714
f 7719 7714 7713
f 7712 7702 7714
f 7702 7700 7714
f 7702 7706 7701
f 7702 7701 7700
f 7706 7703 7701
f 7703 7705 7701
f 7703 7787 7788
f 7703 7788 7705
f 7787 7795 7788
f 7795 7792 7788
f 7795 7779 7778
f 7795 7778 7792
f 7779 7775 7778
f 7775 7768 7778
f 7775 7733 7777
f 7775 7777 7768
f 7733 7734 7777
f 7734 7770 7777
f 7734 7981 7982
f 7734 7982 7770
f 7981 7980 7982
f 7980 7988 7982
f 7980 7977 7978
f 7980 7978 7988
f 7977 8019 7978
f 8019 7984 7978
f 8019 8014 8010
f 8019 8010 7984
f 8014 8005 8010
f 8005 8016 8010
f 8005 8049 8047
f 8005 8047 8016
f 8049 8038 8047
f 8038 8045 8047
f 8038 8048 8046
f 8038 8046 8045
f 8048 8041 8046
f 8041 8076 8046
f 8041 8039 8067
f 8041 8067 8076
f 8039 8034 8067
f 8034 8078 8067
f 8034 8035 8079
f 8034 8079 8078
f 8035 9559 8079
f 9559 9609 8079
f 9559 9562 9605
f 9559 9605 9609
f 9562 9554 9605
f 9554 9604 9605
f 9554 9580 9594
f 9554 9594 9604
f 9580 9588 9594
f 9588 9598 9594
f 9588 9587 9597
f 9588 9597 9598
f 9587 9579 9597
f 9579 9641 9597
f 9579 9584 9649
f 9579 9649 9641
f 9584 9540 9649
f 9540 9653 9649
f 9540 9547 9647
f 9540 9647 9653
f 9547 9538 9647
f 9538 9645 9647
f 9538 9545 9650
f 9538 9650 9645
f 9545 9546 9650
f 9546 9654 9650
f 9546 9732 9735
f 9546 9735 9654
f 9732 9739 9735
f 9739 9731 9735
f 9739 9734 9743
f 9739 9743 9731
f 9734 9749 9743
f 9749 9733 9743
f 9749 9754 9751
f 9749 9751 9733
f 9754 9746 9751
f 9746 9756 9751
f 9746 9745 9755
f 9746 9755 9756
f 9745 9808 9755
f 9808 9794 9755
f 9808 9809 9789
f 9808 9789 9794
f 9809 9803 9789
f 9803 9796 9789
f 9803 9801 9797
f 9803 9797 9796
f 9801 9804 9797
f 9804 9798 9797
f 9804 9793 9790
f 9804 9790 9798
f 5192 5193 5198
f 5193 5197 5198
f 5193 5199 5196
f 5193 5196 5197
f 5199 5204 5196
f 5204 5194 5196
f 5204 5205 5200
f 5204 5200 5194
f 5205 5206 5200
f 5206 5195 5200
f 5206 5288 5281
f 5206 5281 5195
f 5288 5284 5281
f 5284 5286 5281
f 5284 5283 5285
f 5284 5285 5286
f 5283 5282 5285
f 5282 5287 5285
f 5282 5271 5278
f 5282 5278 5287
f 5271 5268 5278
f 5268 5279 5278
f 5268 5277 5280
f 5268 5280 5279
f 5277 5106 5280
f 5106 5102 5280
f 5106 5113 5110
f 5106 5110 5102
f 5113 5112 5110
f 5112 5103 5110
f 5112 5111 5101
f 5112 5101 5103
f 5111 5115 5101
f 5115 5114 5101
f 5115 5080 5073
f 5115 5073 5114
f 5080 5076 5073
f 5076 5079 5073
f 5076 5075 5084
f 5076 5084 5079
f 5075 5074 5084
f 5074 5081 5084
f 5074 5077 5082
f 5074 5082 5081
f 5077 6124 5082
f 6124 6130 5082
f 6124 6132 6127
f 6124 6127 6130
f 6132 6126 6127
f 6126 6125 6127
f 6126 6119 6117
f 6126 6117 6125
f 6119 6131 6117
f 6131 6121 6117
f 6131 6120 6122
f 6131 6122 6121
f 6120 6074 6122
f 6074 6083 6122
f 6074 6079 6082
f 6074 6082 6083
f 6079 6076 6082
f 6076 6084 6082
f 6076 6204 6085
f 6076 6085 6084
f 6204 6194 6085
f 6194 6086 6085
f 6194 5847 5857
f 6194 5857 6086
f 5847 5860 5857
f 5860 5861 5857
f 5860 5854 5859
f 5860 5859 5861
f 5854 5856 5859
f 5856 5908 5859
f 5856 5837 5922
f 5856 5922 5908
f 5837 5839 5922
f 5839 5919 5922
f 5839 5844 5917
f 5839 5917 5919
f 5844 5843 5917
f 5843 5920 5917
f 5843 5822 5825
f 5843 5825 5920
f 5822 5823 5825
f 5823 5820 5825
f 5823 5821 5819
f 5823 5819 5820
f 5821 5816 5819
f 5816 5818 5819
f 5816 5830 5829
f 5816 5829 5818
f 5830 5828 5829
f 5828 5827 5829
f 5828 7720 7708
f 5828 7708 5827
f 7720 7718 7708
f 7718 7715 7708
f 7718 7713 7717
f 7718 7717 7715
f 7713 7714 7717
f 7714 7709 7717
f 7714 7700 7695
f 7714 7695 7709
f 7700 7701 7695
f 7701 7694 7695
f 7701 7705 7693
f 7701 7693 7694
f 7705 7788 7693
f 7788 7785 7693
f 7788 7792 7784
f 7788 7784 7785
f 7792 7778 7784
f 7778 7781 7784
f 7778 7768 7773
f 7778 7773 7781
f 7768 7777 7773
f 7777 7772 7773
f 7777 7770 7769
f 7777 7769 7772
f 7770 7982 7769
f 7982 7989 7769
f 7982 7988 7986
f 7982 7986 7989
f 7988 7978 7986
f 7978 7985 7986
f 7978 7984 7979
f 7978 7979 7985
f 7984 8010 7979
f 8010 7963 7979
f 8010 8016 7972
f 8010 7972 7963
f 8016 8047 7972
f 8047 8098 7972
f 8047 8045 8108
f 8047 8108 8098
f 8045 8046 8108
f 8046 8110 8108
f 8046 8076 8068
f 8046 8068 8110
f 8076 8067 8068
f 8067 8066 8068
f 8067 8078 8070
f 8067 8070 8066
f 8078 8079 8070
f 8079 8073 8070
f 8079 9609 9602
f 8079 9602 8073
f 9609 9605 9602
f 9605 9599 9602
f 9605 9604 9603
f 9605 9603 9599
f 9604 9594 9603
f 9594 9600 9603
f 9594 9598 9596
f 9594 9596 9600
f 9598 9597 9596
f 9597 9595 9596
f 9597 9641 9651
f 9597 9651 9595
f 9641 9649 9651
f 9649 9644 9651
f 9649 9653 9643
f 9649 9643 9644
f 9653 9647 9643
f 9647 9652 9643
f 9647 9645 9648
f 9647 9648 9652
f 9645 9650 9648
f 9650 9642 9648
f 9650 9654 9655
f 9650 9655 9642
f 9654 9735 9655
f 9735 9730 9655
f 9735 9731 9741
f 9735 9741 9730
f 9731 9743 9741
f 9743 9737 9741
f 9743 9733 9740
f 9743 9740 9737
f 9733 9751 9740
f 9751 9750 9740
f 9751 9756 9753
f 9751 9753 9750
f 9756 9755 9753
f 9755 9758 9753
f 9755 9794 9802
f 9755 9802 9758
f 9794 9789 9802
f 9789 9800 9802
f 9789 9796 9795
f 9789 9795 9800
f 9796 9797 9795
f 9797 9791 9795
f 9797 9798 9792
f 9797 9792 9791
f 9798 9790 9792
f 9790 9799 9792
f 5198 5197 5219
f 5198 5219 5221
f 5197 5196 5219
f 5196 5213 5219
f 5196 5194 5201
f 5196 5201 5213
f 5194 5200 5201
f 5200 5202 5201
f 5200 5195 5203
f 5200 5203 5202
f 5195 5281 5203
f 5281 5294 5203
f 5281 5286 5289
f 5281 5289 5294
f 5286 5285 5289
f 5285 5248 5289
f 5285 5287 5247
f 5285 5247 5248
f 5287 5278 5247
f 5278 5223 5247
f 5278 5279 5224
f 5278 5224 5223
f 5279 5280 5224
f 5280 5225 5224
f 5280 5102 5134
f 5280 5134 5225
f 5102 5110 5134
f 5110 5135 5134
f 5110 5103 5141
f 5110 5141 5135
f 5103 5101 5141
f 5101 5123 5141
f 5101 5114 5130
f 5101 5130 5123
f 5114 5073 5130
f 5073 5125 5130
f 5073 5079 5078
f 5073 5078 5125
f 5079 5084 5078
f 5084 5083 5078
f 5084 5081 5071
f 5084 5071 5083
f 5081 5082 5071
f 5082 5072 5071
f 5082 6130 6134
f 5082 6134 5072
f 6130 6127 6134
f 6127 6137 6134
f 6127 6125 6129
f 6127 6129 6137
f 6125 6117 6129
f 6117 6128 6129
f 6117 6121 6118
f 6117 6118 6128
f 6121 6122 6118
f 6122 6123 6118
f 6122 6083 6081
f 6122 6081 6123
f 6083 6082 6081
f 6082 6072 6081
f 6082 6084 6078
f 6082 6078 6072
f 6084 6085 6078
f 6085 6075 6078
f 6085 6086 6080
f 6085 6080 6075
f 6086 5857 6080
f 5857 5883 6080
f 5857 5861 5878
f 5857 5878 5883
f 5861 5859 5878
f 5859 5889 5878
f 5859 5908 5915
f 5859 5915 5889
f 5908 5922 5915
f 5922 5910 5915
f 5922 5919 5918
f 5922 5918 5910
f 5919 5917 5918
f 5917 5912 5918
f 5917 5920 5909
f 5917 5909 5912
f 5920 5825 5909
f 5825 5771 5909
f 5825 5820 5776
f 5825 5776 5771
f 5820 5819 5776
f 5819 5785 5776
f 5819 5818 5770
f 5819 5770 5785
f 5818 5829 5770
f 5829 5767 5770
f 5829 5827 5769
f 5829 5769 5767
f 5827 7708 5769
f 7708 7707 5769
f 7708 7715 7711
f 7708 7711 7707
f 7715 7717 7711
f 7717 7721 7711
f 7717 7709 7710
f 7717 7710 7721
f 7709 7695 7710
f 7695 7698 7710
f 7695 7694 7699
f 7695 7699 7698
f 7694 7693 7699
f 7693 7696 7699
f 7693 7785 7786
f 7693 7786 7696
f 7785 7784 7786
f 7784 7782 7786
f 7784 7781 7793
f 7784 7793 7782
f 7781 7773 7793
f 7773 7771 7793
f 7773 7772 7767
f 7773 7767 7771
f 7772 7769 7767
f 7769 7780 7767
f 7769 7989 7976
f 7769 7976 7780
f 7989 7986 7976
f 7986 7983 7976
f 7986 7985 7987
f 7986 7987 7983
f 7985 7979 7987
f 7979 7971 7987
f 7979 7963 7973
f 7979 7973 7971
f 7963 7972 7973
f 7972 7974 7973
f 7972 8098 8102
f 7972 8102 7974
f 8098 8108 8102
f 8108 8106 8102
f 8108 8110 8101
f 8108 8101 8106
f 8110 8068 8101
f 8068 8072 8101
f 8068 8066 8071
f 8068 8071 8072
f 8066 8070 8071
f 8070 8069 8071
f 8070 8073 8074
f 8070 8074 8069
f 8073 9602 8074
f 9602 9601 8074
f 9602 9599 9606
f 9602 9606 9601
f 9599 9603 9606
f 9603 9607 9606
f 9603 9600 9608
f 9603 9608 9607
f 9600 9596 9608
f 9596 9620 9608
f 9596 9595 9621
f 9596 9621 9620
f 9595 9651 9621
f 9651 9622 9621
f 9651 9644 9646
f 9651 9646 9622
f 9644 9643 9646
f 9643 9671 9646
f 9643 9652 9672
f 9643 9672 9671
f 9652 9648 9672
f 9648 9661 9672
f 9648 9642 9662
f 9648 9662 9661
f 9642 9655 9662
f 9655 9660 9662
f 9655 9730 9738
f 9655 9738 9660
f 9730 9741 9738
f 9741 9742 9738
f 9741 9737 9736
f 9741 9736 9742
f 9737 9740 9736
f 9740 9729 9736
f 9740 9750 9692
f 9740 9692 9729
f 9750 9753 9692
f 9753 9747 9692
f 9753 9758 9752
f 9753 9752 9747
f 9758 9802 9752
f 9802 9783 9752
f 9802 9800 9778
f 9802 9778 9783
f 9800 9795 9778
f 9795 9788 9778
f 9795 9791 9766
f 9795 9766 9788
f 9791 9792 9766
f 9792 9767 9766
f 9792 9799 9760
f 9792 9760 9767
f 5221 5219 5216
f 5219 5215 5216
f 5219 5213 5214
f 5219 5214 5215
f 5213 5201 5214
f 5201 5185 5214
f 5201 5202 5186
f 5201 5186 5185
f 5202 5203 5186
f 5203 5187 5186
f 5203 5294 5180
f 5203 5180 5187
f 5294 5289 5180
f 5289 5246 5180
f 5289 5248 5244
f 5289 5244 5246
f 5248 5247 5244
f 5247 5245 5244
f 5247 5223 5230
f 5247 5230 5245
f 5223 5224 5230
f 5224 5234 5230
f 5224 5225 5233
f 5224 5233 5234
f 5225 5134 5233
f 5134 5137 5233
f 5134 5135 5131
f 5134 5131 5137
f 5135 5141 5131
f 5141 5132 5131
f 5141 5123 5122
f 5141 5122 5132
f 5123 5130 5122
f 5130 5116 5122
f 5130 5125 5117
f 5130 5117 5116
f 5125 5078 5117
f 5078 5094 5117
f 5078 5083 5095
f 5078 5095 5094
f 5083 5071 5095
f 5071 5093 5095
f 5071 5072 6144
f 5071 6144 5093
f 5072 6134 6144
f 6134 6145 6144
f 6134 6137 6136
f 6134 6136 6145
f 6137 6129 6136
f 6129 6142 6136
f 6129 6128 6115
f 6129 6115 6142
f 6128 6118 6115
f 6118 6102 6115
f 6118 6123 6110
f 6118 6110 6102
f 6123 6081 6110
f 6081 6073 6110
f 6081 6072 6077
f 6081 6077 6073
f 6072 6078 6077
f 6078 6098 6077
f 6078 6075 6099
f 6078 6099 6098
f 6075 6080 6099
f 6080 6097 6099
f 6080 5883 5879
f 6080 5879 6097
f 5883 5878 5879
f 5878 5882 5879
f 5878 5889 5886
f 5878 5886 5882
f 5889 5915 5886
f 5915 5921 5886
f 5915 5910 5911
f 5915 5911 5921
f 5910 5918 5911
f 5918 5916 5911
f 5918 5912 5902
f 5918 5902 5916
f 5912 5909 5902
f 5909 5903 5902
f 5909 5771 5772
f 5909 5772 5903
f 5771 5776 5772
f 5776 5782 5772
f 5776 5785 5778
f 5776 5778 5782
f 5785 5770 5778
f 5770 5761 5778
f 5770 5767 5764
f 5770 5764 5761
f 5767 5769 5764
f 5769 5765 5764
f 5769 7707 7651
f 5769 7651 5765
f 7707 7711 7651
f 7711 7658 7651
f 7711 7721 7650
f 7711 7650 7658
f 7721 7710 7650
f 7710 7648 7650
f 7710 7698 7663
f 7710 7663 7648
f 7698 7699 7663
f 7699 7673 7663
f 7699 7696 7661
f 7699 7661 7673
f 7696 7786 7661
f 7786 7783 7661
f 7786 7782 7794
f 7786 7794 7783
f 7782 7793 7794
f 7793 7789 7794
f 7793 7771 7796
f 7793 7796 7789
f 7771 7767 7796
f 7767 7774 7796
f 7767 7780 7776
f 7767 7776 7774
f 7780 7976 7776
f 7976 7955 7776
f 7976 7983 7957
f 7976 7957 7955
f 7983 7987 7957
f 7987 7954 7957
f 7987 7971 7975
f 7987 7975 7954
f 7971 7973 7975
f 7973 7961 7975
f 7973 7974 7966
f 7973 7966 7961
f 7974 8102 7966
f 8102 8104 7966
f 8102 8106 8099
f 8102 8099 8104
f 8106 8101 8099
f 8101 8097 8099
f 8101 8072 8080
f 8101 8080 8097
f 8072 8071 8080
f 8071 8077 8080
f 8071 8069 8075
f 8071 8075 8077
f 8069 8074 8075
f 8074 8081 8075
f 8074 9601 9639
f 8074 9639 8081
f 9601 9606 9639
f 9606 9635 9639
f 9606 9607 9640
f 9606 9640 9635
f 9607 9608 9640
f 9608 9634 9640
f 9608 9620 9624
f 9608 9624 9634
f 9620 9621 9624
f 9621 9617 9624
f 9621 9622 9613
f 9621 9613 9617
f 9622 9646 9613
f 9646 9680 9613
f 9646 9671 9678
f 9646 9678 9680
f 9671 9672 9678
f 9672 9674 9678
f 9672 9661 9665
f 9672 9665 9674
f 9661 9662 9665
f 9662 9664 9665
f 9662 9660 9663
f 9662 9663 9664
f 9660 9738 9663
f 9738 9707 9663
f 9738 9742 9699
f 9738 9699 9707
f 9742 9736 9699
f 9736 9706 9699
f 9736 9729 9698
f 9736 9698 9706
f 9729 9692 9698
f 9692 9685 9698
f 9692 9747 9687
f 9692 9687 9685
f 9747 9752 9687
f 9752 9690 9687
f 9752 9783 9780
f 9752 9780 9690
f 9783 9778 9780
f 9778 9779 9780
f 9778 9788 9774
f 9778 9774 9779
f 9788 9766 9774
f 9766 9761 9774
f 9766 9767 9772
f 9766 9772 9761
f 9767 9760 9772
f 9760 9773 9772
f 5216 5215 5211
f 5216 5211 5207
f 5215 5214 5211
f 5214 5212 5211
f 5214 5185 5190
f 5214 5190 5212
f 5185 5186 5190
f 5186 5189 5190
f 5186 5187 5188
f 5186 5188 5189
f 5187 5180 5188
f 5180 5176 5188
f 5180 5246 5249
f 5180 5249 5176
f 5246 5244 5249
f 5244 5241 5249
f 5244 5245 5242
f 5244 5242 5241
f 5245 5230 5242
f 5230 5232 5242
f 5230 5234 5235
f 5230 5235 5232
f 5234 5233 5235
f 5233 5236 5235
f 5233 5137 5138
f 5233 5138 5236
f 5137 5131 5138
f 5131 5136 5138
f 5131 5132 5139
f 5131 5139 5136
f 5132 5122 5139
f 5122 5128 5139
f 5122 5116 5129
f 5122 5129 5128
f 5116 5117 5129
f 5117 5120 5129
f 5117 5094 5099
f 5117 5099 5120
f 5094 5095 5099
f 5095 5098 5099
f 5095 5093 5091
f 5095 5091 5098
f 5093 6144 5091
f 6144 5089 5091
f 6144 6145 6139
f 6144 6139 5089
f 6145 6136 6139
f 6136 6138 6139
f 6136 6142 6143
f 6136 6143 6138
f 6142 6115 6143
f 6115 6105 6143
f 6115 6102 6106
f 6115 6106 6105
f 6102 6110 6106
f 6110 6113 6106
f 6110 6073 6107
f 6110 6107 6113
f 6073 6077 6107
f 6077 6100 6107
f 6077 6098 6101
f 6077 6101 6100
f 6098 6099 6101
f 6099 6092 6101
f 6099 6097 6096
f 6099 6096 6092
f 6097 5879 6096
f 5879 5891 6096
f 5879 5882 5885
f 5879 5885 5891
f 5882 5886 5885
f 5886 5881 5885
f 5886 5921 5913
f 5886 5913 5881
f 5921 5911 5913
f 5911 5914 5913
f 5911 5916 5907
f 5911 5907 5914
f 5916 5902 5907
f 5902 5893 5907
f 5902 5903 5904
f 5902 5904 5893
f 5903 5772 5904
f 5772 5783 5904
f 5772 5782 5781
f 5772 5781 5783
f 5782 5778 5781
f 5778 5780 5781
f 5778 5761 5768
f 5778 5768 5780
f 5761 5764 5768
f 5764 5758 5768
f 5764 5765 5759
f 5764 5759 5758
f 5765 7651 5759
f 7651 7649 5759
f 7651 7658 7654
f 7651 7654 7649
f 7658 7650 7654
f 7650 7647 7654
f 7650 7648 7659
f 7650 7659 7647
f 7648 7663 7659
f 7663 7675 7659
f 7663 7673 7674
f 7663 7674 7675
f 7673 7661 7674
f 7661 7662 7674
f 7661 7783 7667
f 7661 7667 7662
f 7783 7794 7667
f 7794 7791 7667
f 7794 7789 7790
f 7794 7790 7791
f 7789 7796 7790
f 7796 7766 7790
f 7796 7774 7754
f 7796 7754 7766
f 7774 7776 7754
f 7776 7760 7754
f 7776 7955 7950
f 7776 7950 7760
f 7955 7957 7950
f 7957 7953 7950
f 7957 7954 7951
f 7957 7951 7953
f 7954 7975 7951
f 7975 7969 7951
f 7975 7961 7968
f 7975 7968 7969
f 7961 7966 7968
f 7966 7967 7968
f 7966 8104 8105
f 7966 8105 7967
f 8104 8099 8105
f 8099 8111 8105
f 8099 8097 8096
f 8099 8096 8111
f 8097 8080 8096
f 8080 8095 8096
f 8080 8077 8093
f 8080 8093 8095
f 8077 8075 8093
f 8075 8090 8093
f 8075 8081 8086
f 8075 8086 8090
f 8081 9639 8086
f 9639 9638 8086
f 9639 9635 9633
f 9639 9633 9638
f 9635 9640 9633
f 9640 9632 9633
f 9640 9634 9631
f 9640 9631 9632
f 9634 9624 9631
f 9624 9619 9631
f 9624 9617 9615
f 9624 9615 9619
f 9617 9613 9615
f 9613 9611 9615
f 9613 9680 9681
f 9613 9681 9611
f 9680 9678 9681
f 9678 9683 9681
f 9678 9674 9673
f 9678 9673 9683
f 9674 9665 9673
f 9665 9670 9673
f 9665 9664 9668
f 9665 9668 9670
f 9664 9663 9668
f 9663 9669 9668
f 9663 9707 9712
f 9663 9712 9669
f 9707 9699 9712
f 9699 9703 9712
f 9699 9706 9704
f 9699 9704 9703
f 9706 9698 9704
f 9698 9705 9704
f 9698 9685 9693
f 9698 9693 9705
f 9685 9687 9693
f 9687 9689 9693
f 9687 9690 9691
f 9687 9691 9689
f 9690 9780 9691
f 9780 9781 9691
f 9780 9779 9776
f 9780 9776 9781
f 9779 9774 9776
f 9774 9784 9776
f 9774 9761 9762
f 9774 9762 9784
f 9761 9772 9762
f 9772 9765 9762
f 9772 9773 9763
f 9772 9763 9765
f 5207 5211 5209
f 5211 5208 5209
f 5211 5212 5210
f 5211 5210 5208
f 5212 5190 5210
f 5190 5191 5210
f 5190 5189 5183
f 5190 5183 5191
f 5189 5188 5183
f 5188 5182 5183
f 5188 5176 5179
f 5188 5179 5182
f 5176 5249 5179
f 5249 5250 5179
f 5249 5241 5237
f 5249 5237 5250
f 5241 5242 5237
f 5242 5243 5237
f 5242 5232 5229
f 5242 5229 5243
f 5232 5235 5229
f 5235 5227 5229
f 5235 5236 5222
f 5235 5222 5227
f 5236 5138 5222
f 5138 5143 5222
f 5138 5136 5133
f 5138 5133 5143
f 5136 5139 5133
f 5139 5145 5133
f 5139 5128 5126
f 5139 5126 5145
f 5128 5129 5126
f 5129 5127 5126
f 5129 5120 5119
f 5129 5119 5127
f 5120 5099 5119
f 5099 5096 5119
f 5099 5098 5097
f 5099 5097 5096
f 5098 5091 5097
f 5091 5088 5097
f 5091 5089 5092
f 5091 5092 5088
f 5089 6139 5092
f 6139 6146 5092
f 6139 6138 6147
f 6139 6147 6146
f 6138 6143 6147
f 6143 6140 6147
f 6143 6105 6108
f 6143 6108 6140
f 6105 6106 6108
f 6106 6104 6108
f 6106 6113 6112
f 6106 6112 6104
f 6113 6107 6112
f 6107 6111 6112
f 6107 6100 6088
f 6107 6088 6111
f 6100 6101 6088
f 6101 6089 6088
f 6101 6092 6095
f 6101 6095 6089
f 6092 6096 6095
f 6096 6087 6095
f 6096 5891 5880
f 6096 5880 6087
f 5891 5885 5880
f 5885 5888 5880
f 5885 5881 5892
f 5885 5892 5888
f 5881 5913 5892
f 5913 5894 5892
f 5913 5914 5905
f 5913 5905 5894
f 5914 5907 5905
f 5907 5900 5905
f 5907 5893 5899
f 5907 5899 5900
f 5893 5904 5899
f 5904 5898 5899
f 5904 5783 5774
f 5904 5774 5898
f 5783 5781 5774
f 5781 5784 5774
f 5781 5780 5777
f 5781 5777 5784
f 5780 5768 5777
f 5768 5757 5777
f 5768 5758 5766
f 5768 5766 5757
f 5758 5759 5766
f 5759 5760 5766
f 5759 7649 7657
f 5759 7657 5760
f 7649 7654 7657
f 7654 7655 7657
f 7654 7647 7660
f 7654 7660 7655
f 7647 7659 7660
f 7659 7671 7660
f 7659 7675 7664
f 7659 7664 7671
f 7675 7674 7664
f 7674 7665 7664
f 7674 7662 7666
f 7674 7666 7665
f 7662 7667 7666
f 7667 7757 7666
f 7667 7791 7761
f 7667 7761 7757
f 7791 7790 7761
f 7790 7759 7761
f 7790 7766 7762
f 7790 7762 7759
f 7766 7754 7762
f 7754 7755 7762
f 7754 7760 7758
f 7754 7758 7755
f 7760 7950 7758
f 7950 7947 7758
f 7950 7953 7948
f 7950 7948 7947
f 7953 7951 7948
f 7951 7949 7948
f 7951 7969 7956
f 7951 7956 7949
f 7969 7968 7956
f 7968 7962 7956
f 7968 7967 7970
f 7968 7970 7962
f 7967 8105 7970
f 8105 8107 7970
f 8105 8111 8100
f 8105 8100 8107
f 8111 8096 8100
f 8096 8088 8100
f 8096 8095 8083
f 8096 8083 8088
f 8095 8093 8083
f 8093 8085 8083
f 8093 8090 8082
f 8093 8082 8085
f 8090 8086 8082
f 8086 8084 8082
f 8086 9638 9637
f 8086 9637 8084
f 9638 9633 9637
f 9633 9630 9637
f 9633 9632 9629
f 9633 9629 9630
f 9632 9631 9629
f 9631 9625 9629
f 9631 9619 9614
f 9631 9614 9625
f 9619 9615 9614
f 9615 9616 9614
f 9615 9611 9618
f 9615 9618 9616
f 9611 9681 9618
f 9681 9679 9618
f 9681 9683 9682
f 9681 9682 9679
f 9683 9673 9682
f 9673 9677 9682
f 9673 9670 9657
f 9673 9657 9677
f 9670 9668 9657
f 9668 9666 9657
f 9668 9669 9667
f 9668 9667 9666
f 9669 9712 9667
f 9712 9708 9667
f 9712 9703 9709
f 9712 9709 9708
f 9703 9704 9709
f 9704 9700 9709
f 9704 9705 9711
f 9704 9711 9700
f 9705 9693 9711
f 9693 9695 9711
f 9693 9689 9686
f 9693 9686 9695
f 9689 9691 9686
f 9691 9697 9686
f 9691 9781 9777
f 9691 9777 9697
f 9781 9776 9777
f 9776 9786 9777
f 9776 9784 9782
f 9776 9782 9786
f 9784 9762 9782
f 9762 9768 9782
f 9762 9765 9771
f 9762 9771 9768
f 9765 9763 9771
f 9763 9759 9771
f 5209 5208 5218
f 5209 5218 5220
f 5208 5210 5218
f 5210 5217 5218
f 5210 5191 5177
f 5210 5177 5217
f 5191 5183 5177
f 5183 5184 5177
f 5183 5182 5178
f 5183 5178 5184
f 5182 5179 5178
f 5179 5181 5178
f 5179 5250 5240
f 5179 5240 5181
f 5250 5237 5240
f 5237 5239 5240
f 5237 5243 5238
f 5237 5238 5239
f 5243 5229 5238
f 5229 5226 5238
f 5229 5227 5228
f 5229 5228 5226
f 5227 5222 5228
f 5222 5231 5228
f 5222 5143 5142
f 5222 5142 5231
f 5143 5133 5142
f 5133 5140 5142
f 5133 5145 5144
f 5133 5144 5140
f 5145 5126 5144
f 5126 5124 5144
f 5126 5127 5118
f 5126 5118 5124
f 5127 5119 5118
f 5119 5121 5118
f 5119 5096 5090
f 5119 5090 5121
f 5096 5097 5090
f 5097 5087 5090
f 5097 5088 5086
f 5097 5086 5087
f 5088 5092 5086
f 5092 5085 5086
f 5092 6146 6133
f 5092 6133 5085
f 6146 6147 6133
f 6147 6135 6133
f 6147 6140 6141
f 6147 6141 6135
f 6140 6108 6141
f 6108 6114 6141
f 6108 6104 6109
f 6108 6109 6114
f 6104 6112 6109
f 6112 6116 6109
f 6112 6111 6103
f 6112 6103 6116
f 6111 6088 6103
f 6088 6091 6103
f 6088 6089 6090
f 6088 6090 6091
f 6089 6095 6090
f 6095 6094 6090
f 6095 6087 6093
f 6095 6093 6094
f 6087 5880 6093
f 5880 5887 6093
f 5880 5888 5884
f 5880 5884 5887
f 5888 5892 5884
f 5892 5890 5884
f 5892 5894 5895
f 5892 5895 5890
f 5894 5905 5895
f 5905 5896 5895
f 5905 5900 5897
f 5905 5897 5896
f 5900 5899 5897
f 5899 5906 5897
f 5899 5898 5901
f 5899 5901 5906
f 5898 5774 5901
f 5774 5773 5901
f 5774 5784 5775
f 5774 5775 5773
f 5784 5777 5775
f 5777 5779 5775
f 5777 5757 5763
f 5777 5763 5779
f 5757 5766 5763
f 5766 5756 5763
f 5766 5760 5762
f 5766 5762 5756
f 5760 7657 5762
f 7657 7653 5762
f 7657 7655 7652
f 7657 7652 7653
f 7655 7660 7652
f 7660 7656 7652
f 7660 7671 7672
f 7660 7672 7656
f 7671 7664 7672
f 7664 7669 7672
f 7664 7665 7670
f 7664 7670 7669
f 7665 7666 7670
f 7666 7668 7670
f 7666 7757 7753
f 7666 7753 7668
f 7757 7761 7753
f 7761 7764 7753
f 7761 7759 7752
f 7761 7752 7764
f 7759 7762 7752
f 7762 7765 7752
f 7762 7755 7763
f 7762 7763 7765
f 7755 7758 7763
f 7758 7756 7763
f 7758 7947 7959
f 7758 7959 7756
f 7947 7948 7959
f 7948 7958 7959
f 7948 7949 7960
f 7948 7960 7958
f 7949 7956 7960
f 7956 7952 7960
f 7956 7962 7964
f 7956 7964 7952
f 7962 7970 7964
f 7970 7965 7964
f 7970 8107 8103
f 7970 8103 7965
f 8107 8100 8103
f 8100 8109 8103
f 8100 8088 8094
f 8100 8094 8109
f 8088 8083 8094
f 8083 8092 8094
f 8083 8085 8091
f 8083 8091 8092
f 8085 8082 8091
f 8082 8089 8091
f 8082 8084 8087
f 8082 8087 8089
f 8084 9637 8087
f 9637 9636 8087
f 9637 9630 9626
f 9637 9626 9636
f 9630 9629 9626
f 9629 9627 9626
f 9629 9625 9628
f 9629 9628 9627
f 9625 9614 9628
f 9614 9623 9628
f 9614 9616 9612
f 9614 9612 9623
f 9616 9618 9612
f 9618 9610 9612
f 9618 9679 9684
f 9618 9684 9610
f 9679 9682 9684
f 9682 9676 9684
f 9682 9677 9675
f 9682 9675 9676
f 9677 9657 9675
f 9657 9659 9675
f 9657 9666 9656
f 9657 9656 9659
f 9666 9667 9656
f 9667 9658 9656
f 9667 9708 9713
f 9667 9713 9658
f 9708 9709 9713
f 9709 9710 9713
f 9709 9700 9702
f 9709 9702 9710
f 9700 9711 9702
f 9711 9701 9702
f 9711 9695 9694
f 9711 9694 9701
f 9695 9686 9694
f 9686 9696 9694
f 9686 9697 9688
f 9686 9688 9696
f 9697 9777 9688
f 9777 9775 9688
f 9777 9786 9787
f 9777 9787 9775
f 9786 9782 9787
f 9782 9785 9787
f 9782 9768 9770
f 9782 9770 9785
f 9768 9771 9770
f 9771 9764 9770
f 9771 9759 9769
f 9771 9769 9764
